1,5.427596877,1.750389134,0
1,6.019091965,2.702734145,0
1,4.929137076,1.408867069,0
1,7.120810824,1.896654043,0
1,6.458357244,2.895231505,0
1,5.639027601,1.053950563,0
1,5.311266391,1.813016402,0
1,7.1537624,1.113190316,0
1,4.129855135,1.074348645,0
1,9.032669913,3.064503181,0
1,5.147428818,1.402417042,0
1,6.872775075,3.389036821,0
1,6.163066417,1.729593182,0
1,7.372586116,4.516765054,0
1,5.55564263,0.616610629,0
1,5.470928815,2.780573223,0
1,7.567563879,2.652914415,0
1,6.233404816,1.474139187,0
1,6.675351481,2.87570586,0
1,4.332037088,0.832844991,0
1,6.089549612,2.375946695,0
1,5.352252319,0.583653233,0
1,6.480755569,1.400872222,0
1,6.318757216,1.522428313,0
1,5.905985888,2.241185043,0
1,6.189738812,1.525799133,0
1,5.98090294,1.709295535,0
1,4.223379166,1.819733089,0
1,5.764228945,2.095966497,0
1,2.678087601,1.084910774,0
1,6.041924056,3.492878213,0
1,3.87842402,1.051807965,0
1,4.852558218,2.042859945,0
1,6.564362538,2.36188976,0
1,5.328950781,0.158939746,0
1,5.658471482,-0.924730759,0
1,6.5859415,2.727278128,0
1,5.586899563,1.57982217,0
1,4.702336382,2.000240651,0
1,8.563657164,0.362605397,0
1,3.593951428,1.992095187,0
1,6.092681173,1.57737049,0
1,3.122703774,-0.457731501,0
1,4.366195955,1.819200599,0
1,5.666151501,1.503363121,0
1,4.365228045,2.027764046,0
1,5.385503591,2.168600644,0
1,6.795131566,2.112336616,0
1,3.009182483,0.278843022,0
1,6.058789685,2.214643553,0
2,6.209715492,-1.039818326,0
2,4.725588043,-1.10993382,0
2,5.35732994,2.122583339,0
2,5.297277084,-0.037089433,0
2,6.418899806,-0.961958829,0
2,5.742662339,-0.429218166,0
2,5.632241732,0.866005845,0
2,5.236111926,0.719113419,0
2,3.176969009,-1.400508826,0
2,4.867336376,0.57962962,0
2,4.119240829,0.725611417,0
2,4.589262609,-2.297432681,0
2,6.265344029,0.45909196,0
2,4.670166486,-0.263293517,0
2,5.172381413,-0.455720234,0
2,4.998080689,-1.720998761,0
2,5.129571864,-1.627417701,0
2,5.402087499,2.321915554,0
2,5.250005443,-0.090280073,0
2,4.576164305,-1.208179215,0
2,5.11953496,-0.288335895,0
2,6.015249162,1.289312389,0
2,6.49288857,1.007832264,0
2,5.716710296,0.119299906,0
2,5.300288991,-0.606693175,0
2,5.83626179,-1.648185721,0
2,4.529030427,0.626440701,0
2,5.71005043,-0.210468397,0
2,5.22405762,-1.927646266,0
2,5.404385436,-0.660872999,0
2,5.006833633,0.531950288,0
2,5.354768869,-1.474655163,0
2,6.422250022,0.826925211,0
2,4.432007101,-1.003402015,0
2,5.745271487,0.844529831,0
2,6.728448955,-3.504699026,0
2,5.487326532,-0.266767176,0
2,5.602343664,0.038143309,0
2,5.915273966,-0.632771168,0
2,4.690744221,-0.255123407,0
2,4.706187563,1.524998159,0
2,5.377702494,0.914455698,0
2,5.2323209,-0.426759503,0
2,4.303045067,1.595301097,0
2,4.892298193,0.657542224,0
2,5.952255781,0.006761541,0
2,6.32856828,0.844710228,0
2,5.242188595,-1.579923674,0
2,5.344690073,-0.034781465,0
2,5.894534141,-1.776067442,0
3,5.086808743,-1.706932024,0
3,6.540951103,1.608740954,0
3,4.238956271,0.464765014,0
3,5.361861828,2.119444969,0
3,4.092769358,1.093813996,0
3,4.891368813,-1.023165285,0
3,4.216206537,-0.492730374,0
3,4.992241817,1.234029832,0
3,4.838135867,-0.087157611,0
3,4.63664809,-0.220481803,0
3,4.137680369,-0.230448339,0
3,4.839708514,0.780275182,0
3,5.208746132,1.965174536,0
3,4.562510777,0.975028031,0
3,4.150101825,0.255720851,0
3,4.662014971,-0.076423632,0
3,5.537738486,1.413468267,0
3,5.55808332,1.196747155,0
3,7.297982514,2.20282414,0
3,5.289225561,2.487561747,0
3,6.080529532,-0.179350852,0
3,4.113328987,0.045099661,0
3,5.538382796,1.655856461,0
3,6.053174307,1.077089098,0
3,5.023624576,0.738404959,0
3,6.013488541,2.100180215,0
3,6.502500794,1.519894734,0
3,5.622908615,0.502302619,0
3,4.836237968,0.671201789,0
3,4.635825015,1.167283114,0
3,5.491208386,2.070365915,0
3,5.341582385,-0.032619361,0
3,5.254597925,1.496646874,0
3,4.621569787,1.577569226,0
3,4.923612762,-0.204323479,0
3,4.930175876,1.591292081,0
3,5.761643267,0.767243231,0
3,5.135759077,1.326611809,0
3,4.043780314,1.243067275,0
3,6.091812291,0.960510496,0
3,6.557723546,0.380791727,0
3,3.980499626,-0.49231782,0
3,4.594689342,-0.024488358,0
3,4.866222946,0.572922236,0
3,4.006895047,-0.136318274,0
3,5.307909933,-0.751837563,0
3,5.86826228,0.249509868,0
3,5.932213382,1.619305243,0
3,5.539106163,-0.012190959,0
3,6.802689482,1.567867301,0
4,5.233056207,1.5620788,0
4,5.280833237,-0.232893571,0
4,5.802480769,0.308271055,0
4,4.947453793,0.255214298,0
4,4.902008226,-0.288280262,0
4,6.063635019,1.893350316,0
4,5.328741394,0.785624656,0
4,5.060814084,0.812863764,0
4,4.84310894,-0.862623881,0
4,5.083203826,0.359235856,0
4,4.806061001,0.936326317,0
4,4.999658117,0.299697939,0
4,5.203084626,1.286008742,0
4,5.444501564,1.768908887,0
4,5.51448799,-0.091715759,0
4,5.807419586,0.89597435,0
4,4.836892033,0.491960886,0
4,5.143219698,0.218156874,0
4,4.915674401,0.709537634,0
4,5.159419824,0.634229581,0
4,5.015163665,1.70175971,0
4,4.916062691,-0.363739283,0
4,5.653244073,0.856017111,0
4,4.756323177,-0.406137414,0
4,5.315428075,1.111151243,0
4,4.934985652,-0.286681927,0
4,5.019376011,0.775082861,0
4,5.494419907,1.2125472,0
4,5.254434138,0.725095713,0
4,4.673126469,1.041960396,0
4,6.044149842,1.643249286,0
4,3.775926545,-2.327679948,0
4,4.644305851,-0.39010087,0
4,4.235897475,0.629946883,0
4,5.785611858,2.62364068,0
4,4.599859914,1.352096254,0
4,5.400367654,0.899026178,0
4,4.856689194,0.48686416,0
4,4.793341426,0.743515758,0
4,4.997145276,0.098808104,0
4,5.238591264,0.255601938,0
4,4.970011185,0.352394232,0
4,5.229824619,1.494804607,0
4,5.54274291,1.858314466,0
4,4.713074846,-0.337552474,0
4,5.137863673,0.912686896,0
4,5.209664144,-0.21226461,0
4,5.542295371,0.281357972,0
4,4.724838,-0.275953331,0
4,5.744638407,1.76949337,0
5,4.473592031,0.582612762,0
5,4.754691583,-2.216291231,0
5,4.797399123,1.994851806,0
5,5.39985791,-1.368157063,0
5,4.205359433,-0.254555533,0
5,3.076167646,-1.919098432,0
5,4.526894181,0.338428125,0
5,4.418429672,-1.010210584,0
5,4.26614409,-1.480273116,0
5,3.859088809,-0.532989902,0
5,5.091548788,-1.009546978,0
5,4.048892132,-2.095815215,0
5,3.932936373,-0.398426555,0
5,4.439572372,-1.508697833,0
5,4.817891746,0.196708451,0
5,4.640671098,-0.294336038,0
5,5.577605436,0.534042054,0
5,4.38228085,-2.061027321,0
5,4.079347883,-0.470946279,0
5,5.2951959,-1.202678204,0
5,3.531252025,-2.113715494,0
5,4.674795718,-0.987159404,0
5,4.355614022,-1.330231506,0
5,5.087867162,-0.389233735,0
5,3.458912749,-0.799546763,0
5,3.132596234,-0.954618477,0
5,4.310449476,-0.286401714,0
5,5.018948988,-0.351424035,0
5,4.450285085,-1.344387291,0
5,4.03848511,-1.337098423,0
5,3.747900787,-0.406530091,0
5,3.751082155,-2.619071681,0
5,4.090917039,-0.550499474,0
5,3.322835203,-0.168594604,0
5,4.187940272,-1.610438847,0
5,4.682070593,0.392715942,0
5,4.505165331,-0.854514609,0
5,3.778919597,-1.266338644,0
5,4.358205513,-2.279050964,0
5,4.546346601,0.158275809,0
5,4.680019918,-0.311710209,0
5,4.195370671,-0.306750823,0
5,5.501675813,1.439588275,0
5,4.17752782,0.856275941,0
5,4.72125431,-1.341087592,0
5,4.796529519,1.18359091,0
5,3.225525285,-0.267620289,0
5,4.388456502,-0.824170236,0
5,4.345979595,-0.403863517,0
5,4.854430214,-1.634094908,0
6,4.308363633,0.697361711,0
6,4.447119983,-0.636995078,0
6,5.08407348,-1.945899915,0
6,3.705360089,0.326433385,0
6,4.259449433,0.679411355,0
6,4.420016307,-0.360257548,0
6,4.74976228,-0.959331361,0
6,3.994708615,1.098996229,0
6,3.410669567,0.10182237,0
6,4.623337058,-0.343751258,0
6,4.935977107,-0.475324752,0
6,4.405427761,-0.697382371,0
6,3.938465522,2.276468128,0
6,4.683170603,-0.973813182,0
6,5.284123186,-1.346826438,0
6,4.165595264,-1.082948387,0
6,5.274953003,-1.249276539,0
6,4.989662651,-1.280160055,0
6,4.683856614,0.238080825,0
6,4.2964407,0.005709746,0
6,4.515550775,-0.450205693,0
6,4.220322004,-0.424764985,0
6,4.95815077,-1.037892325,0
6,4.131973551,0.312291102,0
6,4.486112683,-1.084787598,0
6,4.668352188,-0.920891566,0
6,3.984059292,1.612557039,0
6,4.197179328,-0.895272284,0
6,3.256824681,1.28922265,0
6,4.312230562,-0.005973768,0
6,4.191163125,-0.012695825,0
6,4.900950879,-1.873830136,0
6,4.1993411,0.217291382,0
6,5.114923768,-0.660734063,0
6,4.553373669,0.87485692,0
6,4.291252567,0.550001187,0
6,5.752572836,-2.405798045,0
6,3.466638874,-0.248023844,0
6,4.558750796,0.279946379,0
6,4.230243253,0.268250106,0
6,3.985823903,1.326011581,0
6,5.187071744,-1.285099636,0
6,4.194613836,1.423381876,0
6,4.762007263,-1.245747845,0
6,3.936166476,-0.294383394,0
6,4.116703463,1.061442553,0
6,5.025170964,-1.597533374,0
6,3.873982184,0.459961634,0
6,3.887211177,0.492891596,0
6,4.550309373,0.508080124,0
7,5.190354956,2.969931771,1
7,4.414614507,0.323683755,1
7,4.978503279,1.723813326,1
7,5.079153222,1.311107857,1
7,5.177226602,2.417687048,1
7,5.637856861,2.600308443,1
7,5.941536628,3.475727341,1
7,5.135680993,0.074226577,1
7,5.830795602,2.406479589,1
7,6.153362288,2.84522302,1
7,4.78215225,-0.352039447,1
7,6.204360696,1.476309798,1
7,5.134125953,3.784429568,1
7,6.36055295,2.111656563,1
7,5.339535475,1.304473047,1
7,5.95709396,2.39456393,1
7,4.927199003,1.179152197,1
7,6.387805961,2.70421562,1
7,5.540692499,1.816818222,1
7,5.280081173,0.430442051,1
7,5.309939559,0.52220179,1
7,5.575728015,1.25386431,1
7,5.810015924,1.570338489,1
7,5.949583029,2.529052251,1
7,5.622541943,1.56591288,1
7,5.665946291,1.59614854,1
7,5.479088051,2.947723579,1
7,4.624201483,0.200426872,1
7,5.902152494,2.344166507,1
7,5.747485893,1.414282455,1
7,5.709310797,0.578019544,1
7,6.323352771,2.856979492,1
7,5.133916019,-0.177787842,1
7,6.535739686,2.761362718,1
7,4.993596069,1.688690425,1
7,4.341961074,1.413055895,1
7,5.841623336,1.202857472,1
7,5.331126029,2.634170108,1
7,5.513490604,2.899542225,1
7,5.356513511,2.649877082,1
7,5.306115571,1.749231289,1
7,6.331556138,1.852104483,1
7,4.949398225,1.594758849,1
7,5.670129788,2.007858701,1
7,4.421015265,1.085666024,1
7,5.027445571,1.086785454,1
7,5.852738426,1.825339458,1
7,4.936058865,1.592650213,1
7,5.590549476,1.617288662,1
7,5.612368641,3.134152565,1
8,3.995920251,0.898474262,0
8,4.390932799,2.254537467,0
8,4.710789658,2.004513742,0
8,4.388891369,2.609130352,0
8,3.995226414,1.752715697,0
8,4.659369504,2.350537876,0
8,4.461095057,0.308280381,0
8,3.443870574,-0.479423825,0
8,3.454853435,1.556734397,0
8,3.100232528,1.492895975,0
8,4.619579341,0.547267734,0
8,4.368170623,1.18935032,0
8,5.390521983,1.224565558,0
8,5.107788255,1.922017459,0
8,4.179845831,1.361993028,0
8,3.693567579,0.930225207,0
8,3.67387011,-0.52539154,0
8,4.125366667,0.081672962,0
8,3.630045349,2.42431884,0
8,5.069553732,1.539613472,0
8,3.336662729,1.502120302,0
8,3.395296036,0.531179306,0
8,4.739769069,2.562382451,0
8,5.002287287,3.729639707,0
8,3.539973343,0.184961176,0
8,4.124843124,1.472445338,0
8,4.025230606,1.540815977,0
8,3.369379366,0.315015643,0
8,3.952522152,1.427058427,0
8,4.324348176,1.043786195,0
8,4.253787794,1.34961304,0
8,4.024625328,2.795616598,0
8,5.081280147,3.732484942,0
8,4.618478587,1.720082936,0
8,4.97860602,0.388892288,0
8,3.29689598,0.341744373,0
8,5.046830346,2.443028625,0
8,4.275271031,2.809175677,0
8,2.660124586,1.485019581,0
8,3.873667334,2.347876562,0
8,4.059099892,1.482697749,0
8,3.759672816,1.015835586,0
8,4.738905893,2.475379688,0
8,4.492118162,-0.53912012,0
8,4.849982576,2.084285314,0
8,3.669618001,1.096212439,0
8,4.060754052,1.61472267,0
8,4.033155873,1.562702937,0
8,4.488399786,1.70492013,0
8,4.669371005,1.661238799,0
9,5.882870148,-0.497321857,0
9,4.524365037,-2.082750453,0
9,1.952878932,-2.348673029,0
9,9.019937958,-1.133861619,0
9,7.504478627,-2.109611727,0
9,3.775386825,-3.155388945,0
9,6.626044198,-1.05339488,0
9,4.717957454,-1.96909326,0
9,3.887244448,-1.442067664,0
9,5.718382052,-1.552480233,0
9,5.093002332,-1.328544378,0
9,5.448574383,-2.180996019,0
9,5.655247284,-2.046953427,0
9,6.067936401,-2.522880726,0
9,7.6908314,-2.081008408,0
9,6.100206043,-3.378849296,0
9,4.336198235,-1.341085738,0
9,4.828592683,-1.520649501,0
9,8.127476882,-0.837556886,0
9,6.609170175,0.078548059,0
9,7.124259105,-1.304109582,0
9,6.804024248,-1.134312957,0
9,3.362373267,0.213466587,0
9,6.924907775,-1.110313392,0
9,5.097342986,-0.410781405,0
9,5.186540132,-2.96955354,0
9,6.218214015,-0.27702196,0
9,5.956590654,-2.500298271,0
9,4.898964173,0.490860803,0
9,5.425794512,-1.988045904,0
9,4.09600872,-0.852149026,0
9,5.70742776,-0.933991066,0
9,3.978053287,-1.894154874,0
9,6.356675899,-1.981492845,0
9,5.524510425,-0.654217967,0
9,4.765396278,-1.841638717,0
9,6.447286944,-2.479087947,0
9,6.859378553,-1.559860147,0
9,7.63571175,-1.602055268,0
9,6.805004119,-0.615062318,0
9,5.735818983,-1.402506859,0
9,4.815406337,-2.18276352,0
9,5.807103311,-1.837668688,0
9,4.452842671,-2.828097636,0
9,6.855924226,0.184008955,0
9,5.775695073,-1.677213599,0
9,7.168210246,-0.682693324,0
9,6.688362137,-0.953044877,0
9,5.729963416,-1.560745849,0
9,5.808778526,-1.30698118,0
10,2.718938724,-1.233103055,1
10,5.348241159,-1.276623411,1
10,0.686342167,-2.372960601,1
10,4.160970505,-0.229739246,1
10,5.84550136,-0.591602655,1
10,4.078018158,0.627458771,1
10,4.537566735,-0.910044351,1
10,3.842543981,-0.760621626,1
10,5.496147555,-0.170072655,1
10,6.954672346,0.749520197,1
10,3.151765892,-1.627346434,1
10,6.084347702,-0.916981425,1
10,1.469814881,-2.202954034,1
10,7.318671839,0.717218657,1
10,4.918764065,-1.358678296,1
10,3.494972244,-0.986385319,1
10,5.799782791,0.07571751,1
10,5.276147379,-2.995075363,1
10,5.850005713,0.15495479,1
10,6.428272679,-0.402229683,1
10,4.526717088,-0.806545965,1
10,5.742139886,-1.127206561,1
10,5.405259611,0.622745229,1
10,5.902314069,-1.008670683,1
10,5.241713735,0.342718315,1
10,7.023720214,-2.046030872,1
10,7.559032362,0.74683621,1
10,7.206229053,0.054915746,1
10,3.995663074,0.011885514,1
10,6.95273679,-0.836384072,1
10,5.837260778,0.669251153,1
10,3.067656059,2.113277279,1
10,5.557418698,-0.30188531,1
10,7.122997936,1.222763628,1
10,5.537474987,0.920320666,1
10,7.049663163,-2.07521462,1
10,4.793606116,0.285664152,1
10,5.200360677,-1.483958842,1
10,6.098478217,-0.036847855,1
10,3.685426037,-0.023743148,1
10,8.528847069,0.84901833,1
10,5.678449264,-1.879425144,1
10,5.865282866,-1.02385817,1
10,6.303457516,0.342580385,1
10,5.002989305,0.047879484,1
10,8.104246986,1.629977585,1
10,4.316868104,0.718002759,1
10,3.534779464,0.21738112,1
10,6.368250524,0.482614994,1
10,6.832063113,1.284882201,1
11,6.53685037,-1.266224332,0
11,4.819279625,1.256866997,0
11,5.159332212,-0.39597655,0
11,4.887383946,-0.063097701,0
11,5.895698416,-1.872429571,0
11,4.485222461,-0.91837958,0
11,5.305836374,-1.61746943,0
11,6.625406724,-0.991752515,0
11,4.895476213,0.230381865,0
11,5.668280299,-0.260486494,0
11,5.910840264,-1.523517821,0
11,6.271303019,-1.756454418,0
11,5.515350558,-1.281710534,0
11,4.671388858,-0.419957353,0
11,6.226600133,1.039082091,0
11,5.070770775,-0.776359677,0
11,6.70369944,-3.585318275,0
11,5.03114672,-2.197767098,0
11,5.491107999,-0.399422444,0
11,3.872903092,0.29419316,0
11,6.066744751,-1.051596264,0
11,6.23802967,-2.352150051,0
11,6.136429993,-0.689038758,0
11,6.018733389,-1.467397794,0
11,5.816701027,-1.545282804,0
11,4.654689314,-0.467318313,0
11,5.067874445,-2.886984061,0
11,4.673152162,0.815819059,0
11,4.8329307,1.256308736,0
11,3.847604426,0.247403568,0
11,5.297984445,-1.627344203,0
11,5.971544225,-0.243919826,0
11,3.019522464,0.762269349,0
11,4.471637206,0.171285874,0
11,5.890983644,-2.315713605,0
11,5.240163585,-1.31196648,0
11,6.464592639,-1.65544268,0
11,5.23985503,-0.743325091,0
11,4.704864957,0.851160588,0
11,5.56524227,-1.962292795,0
11,5.891170574,-1.056703443,0
11,5.016360695,1.112147152,0
11,4.858985879,-0.631370227,0
11,4.804492692,-1.182983362,0
11,5.781701305,-0.864524262,0
11,2.527418187,-1.614970856,0
11,7.719749799,-1.773691466,0
11,5.674179065,-0.823614309,0
11,5.150452314,-0.328977197,0
11,4.694148912,0.138604757,0
12,4.378986788,1.124457431,0
12,4.248331783,1.853541174,0
12,6.683986133,0.561670513,0
12,4.878878812,0.28915575,0
12,4.085005715,-0.253391098,0
12,5.023483253,0.333097246,0
12,3.741730061,0.383894012,0
12,4.224181771,0.385110842,0
12,4.901441579,1.550205366,0
12,3.666935556,0.010501534,0
12,4.716443836,-1.13058745,0
12,5.432050384,-1.039169646,0
12,4.123361125,-0.624154967,0
12,4.794685709,-0.24653928,0
12,3.568041356,0.676203445,0
12,3.76239024,1.063079921,0
12,5.324437444,-0.93141572,0
12,6.378343722,-0.166880909,0
12,5.647803236,-1.515896325,0
12,6.211193341,1.34901018,0
12,4.773540534,0.86300133,0
12,6.655095231,-0.335849822,0
12,4.219986266,0.920266166,0
12,6.073705084,1.392972341,0
12,4.637785293,-1.641307397,0
12,5.747540262,2.075427531,0
12,4.067578716,-1.151016792,0
12,5.753147982,0.886240882,0
12,3.281825756,0.78055744,0
12,5.904854116,-0.361724734,0
12,3.613652877,0.004429746,0
12,6.454490938,-0.955397789,0
12,3.463180333,-0.698448048,0
12,3.467453825,-1.1836416,0
12,5.965492798,-0.782863983,0
12,4.873800568,0.05995843,0
12,4.690743427,-0.265755233,0
12,1.770524493,-1.69107997,0
12,4.011074915,-1.776262945,0
12,3.634562326,0.116438784,0
12,4.239162614,0.937894044,0
12,3.656695148,-1.887168452,0
12,5.062394683,1.012222011,0
12,4.06916283,1.589715833,0
12,3.820401074,-0.375333824,0
12,5.471992344,0.318498152,0
12,5.478053901,0.696814979,0
12,4.379333126,0.221149185,0
12,5.361492353,-1.01279132,0
12,4.733527066,1.271771911,0
13,6.083007283,0.653596991,0
13,5.685063398,-0.071952881,0
13,5.389256011,-2.491229503,0
13,5.80992,0.480346065,0
13,7.362123402,-0.643036438,0
13,5.402332199,1.477308989,0
13,6.488409801,0.742385574,0
13,7.095188303,0.528532484,0
13,6.320284159,0.118248495,0
13,6.068176828,0.968576144,0
13,6.412732755,1.092879043,0
13,5.679988247,0.050616054,0
13,4.673894837,0.930124585,0
13,6.573365118,-0.207468723,0
13,4.815756284,-1.286932547,0
13,5.529173539,-0.202916056,0
13,5.163186961,0.779403021,0
13,4.703933465,0.552931395,0
13,5.599873904,0.323401482,0
13,5.913637167,1.804308368,0
13,5.898135847,-0.801049609,0
13,5.850289742,0.641556029,0
13,5.121398977,-0.237739923,0
13,3.880998254,-2.82434264,0
13,4.111163307,-1.336892797,0
13,5.993687531,0.445825268,0
13,4.742630149,0.260684864,0
13,5.509450351,-0.963014984,0
13,4.938794327,-0.419874031,0
13,6.01575419,-0.021765059,0
13,3.84178981,0.309254448,0
13,6.559937899,1.518846214,0
13,6.483174996,2.393455749,0
13,5.51982813,1.750217996,0
13,6.465471421,-0.177332342,0
13,6.308602059,-0.135272707,0
13,5.491619929,-0.034259298,0
13,5.09476907,1.864065795,0
13,6.087617197,1.073433863,0
13,6.200555382,0.861029706,0
13,5.578543892,-0.590216553,0
13,4.801197252,0.405114939,0
13,5.17033842,-2.123086492,0
13,5.922661933,1.31343274,0
13,4.542951457,-0.968068005,0
13,4.37932931,0.287115367,0
13,5.724114722,1.22189746,0
13,5.822109814,-0.251322011,0
13,5.217421561,-0.852008304,0
13,7.450142613,1.205597095,0
14,2.868002232,-1.691581992,0
14,4.290153465,1.152324904,0
14,4.138016936,-1.020022496,0
14,3.927144082,-0.417704318,0
14,4.209999986,-0.917423111,0
14,4.880776802,0.416028667,0
14,4.02795124,-0.475852974,0
14,3.271749435,-0.136481466,0
14,2.50457824,-1.820062903,0
14,3.376324338,-1.607992782,0
14,4.525117631,0.127181648,0
14,2.217479538,-2.911414007,0
14,3.464092305,-0.379174389,0
14,5.119172894,0.835832236,0
14,5.137639185,-1.237197124,0
14,4.280395181,-0.615131432,0
14,3.941866089,-1.299140206,0
14,3.345525042,-1.630525213,0
14,3.898077215,-1.130569272,0
14,3.952840706,-0.514661853,0
14,3.649975406,-1.176207742,0
14,4.735928416,-0.170321673,0
14,5.214759352,0.525594821,0
14,2.743330685,-1.362276397,0
14,4.089315603,-0.406369151,0
14,4.020882431,-0.834557748,0
14,4.352099618,-0.956785244,0
14,4.613309372,-0.9832172,0
14,3.658663837,-1.220480733,0
14,2.510252467,-3.423582775,0
14,3.960913947,0.643060043,0
14,2.883281105,-0.865312272,0
14,4.310058917,-0.678429362,0
14,2.355526538,-2.101297114,0
14,3.438199431,-0.234872453,0
14,4.262810543,-0.36883819,0
14,3.817507167,-1.414296872,0
14,4.077259084,-1.519386834,0
14,4.116589802,-0.095022898,0
14,4.430300445,-0.408873928,0
14,3.282461057,-1.361116635,0
14,4.392501583,0.407837806,0
14,4.755620566,-1.77556044,0
14,5.159947152,0.290286341,0
14,3.711696203,-1.012646577,0
14,3.191673263,-1.578858947,0
14,3.173472121,-0.424769744,0
14,4.145166264,-1.00713033,0
14,5.818727068,1.707120743,0
14,4.234219979,-0.676864195,0
15,6.136775125,-1.520721197,0
15,5.036434514,-0.716423797,0
15,5.318549963,0.89650104,0
15,5.810093366,0.406205933,0
15,5.244739483,0.678505867,0
15,6.813032691,-0.352401663,0
15,4.264951916,1.409604632,0
15,3.894907602,0.443549446,0
15,5.376082503,-1.418694292,0
15,6.145163427,1.545172066,0
15,5.790046949,1.524714671,0
15,5.028322227,-0.775667639,0
15,5.146645824,-0.005221592,0
15,5.892524251,0.204764554,0
15,4.841609212,0.045348436,0
15,5.942830371,0.608848288,0
15,4.57024984,-0.1362624,0
15,4.522086363,-1.041208191,0
15,5.615433609,1.618225203,0
15,4.299137442,0.108274941,0
15,5.041276549,-0.632558101,0
15,4.696551786,-1.061956328,0
15,5.797054079,0.997287517,0
15,5.030767158,-0.273582092,0
15,5.230439196,-2.096395286,0
15,5.485812025,-0.995130295,0
15,5.761362403,-0.116588182,0
15,5.611491968,0.358918998,0
15,4.942242218,2.134466474,0
15,5.863515278,0.326443577,0
15,3.893236817,-0.999840557,0
15,4.911122517,-0.838570678,0
15,4.847052436,0.579726424,0
15,5.811964857,0.476663974,0
15,6.275273286,0.551580482,0
15,4.419412108,-0.026092599,0
15,4.26617725,-1.7224016,0
15,6.21240661,0.848113417,0
15,5.616026581,0.785817021,0
15,4.800378124,-0.670590495,0
15,4.912089036,-0.083653842,0
15,7.020693337,-3.015651727,0
15,5.929700793,-0.41558503,0
15,5.722912698,0.678442528,0
15,5.223146212,0.463015995,0
15,5.474399007,0.678736373,0
15,4.063959767,1.526899635,0
15,5.352282506,0.433664213,0
15,5.143756412,-0.220188869,0
15,5.963960279,-1.589319958,0
16,6.763286693,2.374462974,0
16,3.191710541,1.571364326,0
16,2.910469584,0.895578096,0
16,6.827233051,1.882673326,0
16,6.553521426,2.757663394,0
16,5.82855673,4.811139331,0
16,4.009209874,1.915116172,0
16,3.420729584,2.952732484,0
16,2.25339484,-0.142068191,0
16,5.194896096,0.946537847,0
16,2.346559811,1.578653715,0
16,4.411134092,3.160436903,0
16,5.311197296,4.331809797,0
16,4.223997074,-0.922175146,0
16,6.920397917,1.389412036,0
16,5.629548547,0.81142471,0
16,2.318697038,0.247490615,0
16,5.690194653,1.62352647,0
16,6.632069286,1.360405346,0
16,3.24814816,2.653350579,0
16,3.780797632,1.94714756,0
16,2.835818358,2.424818851,0
16,3.229165348,1.173546616,0
16,6.361774588,0.960472489,0
16,5.092096897,2.217826807,0
16,4.11925142,2.617021481,0
16,5.659527912,0.969968504,0
16,0.447922995,3.117188297,0
16,4.120115625,1.584227015,0
16,3.995874268,1.187655688,0
16,1.846619076,0.819397947,0
16,6.649908348,1.878341665,0
16,7.811835783,2.378460825,0
16,5.788191013,1.925928321,0
16,1.576472336,1.502176372,0
16,3.407354993,1.236131544,0
16,2.375493671,2.073771924,0
16,4.495417182,1.661873495,0
16,4.782992077,1.866071437,0
16,5.671171013,0.991619112,0
16,1.645942711,2.957656831,0
16,7.641642755,3.541524096,0
16,4.970721592,1.981409635,0
16,5.428867518,0.98251148,0
16,6.161961818,2.38718188,0
16,7.393385943,2.623018835,0
16,4.051690416,2.887382004,0
16,4.086724566,3.142258337,0
16,5.494528752,1.386745884,0
16,3.763395497,2.069917726,0
17,6.709748859,-0.506772432,0
17,4.400910528,-0.423744358,0
17,4.83680539,-0.709165599,0
17,3.579398665,0.615627792,0
17,6.291235695,-1.940554969,0
17,5.964949666,-0.877219642,0
17,3.711811347,-0.418430277,0
17,7.117838968,0.122897381,0
17,4.739356358,-1.593095331,0
17,5.012582954,-0.503625581,0
17,5.390560796,0.927826807,0
17,4.605735138,-0.600541312,0
17,5.196004529,-0.336076583,0
17,5.982447673,-1.245431079,0
17,5.734702533,-0.57274765,0
17,2.826969011,-1.140989148,0
17,2.715401637,-0.503859164,0
17,6.437210312,0.165247969,0
17,7.605053636,-0.192813093,0
17,3.279141182,-0.020307398,0
17,5.424123949,-0.120097388,0
17,5.899944476,-2.67567287,0
17,3.933845807,-1.268858638,0
17,5.208731034,-1.765920345,0
17,3.98549696,-0.130742774,0
17,1.870266966,0.143633635,0
17,3.028648421,-0.602503178,0
17,4.066126108,-0.653916139,0
17,6.141176546,-0.69323488,0
17,1.604064514,-0.32576827,0
17,5.251224391,-0.853464314,0
17,7.890915798,-2.926448507,0
17,1.151603709,-0.51869704,0
17,5.540686278,-1.357897659,0
17,4.275657493,-1.027026102,0
17,3.835288058,-0.755371942,0
17,8.338563211,-2.464723083,0
17,4.721277522,1.672518602,0
17,4.937831392,1.646515224,0
17,4.952375067,-0.137418883,0
17,7.456186593,0.670183276,0
17,7.381058913,-0.579490448,0
17,7.535891854,-0.168663123,0
17,4.929322125,0.336253874,0
17,3.114348945,-0.446825964,0
17,5.259441769,0.277921166,0
17,3.707453279,-2.111511711,0
17,5.222826671,-0.422674063,0
17,6.532473025,-0.717847919,0
17,7.37878873,-0.391318653,0
18,4.972343286,-0.731921181,0
18,6.459888134,-0.197917773,0
18,5.253051915,-0.961288306,0
18,5.376485522,-1.17904446,0
18,5.20523388,-1.995562446,0
18,6.426138792,0.0292245,0
18,6.041243562,-0.524345049,0
18,4.734806325,-0.886458714,0
18,6.565111058,-0.446605257,0
18,6.318359177,-0.770966791,0
18,6.053796089,-0.59463098,0
18,5.836082799,-0.665269132,0
18,6.547239808,0.661105734,0
18,6.900125531,-0.021726776,0
18,7.146952255,1.06300666,0
18,6.242140092,-0.297642866,0
18,6.542875846,0.109507316,0
18,5.671438251,0.293183547,0
18,5.399606492,-1.167598401,0
18,6.311400802,-0.518511752,0
18,6.362645182,-0.801058285,0
18,5.421208472,-0.208499674,0
18,4.842879817,-1.024628363,0
18,6.701076758,-1.061143327,0
18,5.734642896,-0.841174559,0
18,4.21806263,-1.287502026,0
18,5.815763349,-0.179770829,0
18,5.123329305,-2.169225347,0
18,5.751333003,-1.329025602,0
18,4.89394343,-1.282741646,0
18,6.953190171,1.266278377,0
18,6.226793414,-1.006189416,0
18,5.385416017,-1.326787444,0
18,5.278686271,-1.502419326,0
18,4.745473712,-1.250376636,0
18,5.507691602,-0.407129657,0
18,5.991481106,-0.890158097,0
18,4.64301932,-1.567313304,0
18,7.048771174,1.334900514,0
18,5.083290837,-2.394763254,0
18,4.775637148,-0.916441494,0
18,5.754097498,-1.071807259,0
18,5.509911969,0.424522814,0
18,5.858706815,0.321927251,0
18,5.57163001,-1.258341433,0
18,6.325113251,0.259814305,0
18,4.504843127,-2.717144616,0
18,5.349293433,1.147382816,0
18,5.692573775,-1.543488261,0
18,5.95664339,-1.137066027,0
19,6.793049436,-1.326723577,1
19,4.690690522,-0.635590738,1
19,6.574972739,0.583273369,1
19,4.116877819,-1.317912471,1
19,5.252279832,-1.098995224,1
19,5.268601615,1.639406384,1
19,6.27761492,0.86205511,1
19,3.783114886,-0.759325055,1
19,4.775655935,-1.74255953,1
19,5.862155482,0.469910769,1
19,4.756870065,-0.374838322,1
19,3.115139349,-0.328936609,1
19,5.49997964,0.974226404,1
19,5.143131291,-0.747853783,1
19,4.154763101,-0.267236613,1
19,5.210902532,-0.598359145,1
19,5.164924314,0.423256789,1
19,4.543675756,-1.094292277,1
19,3.092536283,-0.341869468,1
19,3.55648513,-1.597193973,1
19,5.795566701,-0.539504155,1
19,6.49198599,0.920759462,1
19,4.175843942,-1.681139041,1
19,6.782518148,0.141051846,1
19,6.608642207,0.102463103,1
19,6.044900961,0.627938406,1
19,4.278009608,-0.569780252,1
19,5.274033235,-0.989681915,1
19,4.688792379,-0.526789538,1
19,6.164392182,1.721914622,1
19,5.815175416,-0.450877641,1
19,4.961452364,0.025648893,1
19,4.029617519,-1.515551009,1
19,5.006564857,1.568295535,1
19,4.557800469,0.97403431,1
19,5.40215453,0.114153139,1
19,5.998062147,-1.17622836,1
19,3.699904446,-1.406023094,1
19,4.842868992,-1.326290153,1
19,4.470060202,-1.796832717,1
19,4.00734932,1.485552996,1
19,4.667399937,-0.883707146,1
19,5.54840903,-0.577437644,1
19,4.679974303,-2.294714241,1
19,5.691067591,-0.30561877,1
19,4.426031318,-0.399290952,1
19,5.781488963,-0.602598123,1
19,5.660998308,-1.253808292,1
19,4.575981167,-1.118605615,1
19,4.591606834,-0.985428793,1
20,8.446893365,-0.139768597,1
20,7.387203854,0.106214319,1
20,6.336597847,-0.781885691,1
20,5.165796988,-1.4389983,1
20,6.1952631,-1.008065209,1
20,8.961005869,-0.820772819,1
20,6.509553795,0.11965626,1
20,6.813764377,-1.336296156,1
20,5.041884324,-0.983279162,1
20,6.694272541,0.556293572,1
20,4.919513732,-0.134722419,1
20,8.877361419,0.049191583,1
20,4.46301741,0.787620957,1
20,7.748639597,1.1973736,1
20,4.802797389,-0.456901155,1
20,4.544610667,-0.846551527,1
20,7.388323431,0.213717471,1
20,4.299084886,-0.835343277,1
20,5.644288018,-1.519767486,1
20,4.765861038,-1.575552707,1
20,6.288832298,0.520041788,1
20,5.066028212,-0.056069914,1
20,5.232826193,0.058202088,1
20,7.31583442,2.753848973,1
20,7.600708491,1.14285828,1
20,3.955917283,1.002851712,1
20,5.477487734,-0.407483833,1
20,5.130442928,0.762542781,1
20,7.101042713,-0.509797287,1
20,2.915126863,-0.99459002,1
20,5.632511943,-0.251868679,1
20,5.845308049,0.670145923,1
20,4.643447408,0.759348725,1
20,7.61662167,-1.26830608,1
20,7.089086017,-1.070135961,1
20,7.161862874,-0.903172073,1
20,7.218246374,-1.329650738,1
20,3.854494685,-0.641325822,1
20,4.985471114,-0.7252205,1
20,5.297229286,0.797410462,1
20,5.226459986,-0.981745624,1
20,7.875277721,0.698643616,1
20,7.969474577,0.821248535,1
20,5.925153805,0.306093906,1
20,5.929374743,0.528875329,1
20,6.161526656,-0.239384932,1
20,4.232034889,-1.005069995,1
20,6.839549688,0.52521651,1
20,7.283306297,0.543906272,1
20,5.098966286,0.304472039,1
21,5.208508434,-2.940034566,1
21,5.25542238,-3.023288531,1
21,5.75583058,-4.541404923,1
21,4.977326743,-3.692407167,1
21,5.103086742,-3.260334193,1
21,6.121876012,-1.570661551,1
21,4.046310367,-4.75179601,1
21,5.168266404,-3.715583281,1
21,6.264115367,-3.353543418,1
21,4.688281385,-4.030631431,1
21,5.713210951,-2.630019858,1
21,5.864434911,-2.711271372,1
21,5.188151963,-3.836024501,1
21,5.941828238,-1.408107204,1
21,4.504917163,-4.125575338,1
21,5.713869452,-4.084083086,1
21,6.331736578,-2.190137003,1
21,5.344083503,-2.948802013,1
21,6.024382282,0.13518893,1
21,5.831107736,-1.455193385,1
21,5.596004534,-2.693704356,1
21,6.118895985,-3.230167158,1
21,6.200045757,-2.591803659,1
21,5.441138096,-3.136267344,1
21,4.565030176,-3.241262963,1
21,4.982818082,-4.320574116,1
21,5.592547618,-1.918749663,1
21,5.595320982,-3.249522256,1
21,5.251213459,-3.280752667,1
21,6.314579765,-2.116899691,1
21,5.20112504,-2.43622192,1
21,5.251752091,-1.792328176,1
21,6.038090284,-2.360918164,1
21,5.03779567,-1.306465153,1
21,6.016882494,-2.425109702,1
21,4.840939944,-2.33617375,1
21,6.315649213,-2.012028424,1
21,5.279349698,-2.673461254,1
21,5.335294608,-3.49957118,1
21,5.190031947,-3.789707704,1
21,5.59798333,-3.186251541,1
21,5.462741192,-3.419032262,1
21,4.800558936,-2.787104609,1
21,5.12673263,-4.075267743,1
21,5.470996996,-0.795543843,1
21,5.956515073,-2.370718533,1
21,6.065065556,-2.493161425,1
21,5.321758108,-3.065933861,1
21,4.832847433,-4.0496261,1
21,5.432802201,-3.465327198,1
22,4.547986147,0.177357072,0
22,5.576930951,-0.619248858,0
22,4.209826189,-1.141721089,0
22,4.950741368,0.367813547,0
22,5.850443569,-1.021707154,0
22,5.366957026,-1.38641088,0
22,5.042267838,-1.627256986,0
22,4.870485137,-0.254112555,0
22,4.696863217,-0.810957176,0
22,4.186966659,0.550137506,0
22,5.906645366,-0.069638052,0
22,4.13548543,-0.970606339,0
22,5.753248821,0.17021135,0
22,5.173536834,-2.182496872,0
22,5.314394116,-0.808775716,0
22,4.641216961,-1.775144143,0
22,4.973151058,-1.059332808,0
22,5.481969284,-1.340477683,0
22,5.295440604,-1.107809481,0
22,4.761247128,-0.676277536,0
22,5.282210871,-0.405270053,0
22,4.517465724,-0.731067511,0
22,5.59010924,-0.748060934,0
22,4.704182797,-1.44815018,0
22,4.954923689,-3.614929804,0
22,4.214801002,-0.395256808,0
22,4.534082109,1.373578311,0
22,4.862335614,-1.143179599,0
22,4.144459199,-1.356983388,0
22,5.045941691,-1.635956022,0
22,5.321568743,-0.665835979,0
22,4.977712597,-1.471960272,0
22,6.056882613,-1.664719208,0
22,5.382740362,-3.696711831,0
22,4.860113038,-2.471173903,0
22,4.826534903,-1.388717343,0
22,5.129706944,-1.954362427,0
22,5.024379217,-0.089684706,0
22,5.506186086,-2.236414915,0
22,5.232643039,-0.936585126,0
22,4.911907273,-1.297808146,0
22,5.373061497,-1.754312039,0
22,5.095395869,-0.122836675,0
22,4.122566948,-2.202829272,0
22,4.765566319,-0.440885838,0
22,4.86242341,-0.163468846,0
22,4.866842505,-1.136964596,0
22,4.942908356,-1.658768591,0
22,5.59315619,-0.737259628,0
22,4.906195364,-0.998052171,0
23,4.890132435,-1.158934622,0
23,4.491478325,-1.484215221,0
23,5.451835786,-1.38076038,0
23,7.103626583,0.668562331,0
23,4.532511519,-1.028019861,0
23,4.653115791,-0.669086032,0
23,5.63111761,-0.168774054,0
23,6.928069461,-1.352760333,0
23,4.722222566,-0.217423959,0
23,4.308663962,-2.904393128,0
23,5.146603317,-1.989959614,0
23,6.534433988,-0.536030478,0
23,5.155326361,-1.350554897,0
23,4.540246838,-1.353543292,0
23,6.426924016,-1.665879942,0
23,3.926953261,-2.362487671,0
23,5.958168203,-0.159651837,0
23,6.956260114,-1.046994233,0
23,5.605902549,-1.565100594,0
23,7.432195362,-2.184479755,0
23,3.109242882,-1.884835215,0
23,5.562321874,-0.811066983,0
23,6.661869992,0.090905575,0
23,5.319364338,-0.546489391,0
23,5.589377027,-2.300092728,0
23,6.122509299,-1.675029397,0
23,5.540907422,-0.387525235,0
23,4.568679404,-2.919933868,0
23,5.156452256,-0.598597683,0
23,4.465552602,0.063818429,0
23,5.194742805,-2.575914299,0
23,4.420737152,-1.739891969,0
23,3.921193015,-2.698821011,0
23,4.185547822,0.314834029,0
23,4.817958839,-2.010540124,0
23,4.98069334,-1.242613764,0
23,4.636898423,-0.87341754,0
23,6.789324301,-2.577271926,0
23,3.991503624,-1.77951419,0
23,4.4104286,-2.209458042,0
23,3.606633794,-1.166173534,0
23,5.664130372,-3.074431606,0
23,6.561826817,-1.006645522,0
23,5.811893456,-2.313744249,0
23,6.442555796,-1.668388792,0
23,5.011786252,0.781296322,0
23,3.714192079,-1.070155023,0
23,6.38309086,-1.884661821,0
23,4.605540256,-1.553847295,0
23,4.791329678,0.131367862,0
24,6.190137511,1.653610741,0
24,4.798921974,-0.676548137,0
24,5.523095917,-1.247610862,0
24,5.867777126,-0.056420999,0
24,5.037134957,-1.615892938,0
24,4.948757534,-0.739570727,0
24,5.960363044,-0.002023126,0
24,4.980150731,0.201114987,0
24,5.320230417,0.347814127,0
24,4.049283326,0.799469128,0
24,4.625483039,-1.435938816,0
24,3.887598993,-0.551151703,0
24,4.770684235,1.493965635,0
24,3.723069139,0.702336924,0
24,5.647195942,0.839498365,0
24,5.26234483,0.258313163,0
24,5.888355065,0.456487013,0
24,5.205612807,0.912720268,0
24,4.032237813,0.801872734,0
24,5.236557845,0.221672929,0
24,6.272463285,0.999171079,0
24,5.687730338,0.212210419,0
24,5.380694655,0.637765638,0
24,6.114974943,-0.521891019,0
24,4.761219922,-0.493580228,0
24,4.986940351,1.353179152,0
24,3.817835959,-1.117978216,0
24,5.561545366,-0.690954571,0
24,5.013331164,-0.340794415,0
24,5.478712246,0.393376517,0
24,5.325550861,1.794123587,0
24,3.288124503,-1.321723604,0
24,5.734804211,0.100068627,0
24,5.303526606,-1.21232156,0
24,5.742440981,0.722746077,0
24,5.934010175,0.50295073,0
24,4.838218564,0.652600383,0
24,4.822322308,-0.288278089,0
24,6.334241462,0.261660392,0
24,4.42793924,-0.41455948,0
24,5.059463218,-0.022188605,0
24,6.014091553,1.445817596,0
24,4.535784956,0.959474481,0
24,4.679994063,-0.55505771,0
24,4.760736812,-2.574682545,0
24,4.409184117,-0.952488928,0
24,5.88641041,0.432753132,0
24,6.562424466,-0.026489825,0
24,5.069098047,0.666739503,0
24,4.281269037,-1.86368027,0
25,5.24447303,-0.87805633,1
25,4.974120206,-0.124813138,1
25,5.231728947,0.022959425,1
25,4.967550145,-0.408814127,1
25,4.534224779,-0.789224748,1
25,4.873776926,-0.532017234,1
25,4.460748172,-0.049605063,1
25,3.622785416,-0.663010938,1
25,4.380372772,-1.087029376,1
25,4.914220496,-0.131039648,1
25,3.823124443,-0.476955636,1
25,4.372999079,-0.254483187,1
25,4.279010678,-1.014172493,1
25,4.519511116,-0.094779504,1
25,5.104672485,-1.32418573,1
25,4.784473644,1.065685662,1
25,4.147725841,-0.339800876,1
25,4.319052144,-0.606251894,1
25,4.780502006,0.791621267,1
25,3.840177859,-0.51008143,1
25,6.272874593,-0.601346458,1
25,5.132803804,-0.299691761,1
25,3.671858823,-2.489887488,1
25,3.804980314,-1.003426468,1
25,4.634377392,-0.88438759,1
25,4.216677113,-1.519649936,1
25,4.941556603,-1.290696714,1
25,3.446916787,-0.551558658,1
25,4.814382321,-0.999232753,1
25,3.975607002,0.021609047,1
25,3.822341537,-0.146635675,1
25,4.947249584,-2.292821406,1
25,4.822717242,0.270087343,1
25,6.035564515,0.8827387,1
25,4.849207265,1.038383011,1
25,5.321122222,0.313903456,1
25,5.359887557,0.729059224,1
25,4.818904759,-0.079338693,1
25,5.452755524,-1.122707723,1
25,3.928917329,-0.369034928,1
25,4.657648124,0.464104069,1
25,4.983493781,0.360227903,1
25,5.177876335,-1.106802783,1
25,4.473644673,-1.136430561,1
25,5.159086948,0.932625638,1
25,5.077734496,-0.707747608,1
25,6.021720103,-0.104065589,1
25,3.50931174,-1.63141745,1
25,4.944018188,-1.723155941,1
25,4.755702919,0.711623482,1
26,5.181438967,0.944470249,0
26,4.612413144,-0.503211889,0
26,5.065891808,0.242955078,0
26,4.853652206,-1.323156474,0
26,4.738420495,-0.784405997,0
26,5.631883519,0.950394965,0
26,5.127282013,-0.811111871,0
26,5.849571448,1.952441325,0
26,5.204367144,0.472450365,0
26,5.213023674,0.06661713,0
26,5.538685869,0.072616193,0
26,4.342904005,-1.489127036,0
26,4.957513204,0.496767182,0
26,4.962217947,-0.653310975,0
26,4.801820268,-0.756861799,0
26,5.556310189,0.282766807,0
26,4.803668631,0.317255066,0
26,4.846870899,-0.040659058,0
26,5.470158494,0.315476,0
26,5.371963812,-0.076738759,0
26,5.159643908,-0.839923799,0
26,4.985541057,-0.212598646,0
26,5.270982961,0.645972463,0
26,5.633609813,1.106040571,0
26,5.072813172,0.80545421,0
26,5.014489131,-0.372125166,0
26,4.635117311,-0.383676233,0
26,4.670258829,-1.012150825,0
26,5.306041775,1.322618117,0
26,4.421856471,-1.256745072,0
26,5.111741508,-0.619404728,0
26,5.335115811,0.239119292,0
26,4.000932147,-2.402142419,0
26,4.858252616,-0.459438636,0
26,5.22601883,-0.034831669,0
26,5.550854062,0.383315352,0
26,5.016566188,-0.926681719,0
26,4.061208292,-2.448458212,0
26,4.66048637,-1.037542693,0
26,4.844031896,-0.70722005,0
26,4.473371534,-0.379567914,0
26,4.641709157,-0.798183801,0
26,4.795827802,0.770252479,0
26,4.697075198,0.134423707,0
26,4.319529877,-1.447039063,0
26,5.271855463,-0.192048607,0
26,6.071317483,2.879246598,0
26,5.267291663,-0.106624455,0
26,5.304548597,0.89665793,0
26,5.447088842,1.289702579,0
27,4.824597537,0.386443297,0
27,4.143124328,0.561144849,0
27,4.008678115,0.360296804,0
27,4.582143989,-1.604002259,0
27,4.492433781,2.061388353,0
27,5.09405047,2.074414504,0
27,5.188916659,2.443489398,0
27,4.36001622,2.828702252,0
27,4.504801827,1.736883841,0
27,4.65400912,0.563538862,0
27,4.607523926,1.255879008,0
27,4.827694821,0.0053163,0
27,4.815562712,2.19558646,0
27,4.233489849,2.201095889,0
27,4.961822844,0.315214995,0
27,4.468531612,2.068246596,0
27,4.539429414,0.191070646,0
27,4.368543139,1.939964448,0
27,4.51457613,0.702222202,0
27,4.730781421,-0.144835842,0
27,5.029045695,2.413300346,0
27,4.734599383,1.495950172,0
27,4.812274971,1.380069219,0
27,4.927804849,0.592009843,0
27,3.944483482,1.382299996,0
27,4.744922044,1.272534925,0
27,4.319019164,0.412682996,0
27,5.102026186,2.075950611,0
27,4.611531233,1.610746532,0
27,4.693985186,1.481850605,0
27,4.374776701,-1.15577124,0
27,4.082090267,2.576609503,0
27,3.786798014,-0.544576701,0
27,4.874560342,2.479503356,0
27,4.532579407,0.866863681,0
27,4.235916835,1.402981619,0
27,4.640694658,0.497205309,0
27,4.264070571,1.047273926,0
27,4.708417187,1.539865848,0
27,5.199975813,1.003525616,0
27,4.601922523,0.39710942,0
27,4.199263544,-0.417215929,0
27,4.770785976,-0.649447114,0
27,4.519316465,1.205362643,0
27,5.048701393,1.680866518,0
27,4.868404855,0.393268651,0
27,4.41111523,0.450048143,0
27,5.067819956,1.938346292,0
27,4.865113099,0.03181726,0
27,4.669534968,1.859736226,0
28,6.795463905,-1.797578142,0
28,5.886395942,0.150815443,0
28,5.017832118,-0.941401595,0
28,4.157996689,-0.17550859,0
28,4.83965457,-4.026332813,0
28,5.919302907,-1.054223422,0
28,4.576034752,-0.904433652,0
28,4.447241906,-1.992365932,0
28,5.965673764,-2.126575479,0
28,8.33533316,-2.933286416,0
28,8.204338311,-1.177919251,0
28,5.427201267,-1.414303441,0
28,4.426040308,0.833211373,0
28,3.844284002,-0.571213222,0
28,3.79989751,-0.954893664,0
28,3.010729822,-0.576895911,0
28,7.440413332,-1.631674511,0
28,4.453891216,-2.817456399,0
28,4.03281867,-1.195171969,0
28,5.575301619,-0.798151858,0
28,2.358173831,-0.880956387,0
28,3.167884641,-1.821565485,0
28,7.510712472,-3.442149053,0
28,3.854772001,-0.943424072,0
28,7.288336081,-1.443038976,0
28,4.528066183,-0.514879089,0
28,4.793723717,-2.756159216,0
28,5.787751827,-1.526426091,0
28,3.346430484,-0.134127122,0
28,5.37998055,-1.635922247,0
28,5.252022117,-2.045089869,0
28,2.879817941,-0.745984773,0
28,5.50937419,-1.820204455,0
28,6.012794694,-0.846407749,0
28,7.067235126,-0.47497866,0
28,3.188394433,0.650459688,0
28,5.755176971,-1.048952466,0
28,3.016222081,-1.062938908,0
28,5.822108961,-2.377312501,0
28,3.855985899,-1.81543112,0
28,3.908182028,-0.183075984,0
28,7.547914439,-1.996504504,0
28,5.178013441,-0.938838839,0
28,4.91916027,-0.109373598,0
28,1.897732248,-2.343807501,0
28,6.535265063,-0.665468037,0
28,2.997930633,-0.169170677,0
28,5.187284554,-0.771190492,0
28,4.130711061,-1.034241,0
28,5.892507585,-1.873292725,0
29,6.577530179,-0.957242974,1
29,3.347140652,-1.51228659,1
29,4.917656072,0.016165421,1
29,5.123920699,1.792524647,1
29,5.586615107,-0.759033373,1
29,7.331560487,1.05182046,1
29,4.281213446,0.044974788,1
29,4.196033373,1.280308325,1
29,5.528810757,-0.303596999,1
29,5.879116094,-0.771203075,1
29,5.340964398,1.217928054,1
29,3.629315971,-0.014670185,1
29,6.177632774,-0.510403972,1
29,6.375708593,0.157604721,1
29,4.28031222,1.74497507,1
29,5.929446829,-0.592478266,1
29,4.043621125,-0.988922361,1
29,5.029793551,-0.600625744,1
29,5.2685897,0.212718251,1
29,4.542392952,1.082440005,1
29,3.219178235,-1.212876091,1
29,5.397766389,0.292242969,1
29,6.312839735,-0.422508142,1
29,4.430460081,1.066975668,1
29,6.754687271,1.635503492,1
29,5.397895418,2.275766046,1
29,3.740217784,0.15695219,1
29,4.362625907,0.009910139,1
29,3.009860731,-0.119482949,1
29,6.096268821,3.272590681,1
29,4.90027948,0.018978789,1
29,4.27687939,1.225356018,1
29,5.32212604,-0.813195181,1
29,4.1333889,-0.201466978,1
29,4.361046058,-0.273958256,1
29,6.828085297,-0.079604336,1
29,6.206191223,-0.566129496,1
29,6.37223309,-0.051211619,1
29,6.583382212,1.139289083,1
29,5.267012429,-0.324708138,1
29,6.133150661,1.602308669,1
29,4.437546279,0.516785805,1
29,6.170581871,-0.510030635,1
29,6.241287784,0.202315032,1
29,2.72460261,-1.924662851,1
29,5.835044049,1.26066844,1
29,5.92161775,1.203431976,1
29,5.061558245,-0.53601327,1
29,5.355742122,1.746299788,1
29,7.250977154,1.129790116,1
30,2.42386525,-2.225835631,1
30,3.487748867,-0.832105518,1
30,3.526925371,-0.630619829,1
30,3.482827959,-0.785211621,1
30,3.443718055,0.130689356,1
30,2.87677868,-0.999591859,1
30,3.916287546,-0.538407942,1
30,3.467521738,-0.451914747,1
30,3.430466157,-0.38770414,1
30,4.163661922,-0.158214866,1
30,3.906455275,-0.498411774,1
30,3.89461067,-0.666965592,1
30,2.43270071,-2.091610726,1
30,2.765836887,-1.085872038,1
30,2.894319158,-0.915032568,1
30,4.305718588,0.424164422,1
30,4.008626438,-0.287553012,1
30,3.414408166,-0.629630044,1
30,1.84359755,-2.372249109,1
30,4.688118231,1.24453837,1
30,3.868499896,-0.140001846,1
30,5.026359049,1.131563898,1
30,3.349052733,-0.321780777,1
30,3.814913624,0.024895312,1
30,0.978416203,-3.788352086,1
30,4.588413698,0.268457009,1
30,2.620032693,-1.229204665,1
30,4.34719424,1.032164841,1
30,3.563027555,-0.612917629,1
30,4.274819549,0.530749059,1
30,3.696241314,-0.005263919,1
30,3.507520051,-0.334859917,1
30,4.142328815,0.05165907,1
30,2.437495642,-1.901087766,1
30,4.020368989,0.250337835,1
30,3.189326396,-1.455441859,1
30,4.26661757,-1.038512502,1
30,4.479699692,0.466364114,1
30,3.584700277,-0.362346987,1
30,4.197627571,-0.052938173,1
30,3.337302853,-1.090047226,1
30,3.300459484,-0.709793776,1
30,3.616207221,0.203721444,1
30,3.238074551,-1.587945035,1
30,3.239600832,-0.814351764,1
30,3.183998677,-1.945039417,1
30,2.369947616,-1.573201468,1
30,2.313337291,-2.454886355,1
30,2.857462068,-1.602258777,1
30,4.592234837,0.414014187,1
31,5.53827421,-0.782728272,1
31,6.022912416,-0.606917033,1
31,6.846436054,1.497906992,1
31,4.797476026,0.312548059,1
31,8.523980141,-0.803567986,1
31,1.498010481,0.040431197,1
31,4.865188492,0.69391543,1
31,3.813950403,-2.497960232,1
31,3.574283044,-0.308320066,1
31,8.636487297,-1.439829489,1
31,4.017545087,0.141739243,1
31,3.824132833,-1.335913578,1
31,4.967372445,-0.630764102,1
31,2.976269728,1.726004147,1
31,3.82535869,-0.404903443,1
31,-0.145924412,-0.296263117,1
31,3.924528704,-0.097151317,1
31,3.454909145,-1.0666987,1
31,5.697234564,1.979924919,1
31,6.966502598,-1.211745577,1
31,4.367870928,-0.776489008,1
31,2.993773094,1.522207533,1
31,6.283368482,0.4492605,1
31,10.18851406,-1.139259054,1
31,2.774175871,-0.829434716,1
31,5.894201837,-1.050759635,1
31,5.962782755,0.102337198,1
31,3.634162506,-0.028346833,1
31,4.435803871,0.521369438,1
31,4.560881788,-1.579936191,1
31,5.859173251,-1.373990004,1
31,5.033466047,0.971728597,1
31,5.789066044,-0.213457204,1
31,8.261465949,-0.835883866,1
31,3.503552316,-2.690943249,1
31,2.903604541,1.263683607,1
31,-0.738884039,0.536583302,1
31,5.436654673,-1.439617239,1
31,6.7263689,-1.834435628,1
31,4.488474373,-0.469316534,1
31,3.990402351,-0.36059955,1
31,5.485142663,-0.868932788,1
31,7.235755315,0.885019602,1
31,2.757944663,-0.09804635,1
31,9.300091531,0.412953973,1
31,6.621752928,-0.827319713,1
31,4.993615953,-0.412291083,1
31,3.548301978,0.625109395,1
31,2.39908258,-0.551659027,1
31,0.866611169,0.631366719,1
32,4.917996232,-0.496214712,0
32,4.775803804,-0.667430286,0
32,4.07120152,-1.473563104,0
32,5.676922735,0.215445269,0
32,4.219590701,-1.17129022,0
32,4.523238075,-1.209425204,0
32,5.359345431,-0.685716383,0
32,5.050645244,-0.355519817,0
32,4.157663662,-1.153187143,0
32,5.82323683,-0.184787836,0
32,5.702496795,-0.114277642,0
32,5.052758675,-0.639768458,0
32,5.042995832,-0.52443371,0
32,3.840168244,-1.632958202,0
32,5.558767105,0.297654716,0
32,5.185414227,-0.857538961,0
32,4.58800259,0.380963304,0
32,4.324561356,-1.41196839,0
32,4.998383352,0.157563093,0
32,5.133791627,-1.738763325,0
32,5.292001713,0.086780116,0
32,5.42069481,0.312499538,0
32,6.022701818,0.646809364,0
32,4.802698488,-0.933298492,0
32,5.296593103,-0.383353243,0
32,5.107229276,-0.470577741,0
32,4.681105336,-1.217802982,0
32,6.632328526,2.810460767,0
32,4.961721454,-1.648039527,0
32,4.564361179,-1.752280702,0
32,4.844062685,-0.703898485,0
32,4.28155119,-1.811524564,0
32,4.699223061,-0.579171395,0
32,4.190642086,-1.362365437,0
32,4.6625333,-1.276121785,0
32,5.182857645,-0.141462115,0
32,4.346062569,-1.291423816,0
32,4.464497863,-1.494959931,0
32,3.862169896,-2.264614814,0
32,3.973932204,-1.394188393,0
32,5.708907524,0.698310178,0
32,4.665224024,-1.508982388,0
32,4.321995316,-1.478936339,0
32,5.158240104,-0.310317155,0
32,4.261966121,-1.571921158,0
32,4.932048489,-1.690140935,0
32,4.20304588,-2.161121913,0
32,5.533804246,-0.543168796,0
32,5.276887133,0.304547657,0
32,4.433603619,-1.479965503,0
33,5.26631521,0.141126143,0
33,6.504025001,0.833643669,0
33,4.327086104,1.152932191,0
33,5.108394029,0.908244002,0
33,5.072924423,0.408825904,0
33,7.53604542,0.550432689,0
33,5.603969007,0.980971439,0
33,7.13084711,0.490000639,0
33,4.904152359,0.268711295,0
33,4.815233121,-0.92696307,0
33,6.064640514,1.597472876,0
33,5.576170179,1.891535981,0
33,3.138985428,-0.177429693,0
33,5.00713497,0.266120328,0
33,5.875547524,0.692359962,0
33,4.723425819,1.799085016,0
33,4.023650433,1.18573966,0
33,4.519018128,-0.090119867,0
33,4.180217551,-0.265500423,0
33,5.991949444,1.42049426,0
33,5.34969823,1.25752281,0
33,4.557263737,1.892517855,0
33,5.283330487,-0.179033672,0
33,4.120320601,-0.295706312,0
33,6.861030224,1.749546501,0
33,5.488909765,2.261215547,0
33,4.520168698,2.609076416,0
33,5.306871095,0.172354006,0
33,5.791876859,1.082151607,0
33,4.291803403,1.806750463,0
33,4.94476551,1.483876867,0
33,6.893466892,0.566909715,0
33,5.090093875,0.015579604,0
33,4.798759387,-0.560028085,0
33,5.085659027,1.775791475,0
33,5.549495689,2.420195847,0
33,5.197110704,2.033357914,0
33,5.825617987,1.291753471,0
33,4.572084097,1.231975259,0
33,5.934612904,0.184997307,0
33,5.913667004,1.883866487,0
33,6.495452134,0.201524922,0
33,5.155721174,1.521764398,0
33,4.706098355,0.354749698,0
33,4.223990783,1.022144268,0
33,4.13520666,0.325779584,0
33,3.382087227,-0.58559771,0
33,6.260348599,2.090249574,0
33,5.939048053,0.213171282,0
33,3.232221621,-0.829542493,0
34,4.60753546,0.293281408,0
34,5.884773385,-0.943337786,0
34,5.801688478,1.598452682,0
34,8.99634214,1.491461583,0
34,8.865608407,-0.17794144,0
34,6.117228444,1.314468171,0
34,5.29567093,0.04384536,0
34,5.890480028,0.505327472,0
34,5.573309037,1.336977204,0
34,5.90328764,1.472432171,0
34,5.292704341,0.197924772,0
34,5.05608308,0.72431741,0
34,6.883920981,0.837226208,0
34,5.672624154,-0.114731303,0
34,5.99992453,0.62718749,0
34,6.760089759,0.385892403,0
34,6.66264808,1.281265881,0
34,4.058740388,0.082708221,0
34,7.422478068,1.350086015,0
34,5.007472055,-1.470932775,0
34,7.955296162,1.198058993,0
34,6.687529222,1.414945025,0
34,5.108173546,2.703531561,0
34,8.015891155,2.276365116,0
34,11.04889661,2.157416761,0
34,7.161240796,1.575481203,0
34,4.669473621,-0.70973692,0
34,6.763114619,0.205053131,0
34,5.549919889,-0.216703521,0
34,7.777577618,0.813066543,0
34,4.30361569,1.267358973,0
34,8.763190612,2.262642742,0
34,-0.082318919,0.464075916,0
34,8.165676968,1.566017114,0
34,7.333227051,-1.202613187,0
34,5.390835044,0.419351545,0
34,5.936244975,0.144346562,0
34,7.174375722,-0.685208441,0
34,3.266381494,-1.039447923,0
34,7.583612996,0.818462846,0
34,7.470834453,1.399486087,0
34,3.682442287,2.662653966,0
34,5.628118727,0.300077189,0
34,10.60267514,0.526617253,0
34,3.669274636,1.118062396,0
34,5.358041029,0.452494063,0
34,8.027711605,-0.49723462,0
34,4.494067618,1.410472998,0
34,7.568159429,2.962787518,0
34,5.838784566,-0.974797438,0
35,4.970350272,0.691430022,0
35,4.925158691,0.287702893,0
35,5.885446845,2.042867875,0
35,5.600625307,1.728668293,0
35,4.622279021,0.009265754,0
35,4.912441294,0.897503479,0
35,5.027960777,0.258149021,0
35,5.19997465,0.897253264,0
35,4.71968947,0.433106936,0
35,4.427919368,-0.10243974,0
35,4.578367996,0.527236083,0
35,4.425241532,-0.169187341,0
35,5.868547218,2.321206543,0
35,5.392072551,1.235375381,0
35,4.565613028,0.141015513,0
35,4.973813744,0.173985995,0
35,4.952736276,0.135900954,0
35,4.808192968,0.134071825,0
35,5.903497455,2.005379958,0
35,5.774832075,1.504448914,0
35,6.034308086,3.190046032,0
35,5.260022058,0.610219039,0
35,4.589043127,-0.148330574,0
35,4.858608037,0.851109714,0
35,4.054121935,-1.425024249,0
35,4.245134073,-0.270827367,0
35,5.665228311,1.843302503,0
35,5.216800945,1.32008523,0
35,6.033034701,2.506624541,0
35,6.203362648,3.01292019,0
35,6.006406534,2.379542502,0
35,5.543401097,2.224751959,0
35,5.164389633,0.768531021,0
35,4.7618128,0.691552809,0
35,6.302929105,2.3049638,0
35,4.773070545,0.767509378,0
35,5.188780431,0.918463026,0
35,5.579012196,1.381940102,0
35,5.462172656,2.157501397,0
35,4.769605441,0.024780662,0
35,4.676918537,0.60692704,0
35,6.065857625,2.678495366,0
35,5.215445695,1.173505743,0
35,5.380547056,1.756159696,0
35,5.343505627,2.038910083,0
35,4.914573291,0.99048282,0
35,4.861143358,0.293902345,0
35,4.526804189,-0.37720659,0
35,5.552063911,1.91487292,0
35,5.283530682,1.186466466,0
36,5.724864256,-1.526845097,1
36,6.732494472,-0.278414532,1
36,6.68248695,0.225773636,1
36,4.728770589,-1.733614781,1
36,4.0723138,-2.761362049,1
36,3.743303365,-1.209658524,1
36,4.09958198,-2.308873399,1
36,5.249935526,-0.755004878,1
36,4.366232612,-1.942675193,1
36,6.505969952,-0.077222261,1
36,5.629639062,-1.257211493,1
36,5.671482816,-1.293221946,1
36,4.441524761,-3.050810249,1
36,4.671094196,-1.191653274,1
36,5.601859827,-1.124687363,1
36,4.057857374,-1.803996785,1
36,3.049075825,-2.127639657,1
36,5.483871318,-1.735226067,1
36,3.828562604,-3.408384631,1
36,4.620970026,-0.80830118,1
36,5.060307998,-1.277393122,1
36,2.81721628,-2.162538908,1
36,3.279944128,-3.078369067,1
36,5.339069324,-1.755970689,1
36,5.953046232,-0.705217714,1
36,3.099666436,-2.115762456,1
36,5.631243028,-0.784581899,1
36,5.309538849,-0.684243826,1
36,6.852490834,0.010015098,1
36,5.496058893,-1.55216777,1
36,5.338385663,-0.531099766,1
36,4.360055391,-3.678261982,1
36,6.138839709,-0.683703315,1
36,4.797640546,-1.978365875,1
36,4.058631162,-1.852200387,1
36,4.218377206,-1.198345221,1
36,5.39127423,-1.191483459,1
36,3.913483375,-1.902577928,1
36,4.773631387,-3.059130501,1
36,4.188664898,-2.445337911,1
36,4.317849652,-1.623110861,1
36,4.066118336,-1.759276385,1
36,6.539929361,0.994498318,1
36,5.179972708,-1.171997888,1
36,4.150834193,-1.743843422,1
36,4.506440637,-1.186733509,1
36,5.630596555,-1.124212599,1
36,3.923003675,-1.863281397,1
36,5.026033006,-1.178870144,1
36,4.190688866,-2.088148874,1
37,5.519321546,0.24607614,0
37,4.681188698,-0.969473717,0
37,4.837795607,-0.257454133,0
37,4.95665157,0.322735865,0
37,5.030591997,-0.908159291,0
37,5.549023426,0.172741938,0
37,5.377734374,0.222302562,0
37,4.76373496,-0.681821347,0
37,4.391057352,-2.228027261,0
37,4.570937453,-0.835763181,0
37,4.832699428,0.281187103,0
37,4.930529466,0.380976942,0
37,5.046398815,-0.152988458,0
37,4.36644619,-0.838195688,0
37,5.056983041,-0.50363056,0
37,5.129378786,-1.776874932,0
37,4.733350337,-1.89091128,0
37,4.635063536,-1.783354643,0
37,4.961002358,-2.053131112,0
37,4.950525881,0.104756298,0
37,4.53675715,-2.358648577,0
37,5.333858065,-0.332992389,0
37,4.89419046,-0.044442093,0
37,4.148328467,-1.671973443,0
37,4.581576836,0.281821422,0
37,4.622091278,-0.043285287,0
37,5.450306425,0.911129244,0
37,4.953546051,-0.835369914,0
37,5.514163222,1.172270015,0
37,5.146227756,0.204622911,0
37,4.839032643,-1.632092643,0
37,4.52831557,-1.374948481,0
37,4.707600851,-1.131467268,0
37,4.79087547,-0.498571462,0
37,5.047141772,-0.731148324,0
37,4.555543518,-2.685690453,0
37,4.555640298,-0.572086167,0
37,4.854797531,-2.066495138,0
37,4.558272772,-1.590336103,0
37,5.722454191,1.370677804,0
37,5.762001894,2.150670834,0
37,5.068427662,-1.044434584,0
37,4.909775445,-0.520374828,0
37,4.906974108,-1.001504607,0
37,4.978777404,0.922040951,0
37,4.553508236,-0.126499696,0
37,5.22973465,-0.68199183,0
37,4.959296877,-0.031626162,0
37,4.884023582,-1.420399346,0
37,5.002707459,-0.835295542,0
38,6.399036365,-0.273078871,0
38,5.446770205,-1.485189476,0
38,3.54478928,0.113449656,0
38,7.363118472,0.482291296,0
38,2.922763983,0.539622965,0
38,8.72862682,1.030480981,0
38,4.920832839,-0.563185875,0
38,7.463898588,0.4213752,0
38,3.780812736,0.40416085,0
38,3.545824229,0.387765658,0
38,4.908945481,-0.332536667,0
38,4.049278021,0.626415667,0
38,5.36446974,-1.357097251,0
38,5.207066033,-0.239932382,0
38,4.584960174,0.186957876,0
38,2.36203999,-0.967633036,0
38,2.386694886,-1.821344277,0
38,4.552275,-1.161966382,0
38,4.925838242,-1.018849853,0
38,6.178851106,-0.056242267,0
38,5.7628083,-0.734653699,0
38,2.299717583,-1.379545157,0
38,7.890832562,1.360862339,0
38,5.965004315,1.143834237,0
38,5.151949121,-2.175968334,0
38,6.583462699,-1.179112359,0
38,4.021119808,-1.606875249,0
38,6.003137383,0.862925081,0
38,4.425491461,-0.830810013,0
38,3.604739308,0.321854198,0
38,6.544846917,0.781796664,0
38,6.839105784,-0.873838736,0
38,6.510729602,1.185574011,0
38,4.964804105,-1.349270054,0
38,4.714739678,0.940963155,0
38,5.594555038,-1.225963512,0
38,4.849491627,-1.527347405,0
38,4.343560112,0.022652262,0
38,3.083688548,0.498730498,0
38,5.491499355,-0.173719555,0
38,1.92020687,0.813288237,0
38,4.304672217,-0.330705176,0
38,6.392097353,-0.404884906,0
38,8.047477958,2.126117304,0
38,4.804224263,-1.444123518,0
38,5.22735816,-0.119755161,0
38,6.098356831,-0.325906702,0
38,6.687042152,-0.830765943,0
38,7.296204971,1.242058091,0
38,7.226398387,0.8717298,0
39,5.197428411,0.558085124,0
39,3.623816563,-0.442563513,0
39,4.684235402,1.030874922,0
39,4.781918916,-0.76692896,0
39,4.275421124,-0.590093073,0
39,4.660421861,-2.036440838,0
39,5.302477114,0.696384208,0
39,4.120066758,0.272292901,0
39,3.412445812,-1.013699142,0
39,3.55789838,-1.038905334,0
39,4.562264231,-1.152385053,0
39,4.452252118,-1.371757692,0
39,3.886536487,0.748685703,0
39,4.198212673,1.053954761,0
39,3.877463532,-0.284764602,0
39,4.02627343,-1.425796777,0
39,4.589427994,-0.994822084,0
39,3.841052136,-0.807759165,0
39,3.993217923,-0.45486282,0
39,4.933182605,0.559287917,0
39,4.667440807,1.411339433,0
39,4.42488598,-1.083693839,0
39,5.196568434,0.588184292,0
39,4.78038222,1.633655421,0
39,4.565654979,0.022092913,0
39,4.827746518,-2.374798761,0
39,2.734248461,-1.499680045,0
39,4.265399674,-1.474294829,0
39,4.385990589,-2.499932962,0
39,4.187794058,-0.52990749,0
39,4.680063851,-0.480318174,0
39,4.334377925,-0.267060272,0
39,5.14641231,-0.049650765,0
39,4.559287173,1.226301484,0
39,4.635777823,-0.89433712,0
39,4.086352104,0.147330755,0
39,4.652189239,0.581153581,0
39,4.610831975,0.510455061,0
39,3.728437391,-0.13367626,0
39,4.214903737,-0.40366469,0
39,4.843233769,0.094987004,0
39,4.258421642,-0.119218161,0
39,5.061894562,-0.103775652,0
39,5.093335599,-0.774957431,0
39,3.858554324,0.779481141,0
39,4.219854164,0.054135521,0
39,3.918453797,-0.402677064,0
39,4.417812586,-0.64590514,0
39,5.032171825,-2.564539443,0
39,5.182459254,-1.285972739,0
40,5.981410746,0.360358312,0
40,5.393641521,-0.357011714,0
40,6.051068234,0.612805149,0
40,4.913905924,-1.790681697,0
40,5.988421462,-0.105253107,0
40,6.053999031,-0.176634235,0
40,5.254338002,-0.648223528,0
40,4.225000316,-2.256072106,0
40,4.889300572,-1.200492345,0
40,7.982749036,1.41895072,0
40,6.359476364,-0.01753582,0
40,6.053958134,0.623663445,0
40,5.949835201,-0.453775758,0
40,5.674314251,0.280718295,0
40,6.516441494,1.273081649,0
40,5.090740548,-0.713835293,0
40,4.920204637,-1.934356911,0
40,5.077640961,-1.462498404,0
40,6.231374467,-0.447917601,0
40,6.49645535,1.380559257,0
40,5.333292916,-0.884714399,0
40,4.49248351,-1.588410122,0
40,5.608710809,-0.99913259,0
40,4.358624424,-2.742705024,0
40,4.408149889,-2.29175375,0
40,5.099517212,0.010491448,0
40,5.463584256,-0.650915502,0
40,6.842883843,2.115689665,0
40,5.330592764,-0.360895998,0
40,4.103696602,-1.313658692,0
40,5.554293501,0.089476413,0
40,6.622570501,0.073740882,0
40,5.897476704,0.659840761,0
40,6.825069598,1.177765625,0
40,4.689059854,-1.113840842,0
40,5.033076462,-1.030515324,0
40,5.067213008,0.250428863,0
40,6.712379691,0.186102681,0
40,4.703085444,-0.310631465,0
40,6.449245413,0.339251924,0
40,5.78859005,-0.839652768,0
40,3.913642697,-0.841928309,0
40,4.420937645,-1.071456134,0
40,7.128432329,1.447671888,0
40,5.900023862,-0.61438302,0
40,6.326504903,0.140153282,0
40,4.67589079,-0.857524359,0
40,6.076517407,0.07745842,0
40,5.714660886,-0.21943396,0
40,5.773183435,-1.187355397,0
41,4.87633681,1.369764235,0
41,3.281718067,-0.651299124,0
41,4.699283954,1.241846136,0
41,4.195678245,1.033481832,0
41,3.960313348,0.219454057,0
41,4.466620865,-0.206113288,0
41,5.003336597,2.383737292,0
41,4.61392611,0.588109311,0
41,3.775918677,-0.474412384,0
41,4.421517483,0.174649329,0
41,4.87097519,1.146900539,0
41,4.869056111,2.101428584,0
41,4.157850277,-0.296613204,0
41,5.169608243,1.761014659,0
41,4.295424029,-0.307601942,0
41,4.870377094,1.491199445,0
41,4.689000176,0.92409307,0
41,4.257023036,-0.628347894,0
41,4.263901172,0.18315822,0
41,4.108209238,-0.378640934,0
41,4.82650401,1.243511531,0
41,4.990944878,1.462957058,0
41,4.053889487,-0.70765327,0
41,5.236741895,2.072433168,0
41,4.578539669,0.165618339,0
41,4.211699887,0.609050587,0
41,5.071799566,1.713572473,0
41,4.321601496,0.301710133,0
41,4.722733122,0.354982018,0
41,4.559491052,1.022255444,0
41,4.503333893,1.3817536,0
41,4.240583647,0.252111458,0
41,4.622399309,1.362333292,0
41,4.248710175,0.844625213,0
41,4.259721242,-0.60502288,0
41,4.232081881,0.720790941,0
41,3.918252641,-0.962410893,0
41,4.912911771,2.665552359,0
41,4.134960527,-1.073130433,0
41,4.819559144,0.562967037,0
41,4.785102935,0.531582375,0
41,4.927194629,1.639714064,0
41,3.786462316,-0.489300903,0
41,4.172143405,-0.961746355,0
41,4.602679893,1.575295403,0
41,3.242215068,-1.089070806,0
41,4.409772549,0.764355112,0
41,4.50165899,0.560732576,0
41,4.260017682,0.744524175,0
41,4.504895248,-0.194102721,0
42,4.729571829,-1.267763483,1
42,4.74493193,-0.659606878,1
42,6.292939391,1.032146289,1
42,5.830195868,0.038065417,1
42,5.723610682,0.478552577,1
42,5.773683728,0.190717799,1
42,4.22704082,-0.958135597,1
42,6.081369189,1.96659673,1
42,5.038543792,0.485029854,1
42,4.698131798,0.689023855,1
42,4.132991624,1.429006214,1
42,5.008616701,-0.465198159,1
42,4.268464482,0.658772357,1
42,4.102704432,0.352438656,1
42,4.803722849,2.051289881,1
42,3.731705099,0.482299825,1
42,6.118936775,1.476562394,1
42,4.360242762,-0.403479231,1
42,5.074145194,-0.918515057,1
42,5.226676632,0.419563067,1
42,4.300135058,-0.207893259,1
42,4.547746409,0.679491835,1
42,4.877503275,1.363649806,1
42,5.102323465,0.803244932,1
42,4.684733292,0.249202942,1
42,4.76350462,0.065057407,1
42,5.195588571,1.208752511,1
42,5.072116486,1.964650112,1
42,4.370943404,0.344778879,1
42,5.847677312,0.437474671,1
42,4.958983454,1.036103063,1
42,5.764370753,-0.196730174,1
42,5.122616826,-0.485903576,1
42,4.470163035,1.204472073,1
42,5.326103631,1.517017578,1
42,5.347101355,2.294182275,1
42,4.17157948,0.043738311,1
42,4.363803451,-0.078220805,1
42,5.332571064,1.222416408,1
42,2.757758842,1.089519729,1
42,4.937142538,-0.724453388,1
42,3.249788985,0.230492638,1
42,5.029898729,0.622914461,1
42,5.162645927,1.975531435,1
42,4.693672375,2.678275256,1
42,5.138469383,1.602183656,1
42,4.250479292,-0.824629695,1
42,5.735674967,1.752706347,1
42,5.291583623,0.205084776,1
42,5.027679777,-0.539987914,1
43,4.99714962,-0.549461995,1
43,5.142833276,0.89113121,1
43,5.376133936,0.566431081,1
43,6.106192329,0.270781117,1
43,5.996322419,0.602061858,1
43,5.486416844,-1.455435947,1
43,5.755952271,1.087473984,1
43,5.874081386,1.829910446,1
43,5.668195136,0.088253863,1
43,5.660616622,2.175236232,1
43,6.171504856,-0.469683978,1
43,5.778156415,0.665919467,1
43,4.884288146,1.936394458,1
43,5.456581024,2.222026043,1
43,5.988918851,0.41901079,1
43,6.480949416,-0.337809866,1
43,5.697519924,3.071472403,1
43,5.850235355,0.40981561,1
43,4.890324358,0.264160546,1
43,5.263445111,1.996876104,1
43,5.776243606,0.419669265,1
43,5.559400362,-1.315160118,1
43,5.622291593,0.150324419,1
43,5.613492189,0.475434291,1
43,5.57352192,-1.016307247,1
43,5.447017798,-1.105425741,1
43,5.297524932,-1.044980017,1
43,6.067457983,0.484090114,1
43,6.715281746,1.169024678,1
43,5.237291468,0.670032143,1
43,6.235453067,0.024723145,1
43,6.04137601,0.356731105,1
43,5.701167266,0.450901599,1
43,6.020893657,0.25239932,1
43,4.403017586,0.8162449,1
43,6.786018522,0.862764385,1
43,5.796336601,0.07817092,1
43,5.733256515,0.377843398,1
43,6.356942936,0.03289987,1
43,5.497079928,0.002193041,1
43,5.839395802,-0.920438547,1
43,5.672850334,-0.529194211,1
43,5.516819372,-0.217873614,1
43,6.128082297,-1.411332726,1
43,5.616384881,-0.053608049,1
43,5.705491157,0.184229309,1
43,6.334427707,0.925942143,1
43,5.208843928,-2.083362361,1
43,5.958396631,0.408192851,1
43,6.054091992,0.02022565,1
44,4.853526968,-0.921124836,0
44,4.879595992,-0.527188048,0
44,4.467755689,-1.984649712,0
44,4.738739994,-1.033931385,0
44,4.516265889,-0.591721635,0
44,5.823517983,0.466694938,0
44,3.907074983,-0.671779664,0
44,4.519077553,0.03546585,0
44,4.9293483,-0.911808675,0
44,5.189258519,-0.260657895,0
44,4.419667055,-0.446757745,0
44,4.136228838,-1.328807115,0
44,3.832211925,-2.634884444,0
44,5.446204892,-1.440630784,0
44,4.990947615,0.153937967,0
44,4.453214333,-0.008673815,0
44,5.655124384,-1.274034611,0
44,6.675116689,1.320580889,0
44,4.563295327,-0.326757416,0
44,5.382802261,-0.547388067,0
44,4.590852884,-0.790035098,0
44,5.122789059,-0.403803321,0
44,4.77812876,-0.846958377,0
44,5.198789743,-0.136673135,0
44,3.206199827,-2.327503357,0
44,4.912181475,-0.439454779,0
44,4.342602432,-1.566942616,0
44,4.396095344,-0.641679052,0
44,5.73517384,0.325761749,0
44,5.455809081,-0.203764309,0
44,5.87952098,0.953470831,0
44,3.704037135,-2.066698369,0
44,5.499428962,0.312811842,0
44,5.135804837,-0.086149702,0
44,4.572064472,-0.667428784,0
44,4.569793868,-1.126889135,0
44,4.606129224,-0.490663761,0
44,6.097820003,0.605556423,0
44,4.72768128,-1.046537072,0
44,5.806910648,0.573101751,0
44,5.01401339,-0.410923033,0
44,4.493411276,-0.854097936,0
44,3.693758211,-1.729181352,0
44,5.813642412,1.108857274,0
44,4.315138831,-0.889298108,0
44,4.63301999,-0.593557943,0
44,4.869726388,0.278770626,0
44,5.475471451,-0.644223595,0
44,5.255830028,-0.571673607,0
44,3.745849449,-1.815524937,0
45,5.571042207,-1.230533616,0
45,3.929724859,-2.560792864,0
45,5.363220708,-0.980444715,0
45,5.03345949,-1.081073394,0
45,4.193661993,-0.520974364,0
45,4.568339334,-1.029002516,0
45,4.671265407,-0.404281361,0
45,5.922452207,1.96273607,0
45,6.593506219,-0.876647661,0
45,5.209375324,-1.101724134,0
45,5.332817205,-1.878311254,0
45,4.585473876,-1.621705815,0
45,5.450988701,-0.408949425,0
45,4.866468006,-0.76036021,0
45,4.610029792,0.415530854,0
45,5.107181907,-1.145709607,0
45,5.953471548,-1.492825182,0
45,5.138984626,-0.863759893,0
45,5.299997553,-0.111823938,0
45,5.050668505,-1.668830122,0
45,5.407402769,-2.233194076,0
45,4.213677141,-1.213213993,0
45,4.167706283,-0.640360973,0
45,4.605309297,-0.615276256,0
45,4.421030627,-0.176254946,0
45,5.831417059,0.249633111,0
45,5.199524464,-0.545226106,0
45,5.203752106,0.406012314,0
45,5.038946449,-0.102014477,0
45,4.059957228,-1.909282491,0
45,5.823865465,0.200991402,0
45,4.140048922,-2.984558435,0
45,5.565211723,-2.342052371,0
45,4.837746974,-2.008846655,0
45,4.426204009,-3.297685917,0
45,5.147791594,0.055950488,0
45,5.880909977,-1.210191395,0
45,5.159682723,0.08264775,0
45,4.563578866,-0.433332351,0
45,5.107657091,-0.94084455,0
45,5.186540262,-0.010999948,0
45,5.890872931,-0.080967916,0
45,4.363672762,-2.250497029,0
45,4.014905112,-2.017601114,0
45,4.753813418,-0.192420255,0
45,5.258047371,1.002691622,0
45,5.358050663,-0.587798697,0
45,4.653645068,0.043644328,0
45,4.97776843,-1.004766346,0
45,5.359560775,-0.32198831,0
46,6.583464707,0.277312473,0
46,2.747666254,-0.395852224,0
46,4.10493588,1.399422267,0
46,5.903671793,0.617492975,0
46,4.668540873,-1.575197102,0
46,5.699708501,0.072479346,0
46,4.576298722,2.982838605,0
46,6.583652184,0.401733119,0
46,9.487955593,0.218117118,0
46,3.827940522,1.489764837,0
46,8.999374657,1.374996689,0
46,6.025005946,0.173774349,0
46,4.391636149,0.360402504,0
46,0.095417665,0.908323639,0
46,6.372957288,-0.063000608,0
46,5.784159416,1.030820374,0
46,4.251555401,0.446330974,0
46,3.245790981,0.154857342,0
46,7.232569042,0.32767366,0
46,5.896721128,1.901508108,0
46,2.396882548,1.645098444,0
46,7.237569963,0.231741147,0
46,7.392033369,1.152492786,0
46,2.583749079,-0.282799136,0
46,5.955503274,0.978511984,0
46,7.061661036,1.219974062,0
46,7.431755032,1.35138607,0
46,0.552625806,-1.230674951,0
46,4.650640812,-1.426733439,0
46,9.581292428,-1.420734522,0
46,6.369964435,-0.257156038,0
46,2.746778861,1.205920533,0
46,5.964562547,1.396078804,0
46,7.980080371,-1.435419785,0
46,3.017337701,-0.095250106,0
46,5.608262721,0.255748802,0
46,4.054130541,-2.021383099,0
46,8.576725699,0.32257332,0
46,2.516119852,1.123641637,0
46,3.703596025,0.101854872,0
46,4.818656886,1.914382104,0
46,1.820826351,-0.157595642,0
46,6.404387542,-1.516135836,0
46,4.546019878,0.499509389,0
46,7.471439226,-0.737744355,0
46,3.79818259,0.644233039,0
46,2.032984319,-0.555884636,0
46,6.293541982,-0.420462315,0
46,5.452082733,-0.215041789,0
46,4.974308188,0.449768766,0
47,6.664464221,-1.589403922,0
47,5.997417874,-0.063934988,0
47,5.341627054,0.788935524,0
47,5.428924342,-1.380061125,0
47,6.537067228,-1.640391047,0
47,6.123924304,-0.537083101,0
47,6.523552568,-0.367845821,0
47,6.267549426,-0.156480611,0
47,6.039291964,-0.296323079,0
47,7.391486821,0.167389957,0
47,5.873121147,-0.081762793,0
47,6.569949795,-1.752843044,0
47,6.362733222,1.200131145,0
47,7.129111797,-0.568775865,0
47,6.49059508,0.020544973,0
47,5.712662207,0.826218139,0
47,6.605014524,0.808467974,0
47,5.964735434,-0.370700335,0
47,6.263201109,0.819937609,0
47,6.359700869,-0.496739049,0
47,6.088147891,-1.122725922,0
47,6.962622263,-0.295644286,0
47,5.78835538,-0.200676173,0
47,7.683245459,0.618974728,0
47,6.107298053,-0.375266164,0
47,4.169914187,-1.584762606,0
47,5.59321864,-0.043790071,0
47,5.118334151,-0.729993655,0
47,6.129021563,-0.832811878,0
47,7.555156963,-1.245305534,0
47,7.150713629,-0.051934458,0
47,7.937694729,-0.932851779,0
47,6.594501674,-1.685366292,0
47,7.095810329,0.906413396,0
47,7.322167765,0.063955741,0
47,7.4365048,-0.104139264,0
47,6.098918429,-0.362043866,0
47,6.292417021,0.486388175,0
47,7.903707018,-0.771575149,0
47,6.027093002,-0.803319904,0
47,6.264847443,-0.385227179,0
47,5.564071878,-1.589052642,0
47,6.146362133,-0.956725515,0
47,5.974392072,-0.723518415,0
47,6.284446516,0.445556273,0
47,7.31315014,-0.649423883,0
47,6.182610567,-1.680486555,0
47,5.970627878,0.002026594,0
47,5.591608734,-0.802771975,0
47,4.968908309,-0.528411304,0
48,6.296996241,-2.875183914,0
48,5.424192411,-1.10794525,0
48,5.989111949,-0.190085532,0
48,5.757898828,0.335190807,0
48,5.216441294,-0.878430895,0
48,5.568393612,-0.960423367,0
48,5.468801922,-2.184865185,0
48,5.01735557,-1.156873155,0
48,6.396083407,-0.472280733,0
48,5.918250044,-1.787977481,0
48,5.317939244,-1.871040185,0
48,6.778656073,-0.306805492,0
48,6.368599875,-0.565925179,0
48,5.144604803,-1.062263756,0
48,5.914152338,-1.47190477,0
48,5.845022011,-0.310070169,0
48,6.224846737,-1.425261187,0
48,6.041842912,0.776068508,0
48,6.176236931,0.451358069,0
48,5.907097191,-0.96486575,0
48,5.560229009,-2.040509888,0
48,5.775258488,-0.624495569,0
48,5.730569953,-0.482508366,0
48,5.718429065,-0.959104323,0
48,4.459758966,-1.129910774,0
48,5.504685625,-0.603938617,0
48,4.941649868,0.747913213,0
48,6.171965547,-0.483809719,0
48,6.480271108,-0.484180393,0
48,5.600976353,-0.899201626,0
48,5.138489592,-2.343347061,0
48,6.451487664,-1.118909558,0
48,5.580895589,0.017016917,0
48,6.109346804,-2.146982293,0
48,5.992918076,-2.946639573,0
48,5.802543132,-0.66734463,0
48,6.189322581,-0.575986914,0
48,5.672146361,-0.85157768,0
48,6.003582987,-0.946478374,0
48,5.547902996,-0.133859389,0
48,4.710475886,-1.710268614,0
48,5.603107227,0.212793062,0
48,5.179450844,-2.91780452,0
48,5.547655202,-1.006745385,0
48,4.702687362,-1.79069064,0
48,5.225491947,-0.012378202,0
48,4.82828173,-0.750162618,0
48,5.94858055,-1.045982012,0
48,5.881361066,0.316875042,0
48,6.846259341,-3.168424286,0
49,13.67257004,0.393307744,1
49,5.368979548,-1.045570143,1
49,11.8874248,1.736793723,1
49,4.073284657,-1.362172403,1
49,10.0353217,-1.159668222,1
49,6.868489134,0.229100751,1
49,8.418646296,1.195969326,1
49,7.23970018,1.313956334,1
49,10.31628042,-0.354126962,1
49,7.092546249,-0.162345612,1
49,9.059246139,-0.083927558,1
49,6.834324793,1.831939136,1
49,3.324408253,1.424801846,1
49,4.905159037,0.768166759,1
49,10.94924769,0.009823607,1
49,14.10199361,1.410325255,1
49,2.746959664,0.931249608,1
49,4.544700181,1.717291547,1
49,8.056628198,-0.095637281,1
49,11.92567467,1.056854713,1
49,10.96498473,1.287556949,1
49,7.315777192,1.679127032,1
49,5.691145629,-1.185006722,1
49,5.419023943,0.788330507,1
49,8.449156172,1.268311692,1
49,10.42498224,1.003622801,1
49,7.126091886,0.459656736,1
49,9.190886916,0.337783788,1
49,7.131648677,1.484428237,1
49,11.78313036,-0.973462085,1
49,6.338461602,0.979334288,1
49,4.909768106,2.609093685,1
49,10.29232737,0.090193095,1
49,1.926238526,1.43528867,1
49,11.19296247,-0.092422056,1
49,8.43465039,1.179842833,1
49,9.418372342,0.384438009,1
49,3.701318782,0.978755237,1
49,8.634674871,1.792961385,1
49,9.657378277,-0.049635424,1
49,6.67918321,-0.309207432,1
49,7.301713951,0.469509435,1
49,11.67193489,0.848801809,1
49,4.326692439,-0.154163495,1
49,7.097484185,0.915250153,1
49,3.204365382,0.574112079,1
49,1.543670069,0.571081572,1
49,8.106705707,1.711804841,1
49,8.779998663,0.86963923,1
49,6.379657211,1.119472711,1
50,4.027940665,-0.007352147,0
50,3.617387162,3.466567529,0
50,4.659764928,0.433681452,0
50,4.183476138,0.538351838,0
50,5.763694948,2.554186203,0
50,5.622147434,0.021258879,0
50,4.490313452,-1.195043127,0
50,3.6479294,2.028208546,0
50,5.758766179,1.656411774,0
50,3.967099631,2.247140718,0
50,5.261742609,0.121716024,0
50,6.48053323,1.920908693,0
50,3.760836367,1.389203558,0
50,2.596255871,1.091269109,0
50,3.760093911,2.149924404,0
50,3.790813801,2.499125229,0
50,3.401818343,1.48161041,0
50,3.749128389,0.482446646,0
50,4.480746145,1.188929261,0
50,4.717942629,-0.795473092,0
50,4.523093192,0.648947751,0
50,4.817285828,0.323219371,0
50,4.825065552,0.932167692,0
50,4.96850985,0.064035798,0
50,2.508415777,-1.416255889,0
50,3.837442468,0.142907783,0
50,3.381603354,2.073272132,0
50,3.6265754,3.892078686,0
50,2.499354061,-0.233333659,0
50,4.683407627,1.066032915,0
50,4.78196566,0.68224286,0
50,4.74576046,1.79177884,0
50,3.672075593,-0.530150302,0
50,3.164135702,2.033448064,0
50,2.698836538,3.567050494,0
50,4.291302836,1.290830354,0
50,4.823297082,0.848805991,0
50,5.029693617,0.660333025,0
50,6.106940609,2.346248212,0
50,3.510928175,-0.659224127,0
50,4.614750471,1.14263732,0
50,2.993813861,0.119202617,0
50,4.606156749,1.254186383,0
50,2.147882189,-1.036005419,0
50,4.741612749,0.785803526,0
50,3.717080437,1.369185445,0
50,3.884252196,-0.427636936,0
50,4.880546548,1.10516206,0
50,2.88659043,0.955395775,0
50,3.875516955,2.300501463,0
51,6.149185739,-2.433897179,1
51,3.535642353,1.277054537,1
51,3.068412703,0.273289555,1
51,3.619911316,0.859625656,1
51,6.225537457,0.751202624,1
51,4.411811507,0.907989536,1
51,6.876526531,0.797933513,1
51,5.477460605,1.464967068,1
51,1.395941058,1.023011751,1
51,4.825197317,-1.016041209,1
51,4.121340734,1.569769324,1
51,5.279729657,0.449956468,1
51,6.515630146,2.367977003,1
51,4.582206873,0.161455951,1
51,4.487220106,-2.764262696,1
51,3.755403282,1.03108764,1
51,3.099371941,-0.131380804,1
51,7.218139419,0.085202219,1
51,4.599512148,-0.408024674,1
51,5.337594706,0.329439321,1
51,3.017262949,0.608330286,1
51,5.261645624,1.061550361,1
51,2.380312929,-0.430200446,1
51,8.221521323,-0.130840136,1
51,4.915239859,1.283632917,1
51,5.652931698,-0.191168221,1
51,2.748391978,0.688825808,1
51,4.450162192,1.627695942,1
51,4.906664539,1.403197493,1
51,5.216426646,0.789474418,1
51,6.33648076,0.502413329,1
51,4.648811418,0.591311503,1
51,4.56098874,1.402797255,1
51,5.843402401,0.368696159,1
51,7.100331266,1.896551116,1
51,4.350494326,1.434458185,1
51,6.581902657,-0.774806566,1
51,3.909851077,1.350669673,1
51,5.010892184,1.745873336,1
51,4.758010787,-0.517032183,1
51,6.668067978,4.536204068,1
51,5.559937565,-0.546939723,1
51,3.246134891,-0.141641809,1
51,6.715758483,1.187964582,1
51,4.630241732,2.078828549,1
51,2.655807613,1.899110696,1
51,6.234384875,0.374359818,1
51,7.105832373,0.381437717,1
51,5.755122066,1.003567081,1
51,2.837900832,1.181981145,1
52,7.688315418,1.483082401,1
52,6.102712729,0.727493527,1
52,4.757680051,-0.084106723,1
52,5.023568127,-1.463914017,1
52,3.895713103,-1.619849871,1
52,5.278024876,0.515870053,1
52,6.763265717,1.90857048,1
52,5.980532857,0.990177438,1
52,5.690248621,0.907536111,1
52,6.846812245,0.984875865,1
52,5.830806227,1.122818831,1
52,3.663690916,-0.359579605,1
52,5.508236079,1.613531403,1
52,6.011510166,1.048204859,1
52,5.413415859,2.375094972,1
52,6.208456369,0.140097406,1
52,6.586954661,1.456866021,1
52,7.147045331,2.470987854,1
52,5.871924764,-0.115419059,1
52,6.851202797,1.62380709,1
52,7.120934087,-0.808185966,1
52,4.573255135,-0.556323437,1
52,8.559249345,1.11554414,1
52,6.275325492,-0.66011084,1
52,5.641190847,2.013059166,1
52,5.167517876,2.067315537,1
52,5.260947189,-0.671969538,1
52,5.222023794,0.01450081,1
52,6.348303843,0.420846464,1
52,5.5057639,0.936164905,1
52,5.589484097,0.762471732,1
52,6.333462191,0.118299794,1
52,4.701503479,-0.815857169,1
52,5.212258911,-0.04989096,1
52,5.343709795,-0.109769135,1
52,6.315341648,1.25029892,1
52,5.150658757,1.692596104,1
52,4.69350681,0.244778901,1
52,5.486792446,0.989253681,1
52,5.643142897,1.972633975,1
52,5.558578023,-0.045804226,1
52,5.017511119,0.939819665,1
52,6.438769743,2.203791081,1
52,6.517738215,1.998704295,1
52,5.411154828,1.714569136,1
52,7.083719762,1.907740357,1
52,5.478908864,0.881577648,1
52,6.211418337,1.495901659,1
52,6.555318992,1.56602505,1
52,4.483815369,0.122474197,1
53,4.791256733,1.300236968,0
53,5.218003614,0.550733529,0
53,6.747253519,2.758828131,0
53,5.203299382,1.675078131,0
53,4.668627501,0.54296736,0
53,5.936471533,1.635871369,0
53,4.993203359,1.752143511,0
53,5.167849966,0.880182373,0
53,5.68482084,1.692994889,0
53,6.105535857,3.182897207,0
53,6.660986884,2.716542484,0
53,5.3060747,0.008056753,0
53,5.384823743,-0.046205014,0
53,5.676300489,2.275719747,0
53,6.035542337,2.917346036,0
53,6.185595567,2.585259977,0
53,5.276479532,1.724334714,0
53,5.823270214,2.421174937,0
53,6.214544266,3.255335502,0
53,6.331851145,3.118565267,0
53,6.988454529,2.637540933,0
53,6.546326616,3.32331126,0
53,5.633238198,1.145422367,0
53,5.372787294,2.10693336,0
53,6.432893348,2.407600823,0
53,6.055288959,3.448444668,0
53,5.069994324,-0.201396017,0
53,5.358046245,1.840921798,0
53,6.244284127,3.121076677,0
53,5.456451191,1.300652242,0
53,5.10877579,2.196983966,0
53,5.820678875,1.092534533,0
53,5.30831649,0.838915893,0
53,5.895098628,2.753712995,0
53,5.160682988,1.014149716,0
53,6.350222272,2.715343574,0
53,5.756448611,2.383521938,0
53,4.713630446,2.579178442,0
53,6.013002549,2.426946524,0
53,6.118001923,3.963174423,0
53,5.489265791,2.080140909,0
53,5.002079398,1.875169173,0
53,5.712618219,1.69822878,0
53,5.75414333,2.244186469,0
53,5.194654874,2.633026856,0
53,5.200236325,0.473598353,0
53,5.632219323,2.203808708,0
53,6.562256571,2.885993832,0
53,5.719222557,1.362350753,0
53,5.867643739,3.263282075,0
54,4.316548521,-2.272818073,0
54,3.817512895,-3.059370159,0
54,4.268730761,-2.381365945,0
54,5.279843465,-0.628475897,0
54,4.103162376,-2.716095963,0
54,5.285755132,-0.374712079,0
54,4.55397517,-2.132875478,0
54,4.734967596,-0.766976219,0
54,4.646349336,-1.354693365,0
54,4.995022834,-1.028502425,0
54,4.912072076,-0.765157735,0
54,5.402565308,0.29766752,0
54,4.126348039,-2.333315411,0
54,4.172352139,-2.440712494,0
54,4.662474333,-1.385654372,0
54,4.116633746,-1.96619544,0
54,4.677623618,-0.900210122,0
54,4.040581123,-2.288239812,0
54,5.249084103,-0.208211944,0
54,5.460881482,0.07145764,0
54,3.598470558,-3.123313058,0
54,3.906884972,-2.701366729,0
54,5.522136734,-0.144092766,0
54,5.135332084,-0.385113838,0
54,3.809789033,-2.701890566,0
54,4.482619824,-1.601625521,0
54,4.552804621,-1.728207736,0
54,4.744656401,-0.529037164,0
54,4.727594137,-1.40376574,0
54,3.993785537,-2.466172505,0
54,3.836053283,-3.101083667,0
54,4.068945381,-2.719919608,0
54,4.024703814,-2.245297836,0
54,5.064362721,-0.510356876,0
54,3.192289,-3.917034579,0
54,4.014961523,-2.906904426,0
54,4.673863936,-1.891399841,0
54,4.306811954,-2.106355903,0
54,5.072904722,-0.773668805,0
54,3.333489422,-3.722298208,0
54,3.993145394,-2.340127999,0
54,4.364947761,-1.518578918,0
54,4.251667922,-2.828944766,0
54,4.547876064,-1.281321502,0
54,3.945448225,-3.128838784,0
54,4.816017934,-1.532698911,0
54,5.26439167,-0.477153676,0
54,4.674846169,-1.529747106,0
54,4.686914,-0.818814549,0
54,4.488894987,-1.868864412,0
55,5.269163979,-0.591600742,1
55,5.766641418,1.535094208,1
55,5.351937324,0.54103026,1
55,5.478512115,0.047456038,1
55,3.667724743,-0.374907739,1
55,4.278347189,1.051264432,1
55,4.396535083,0.722138423,1
55,5.438607457,1.597718022,1
55,4.938024362,0.321145453,1
55,4.135040156,-1.270833034,1
55,4.064444888,0.336012504,1
55,5.140360477,0.563828558,1
55,4.421360017,0.811517185,1
55,4.633919305,-0.166351559,1
55,5.398985823,0.283422989,1
55,5.08274817,1.454718633,1
55,3.55696104,0.811165294,1
55,5.159408732,0.66286629,1
55,4.825267279,-0.257960476,1
55,4.508180957,1.049271971,1
55,4.366327896,-0.203112581,1
55,2.769211691,-0.632109915,1
55,5.268766342,0.14460699,1
55,4.089144631,0.64574072,1
55,4.336242248,0.778065364,1
55,5.231749245,0.740813689,1
55,5.776115761,1.064664053,1
55,3.225051054,-0.82150826,1
55,4.338463032,0.875584465,1
55,4.222292348,-0.266839451,1
55,3.171623248,-0.804840508,1
55,4.320875946,-0.182574974,1
55,3.812021869,-0.224720181,1
55,5.517509424,-0.081953175,1
55,4.981989043,1.110226405,1
55,4.58962397,0.14515338,1
55,3.750115616,-1.04463707,1
55,4.30929149,0.032991392,1
55,4.715948082,1.068195649,1
55,5.468179711,1.10350081,1
55,3.100855426,-1.141131886,1
55,6.125896258,1.542464609,1
55,4.783363886,0.646124689,1
55,4.951822543,1.096352473,1
55,4.54113813,-0.447045607,1
55,3.781893697,-0.158410077,1
55,3.998193701,-0.21909491,1
55,5.818412754,1.582641321,1
55,3.288400239,-1.096864162,1
55,3.814433567,1.002636903,1
56,4.44432023,-0.647645159,0
56,4.769001956,-0.511602862,0
56,5.121326604,-0.153394293,0
56,4.180962567,-1.855474785,0
56,5.454220901,1.45452598,0
56,4.982571489,0.362740852,0
56,4.725672924,-0.229482409,0
56,5.566166131,-0.20161044,0
56,5.505210207,0.836484433,0
56,5.505791363,0.707241043,0
56,4.855457945,-0.72451073,0
56,5.699619092,0.390304482,0
56,4.989413746,-0.837700226,0
56,5.092651679,-0.446063997,0
56,3.520319305,-2.913262802,0
56,4.760172108,-0.901035369,0
56,6.102965145,1.951424293,0
56,5.368989415,0.357897948,0
56,5.134858529,0.226048396,0
56,5.080322765,-0.19435518,0
56,5.805015182,-0.164905028,0
56,5.314692226,0.982194051,0
56,5.50357027,0.719261455,0
56,6.151388872,0.60594212,0
56,4.346698324,-2.099362439,0
56,4.211133575,-0.123937795,0
56,4.900503249,-0.336609266,0
56,5.184303571,0.224470722,0
56,5.18300407,-0.344352696,0
56,4.987136272,-0.091392385,0
56,5.537577923,0.829983441,0
56,4.392581879,-2.095439178,0
56,5.724206613,1.442956564,0
56,5.348232044,-0.323742445,0
56,5.578455277,-0.386053402,0
56,5.061049565,1.083748051,0
56,4.636004487,-0.440282427,0
56,4.67901381,-0.406992988,0
56,5.514626061,-0.109020377,0
56,6.032733263,1.041999133,0
56,5.450909055,0.701724524,0
56,4.566518511,-0.792184784,0
56,5.501270976,0.735767968,0
56,5.562559056,0.825352015,0
56,4.610338455,-0.701504306,0
56,5.002343384,-0.012189333,0
56,5.44049854,0.682596551,0
56,5.520000297,-0.165830951,0
56,4.219692379,-2.361144702,0
56,5.746770407,1.31621276,0
57,5.207589604,-0.833154627,0
57,4.880505531,-1.400994545,0
57,5.371907411,-0.309034322,0
57,5.706508799,0.269043848,0
57,4.836256679,-1.699891038,0
57,5.281520043,-0.759257451,0
57,5.110365107,-0.721950763,0
57,6.109419407,-0.477636398,0
57,5.402129189,-1.162036911,0
57,4.692270423,-0.926539356,0
57,5.363929108,0.944743,0
57,5.000999974,-0.469086286,0
57,5.745462963,-0.059111326,0
57,4.883780667,-1.529174911,0
57,5.043154081,0.184748906,0
57,5.077538543,0.054445681,0
57,4.629751249,-1.253028264,0
57,5.66133249,1.522279207,0
57,5.356987862,-0.091982442,0
57,6.209394621,0.842905532,0
57,5.908019702,0.491243985,0
57,5.044460713,0.298371842,0
57,4.923519971,-0.940448088,0
57,5.311223638,-0.793174022,0
57,5.144004611,-1.774341384,0
57,5.251688323,-0.08274405,0
57,5.286156056,0.175661949,0
57,5.489849699,1.024969276,0
57,5.980637116,0.160208522,0
57,5.210268067,-0.488999951,0
57,5.47205634,0.751261887,0
57,5.358388091,1.016386206,0
57,4.5872251,0.627725291,0
57,5.012400157,0.927048041,0
57,5.736118403,-0.083367373,0
57,5.968423986,2.110329767,0
57,5.110929815,-1.671144317,0
57,5.665890619,-1.038060284,0
57,5.361063265,-0.684709872,0
57,5.785019398,-1.133612369,0
57,5.680197875,0.107819354,0
57,5.126372866,-0.122129187,0
57,5.875357877,0.028358095,0
57,5.143249255,-0.20658563,0
57,5.388728744,-0.054140127,0
57,5.44080053,0.193793723,0
57,5.049379379,-1.297684199,0
57,5.014185005,0.578787185,0
57,5.377504044,-0.362479725,0
57,5.67285635,-0.402990351,0
58,5.122944313,1.143012152,0
58,5.566025469,0.664873814,0
58,4.625169471,1.198085174,0
58,5.329868351,-0.291530491,0
58,4.600603324,0.668126203,0
58,3.662900204,-0.748345215,0
58,4.824215852,-1.174933424,0
58,5.806076453,1.559808473,0
58,4.692337736,1.225015922,0
58,5.204217696,1.038432859,0
58,3.913270439,0.743787974,0
58,4.14385884,0.767675638,0
58,4.390792732,1.295940832,0
58,4.656085601,0.200088407,0
58,3.828972868,-1.101925595,0
58,4.525615843,-0.56112997,0
58,4.791970202,-0.759662809,0
58,5.096071488,1.560710347,0
58,5.117899298,0.244233829,0
58,5.328792586,1.175739261,0
58,4.857291264,1.056363088,0
58,4.812196089,0.845903955,0
58,4.015165608,-0.855753905,0
58,4.461762839,0.178783758,0
58,4.974227046,-0.356967864,0
58,5.7044371,1.317726863,0
58,4.19620831,0.670613764,0
58,5.143227688,2.718723246,0
58,4.019677918,-0.340397879,0
58,5.141914966,1.411021876,0
58,5.0442147,1.503250006,0
58,5.720292251,2.994092464,0
58,4.414267488,0.850416213,0
58,4.830332918,0.826326174,0
58,4.470295903,1.628112884,0
58,5.201434964,-0.056214287,0
58,4.515250551,-1.038708236,0
58,5.298012743,1.454942596,0
58,2.96323822,-1.121533234,0
58,5.896370481,1.700858036,0
58,5.783346311,1.593480929,0
58,4.34169302,1.566167943,0
58,4.924048786,-0.246669551,0
58,5.594440515,2.261638244,0
58,4.869743547,-0.578869201,0
58,4.190493253,2.113444725,0
58,4.886088377,0.916352699,0
58,4.142629917,0.715465521,0
58,4.418636559,0.763954986,0
58,5.418761695,0.82589423,0
59,4.498533216,-2.036449935,0
59,6.535389662,-1.014392163,0
59,4.036309132,-1.894720705,0
59,6.229227435,-1.012562014,0
59,4.418202223,-0.481168025,0
59,0.372472225,-1.701345504,0
59,7.056664627,-1.3093969,0
59,2.906729033,-1.164886474,0
59,4.008948429,-0.384087663,0
59,1.431593484,-1.622764966,0
59,7.931640395,-0.393354378,0
59,5.466433775,-0.816268089,0
59,8.253746712,-1.045895055,0
59,6.663124961,-2.740702547,0
59,4.143835723,-1.211146579,0
59,7.67872909,-0.968064283,0
59,7.493040833,-1.266494699,0
59,3.894836699,-1.649094345,0
59,8.049463884,-2.003819691,0
59,10.26976151,-2.990028708,0
59,9.881518622,-2.07818196,0
59,7.801036133,-1.374182039,0
59,5.314486948,-0.703820727,0
59,3.144914911,-0.391672905,0
59,7.735147262,-1.725265286,0
59,10.78657577,-1.210727366,0
59,6.400278447,-1.396299287,0
59,4.967630152,-1.880320867,0
59,6.687949884,-0.946364209,0
59,11.47154103,-2.205892064,0
59,2.097325871,0.490967651,0
59,3.140335342,-1.453905002,0
59,2.406430212,-2.120649844,0
59,6.47785852,-1.024269709,0
59,0.334972719,-1.587689728,0
59,6.661400827,-2.998880783,0
59,4.84640979,-1.878768244,0
59,1.904118302,-0.815256779,0
59,5.010619945,-1.216800181,0
59,3.509373319,-1.591326478,0
59,8.780411855,-0.444725596,0
59,3.08555141,-1.026469391,0
59,2.596659335,-2.623858433,0
59,6.48011696,-1.72649226,0
59,8.305254011,-2.190348397,0
59,5.238304258,-1.695212191,0
59,8.221894591,-1.62737652,0
59,5.635819567,-0.094586056,0
59,7.372274663,-0.609468034,0
59,5.305992608,-0.462553002,0
60,7.304639925,1.337893077,0
60,5.812380198,1.926607972,0
60,5.524840196,-0.535895183,0
60,5.72545449,0.639442437,0
60,5.703344757,1.883020134,0
60,6.733623384,-0.252635778,0
60,5.698154628,1.383209263,0
60,6.217632478,2.593017184,0
60,5.314883624,-1.239688808,0
60,5.567270016,1.702516773,0
60,5.839251267,2.024247793,0
60,5.076639728,0.747361957,0
60,5.351412196,0.097457948,0
60,6.095626917,0.452567932,0
60,6.44771019,2.027129335,0
60,5.473726039,2.473617477,0
60,6.808009705,4.133153282,0
60,7.30448647,1.284702956,0
60,6.771313052,1.17999937,0
60,4.309717931,2.178676312,0
60,6.843355978,1.815209703,0
60,5.159346758,3.301687744,0
60,6.806809936,0.971352124,0
60,5.696097553,0.567807097,0
60,3.80779698,-0.700737232,0
60,4.205945872,0.889902676,0
60,5.996800497,2.280846591,0
60,7.020815928,1.579601486,0
60,4.438234457,-0.030837188,0
60,5.959912913,0.982615226,0
60,6.319465546,1.293298547,0
60,5.758990328,2.011742886,0
60,6.278058485,0.787461234,0
60,5.311217962,0.304212893,0
60,5.752854128,-0.073501862,0
60,5.407265527,1.556205236,0
60,3.936363658,-0.529853565,0
60,4.952105617,2.973326611,0
60,5.847333399,0.422466894,0
60,4.501065202,1.166736554,0
60,4.816836912,1.460509834,0
60,7.164945349,-0.408031901,0
60,5.159359994,0.199777489,0
60,6.417528671,0.400909236,0
60,6.341105169,0.681451831,0
60,5.257917786,-1.31362616,0
60,6.360300193,0.852020944,0
60,6.559773393,2.328885401,0
60,6.074059207,0.273110001,0
60,5.887695316,3.093553541,0
61,3.147984114,0.174905484,0
61,4.120106342,-0.271875961,0
61,3.272440374,-1.231809331,0
61,4.909980221,0.855282676,0
61,4.162597251,0.86544827,0
61,5.061556774,-1.585917763,0
61,5.347756554,1.714598799,0
61,2.891803869,0.305258981,0
61,4.313647751,0.364201276,0
61,5.424060428,0.761814235,0
61,3.205375437,1.560171622,0
61,2.387211432,-0.615387372,0
61,4.29199476,1.285306999,0
61,4.191291955,1.079368254,0
61,4.604778623,1.344026838,0
61,5.339625871,1.20414001,0
61,3.80498204,-0.598625073,0
61,3.940263633,-0.003712206,0
61,2.581596824,-0.939599748,0
61,4.846814713,-0.967406048,0
61,4.773131384,0.23039514,0
61,3.582674568,2.278986489,0
61,5.617341169,0.460398477,0
61,3.705646961,0.824826983,0
61,4.801890462,-0.850304976,0
61,4.051404336,0.641231581,0
61,4.126181335,-0.143852558,0
61,5.501709039,0.979271948,0
61,4.453656795,-0.675998216,0
61,4.636724154,1.341377821,0
61,5.649194375,0.777247918,0
61,4.73452236,1.798770012,0
61,4.31071427,0.280872938,0
61,4.509809974,0.892641538,0
61,6.093309773,0.710359496,0
61,4.337144912,0.051504684,0
61,4.41108326,1.707785584,0
61,5.385005956,1.606382428,0
61,4.66830854,0.691004227,0
61,4.2938515,1.33923686,0
61,5.591545064,2.336864636,0
61,5.781369101,2.79126717,0
61,3.722702249,-0.164551248,0
61,5.100920392,0.090136015,0
61,3.059361496,0.018721458,0
61,2.736639878,0.6333193,0
61,4.449649731,1.857018757,0
61,6.013511134,-0.419201639,0
61,3.610308778,-0.588069428,0
61,3.331046046,-0.481940908,0
62,4.773684589,-0.406211844,1
62,4.861974874,-2.747520695,1
62,4.048615071,-2.932041515,1
62,4.476845155,0.663801761,1
62,5.420751319,-0.358236791,1
62,6.819472862,0.66392692,1
62,4.663832807,-0.90130373,1
62,4.65142387,-1.229546717,1
62,5.671337673,-0.414108984,1
62,4.066822526,-0.558041802,1
62,5.728492632,0.79050447,1
62,5.354649104,-0.455560813,1
62,5.243904545,-1.026468633,1
62,4.71476698,0.30403452,1
62,4.742108609,-1.808649705,1
62,5.184942731,0.003917736,1
62,5.591434629,0.455405618,1
62,5.492131386,0.318215869,1
62,5.784547606,0.405523925,1
62,4.696350007,-0.901289655,1
62,5.198199417,-0.664194421,1
62,7.396373269,1.071822219,1
62,5.847663192,0.32022169,1
62,5.673361647,-0.549999092,1
62,6.236160893,-0.493697893,1
62,6.778595454,-0.021188072,1
62,6.158477618,0.391667155,1
62,5.766934192,0.702064542,1
62,5.913424062,-0.053247102,1
62,5.68037074,-0.42533553,1
62,4.553979584,-0.790957248,1
62,5.924730138,-0.882255686,1
62,5.444325157,-1.580662198,1
62,6.669206183,0.005373464,1
62,5.363964834,-0.500493147,1
62,4.543602,-1.151720991,1
62,4.091510881,-1.509528085,1
62,4.057785183,-2.259285781,1
62,6.153237055,0.854832752,1
62,4.741125827,-1.445124981,1
62,5.207662686,-0.644261589,1
62,4.826527462,0.54038606,1
62,4.547859519,-0.760975717,1
62,6.274413109,0.898011214,1
62,5.626256926,0.118736586,1
62,5.448380665,0.699967498,1
62,6.516655494,1.451953846,1
62,5.340944363,1.032074333,1
62,5.292872348,-1.229488363,1
62,3.987364666,-0.666700197,1
63,3.613693031,-0.141624021,0
63,3.628209684,-0.357523778,0
63,3.683292533,-1.417394403,0
63,3.435052677,1.730061125,0
63,3.304509375,2.602375628,0
63,3.334645605,1.393817334,0
63,3.533599089,-0.554749494,0
63,3.708880276,0.582525045,0
63,3.732907032,0.954295967,0
63,3.570527322,0.236571117,0
63,3.409120634,0.199757308,0
63,3.279724545,1.414892103,0
63,3.778297443,0.121728246,0
63,3.209895311,1.428132136,0
63,3.671139918,0.359372812,0
63,3.684617845,0.023636696,0
63,3.627868161,0.426437125,0
63,3.414849476,0.853606382,0
63,3.384301876,0.446897861,0
63,3.700343836,-0.218480151,0
63,3.571470733,0.098877533,0
63,3.55176038,0.780845799,0
63,3.542492958,0.730042286,0
63,3.662653699,1.086592548,0
63,3.512527828,0.616257163,0
63,3.455435117,0.442211801,0
63,3.67000859,1.083306917,0
63,3.115521009,0.752666061,0
63,3.6514044,0.497238744,0
63,3.433957218,0.588968804,0
63,3.377350993,-0.168922525,0
63,3.427281526,1.498028489,0
63,3.607899822,0.419506426,0
63,3.571280322,-0.276566505,0
63,3.697566897,-0.41298935,0
63,3.504508405,0.596152081,0
63,3.411771169,1.115638577,0
63,3.516343296,0.028528798,0
63,3.170749585,1.622197489,0
63,3.507019701,-0.148226513,0
63,3.549829316,0.201919723,0
63,3.724365967,-0.082654431,0
63,3.752077017,0.673055692,0
63,3.871408277,-0.360948896,0
63,3.515175997,1.629945142,0
63,3.656435858,-0.283473059,0
63,3.898257871,-0.609490478,0
63,3.323257226,0.335391994,0
63,3.419003098,-0.078631183,0
63,3.602233861,-0.306204914,0
64,4.655029846,-3.837287344,0
64,4.19176885,-3.797366346,0
64,4.419853103,-2.803924862,0
64,5.342501628,-1.685158324,0
64,4.83271695,-3.122410526,0
64,3.751525404,-4.233826735,0
64,4.331981355,-2.306235935,0
64,5.700936424,-2.274887806,0
64,4.668690584,-4.234353632,0
64,4.289879503,-3.027966815,0
64,5.963877975,-0.98586006,0
64,4.642849358,-2.419474545,0
64,4.607769853,-2.11219289,0
64,4.471165968,-3.609887772,0
64,5.010310335,-1.695715916,0
64,5.558928317,-2.232591959,0
64,5.455812238,-1.357417051,0
64,5.615077788,-3.144606637,0
64,4.76719115,-2.808689212,0
64,4.86506504,-2.53541342,0
64,4.370259749,-3.571439665,0
64,4.72987233,-2.761470696,0
64,5.447033674,-2.008722535,0
64,5.478429352,-2.572764154,0
64,4.406196909,-3.20303806,0
64,5.042407712,-2.161137102,0
64,4.884123908,-3.135111812,0
64,5.240508826,-1.941025512,0
64,4.466431248,-2.002500222,0
64,5.433754798,-1.116722044,0
64,4.84088605,-2.328355434,0
64,5.343622002,-2.826781477,0
64,4.130347189,-4.247142476,0
64,4.949840668,-2.705256228,0
64,5.376384938,-0.840760293,0
64,4.405438728,-2.954786909,0
64,5.54916096,-0.360476349,0
64,4.378756483,-3.492079281,0
64,5.387580301,-1.928920789,0
64,3.313398402,-4.552711668,0
64,5.063370756,-2.67591895,0
64,5.63476013,-1.502069568,0
64,4.435323008,-2.520071125,0
64,4.485306062,-3.004409185,0
64,4.696907711,-2.98983283,0
64,4.093877764,-3.972504589,0
64,5.972787228,-1.371049348,0
64,3.908074486,-2.345785275,0
64,4.33739013,-2.131225794,0
64,4.542252956,-2.690585382,0
65,4.497341105,0.290592784,0
65,4.695149453,-1.015936724,0
65,5.145495271,0.335540928,0
65,5.010946007,0.462648208,0
65,4.565219342,0.871711819,0
65,5.439875053,2.109319508,0
65,4.761358788,0.754147497,0
65,4.861157399,1.929045145,0
65,5.258029763,1.580125595,0
65,4.249188063,-0.662006362,0
65,4.723197483,-0.497575553,0
65,4.169935732,0.400639443,0
65,4.913662457,-0.725031797,0
65,4.829570119,1.253600991,0
65,5.123319198,0.493540425,0
65,4.862320848,-1.105870218,0
65,5.094977542,0.79676155,0
65,4.9874954,0.707499549,0
65,5.398191434,1.943088232,0
65,5.009053638,1.062955154,0
65,4.412828091,0.231370194,0
65,5.235469177,1.120905937,0
65,4.781198888,0.481672019,0
65,5.302787674,0.586034551,0
65,4.99052806,1.755953571,0
65,5.42810774,1.935741407,0
65,4.659035423,-0.137463299,0
65,4.623551606,1.386919641,0
65,4.907607471,1.726439205,0
65,4.914555367,0.917256472,0
65,4.782764865,1.385764653,0
65,4.457253302,-1.111781444,0
65,4.913862533,-0.086540477,0
65,5.723484514,0.093537638,0
65,4.682482822,-0.694130215,0
65,5.089238395,-0.100214371,0
65,4.814661442,0.126850146,0
65,4.90052215,0.080123738,0
65,5.116106852,1.274022602,0
65,4.477693914,-0.696922535,0
65,5.897795625,1.510241602,0
65,5.004636395,1.133462569,0
65,5.210004151,0.652924389,0
65,4.116462053,-1.059257562,0
65,5.060643633,0.861983457,0
65,4.011743339,-1.323433885,0
65,4.543939609,1.632747085,0
65,4.691109498,-0.158816545,0
65,4.617398909,1.041173535,0
65,4.854540275,0.784899742,0
66,3.855270324,-2.586297318,0
66,3.641079035,-1.975743622,0
66,4.751613204,-1.075034515,0
66,4.801601926,-1.656316231,0
66,4.277497857,-1.533623585,0
66,6.543440974,0.026856192,0
66,5.394768143,-2.4149689,0
66,4.375092454,-1.904814277,0
66,4.497307666,-0.923509882,0
66,4.023840284,-1.518650147,0
66,4.432280832,-0.331139189,0
66,4.17043296,1.166679157,0
66,3.903165202,-2.066274515,0
66,4.446567203,-1.09614343,0
66,4.448327068,-1.63611732,0
66,5.686479612,-0.712852357,0
66,3.123578175,-0.479864845,0
66,4.885313973,-1.892639939,0
66,3.724555633,-0.157669059,0
66,4.210550834,-0.924936771,0
66,3.9315119,-1.767645026,0
66,4.834780966,-1.303519046,0
66,4.540706236,-2.575384049,0
66,5.236849598,-0.817560817,0
66,4.363248229,-1.78415696,0
66,4.420885408,-1.450775872,0
66,5.005677341,-0.760482332,0
66,5.177272466,0.764147223,0
66,4.884474237,-1.196435635,0
66,4.778877205,-2.145877693,0
66,4.198481683,-1.650806869,0
66,5.617659046,-0.023697967,0
66,4.214106785,-0.478850108,0
66,5.196168653,-0.78710521,0
66,5.060457166,-0.020116005,0
66,4.186674076,-1.739694867,0
66,5.064610214,-2.699406467,0
66,3.760646318,-2.273782503,0
66,5.739433472,-0.613056065,0
66,4.603782459,-2.083842568,0
66,4.508180952,-0.057855034,0
66,5.401527928,-0.69777763,0
66,4.569560975,0.686232712,0
66,4.400834884,-0.795716787,0
66,3.355663701,-2.347160287,0
66,4.48771118,-2.625975007,0
66,4.841331351,-1.032933046,0
66,4.564903784,-1.61791945,0
66,4.623480313,-0.995912455,0
66,5.088189137,-1.486561259,0
67,4.852918116,-0.837139116,1
67,5.091060247,-1.59298793,1
67,5.782354632,-0.974135556,1
67,4.646607295,-1.247560737,1
67,5.362986918,0.943361417,1
67,4.914234573,-0.740181078,1
67,4.661007622,-0.41975422,1
67,3.485130569,-1.799404674,1
67,5.118977828,-0.358520509,1
67,4.838444501,-1.009324993,1
67,4.83204046,-0.594125846,1
67,5.616610719,0.075277334,1
67,6.145754838,-0.204373669,1
67,5.128243993,0.389166275,1
67,4.874940205,-1.39133144,1
67,6.076214482,-0.142839134,1
67,6.959850338,0.577517846,1
67,4.806383184,-1.067445836,1
67,5.137827737,-0.172547077,1
67,5.991551136,0.944869861,1
67,5.213046074,-0.280869297,1
67,4.825219531,-1.23233894,1
67,5.673253745,-1.050893333,1
67,5.779177378,-0.236310932,1
67,6.588646618,-0.528009067,1
67,5.167255932,0.143095629,1
67,4.387477634,-1.973894875,1
67,4.690975682,-1.017625728,1
67,4.652603105,-1.137453963,1
67,4.837672291,-1.040979464,1
67,5.762317485,-0.024936177,1
67,3.951531846,-3.020944685,1
67,5.711664413,0.056718089,1
67,5.623713078,-1.632473207,1
67,3.871719146,-2.92478663,1
67,5.928297209,-0.03210499,1
67,6.141144776,-0.771949138,1
67,5.445504324,-0.829470422,1
67,5.172403216,-0.988987413,1
67,5.569582054,-0.731685246,1
67,4.174420263,-1.795733854,1
67,4.955004231,0.232109918,1
67,5.439185591,-1.740302394,1
67,6.962551852,3.134728658,1
67,4.085420198,-3.120001959,1
67,5.562110468,-0.93321507,1
67,5.070854356,-0.361620417,1
67,3.845598303,-1.721750518,1
67,5.065344482,-1.401724313,1
67,4.496191421,-0.939817955,1
68,4.329619928,2.233085832,0
68,4.789181485,3.260351662,0
68,4.53069318,1.237269627,0
68,3.365944194,-0.035631193,0
68,3.814747536,1.648759449,0
68,3.702918699,0.775559608,0
68,4.02298064,1.905280573,0
68,3.621538212,1.185692032,0
68,3.683660198,2.576619266,0
68,4.233637681,1.223751568,0
68,4.140173045,2.552080891,0
68,4.048309668,0.317619462,0
68,4.070952442,0.397698484,0
68,3.90787801,0.827712012,0
68,3.462696687,1.316972613,0
68,3.533789763,1.846441159,0
68,5.078233629,0.375977577,0
68,3.934834163,2.915704866,0
68,4.793111942,2.25346127,0
68,4.675732908,-0.897712305,0
68,3.172926592,1.207608765,0
68,2.782559785,1.388803623,0
68,4.784224895,1.463327053,0
68,3.989255697,1.936833461,0
68,4.170546728,2.213715249,0
68,3.093546774,2.065242908,0
68,3.728821996,0.443571221,0
68,4.467978796,-0.133264258,0
68,4.527065631,1.923204732,0
68,2.726270736,1.217826901,0
68,3.474166697,1.141361436,0
68,3.756998372,0.049663071,0
68,4.294655711,2.776882873,0
68,4.380222314,2.410031175,0
68,4.362001586,2.079697561,0
68,3.402434895,0.756957431,0
68,3.836525609,2.053103427,0
68,4.766569122,1.17975074,0
68,4.261113495,1.058623143,0
68,4.16913496,1.8786909,0
68,3.102844633,2.021678407,0
68,3.389454639,0.717480712,0
68,3.702349702,1.384459313,0
68,3.420709811,0.913173091,0
68,4.076803226,1.152143413,0
68,4.795263284,1.30027006,0
68,3.794636871,0.74448765,0
68,3.254604334,3.439560815,0
68,3.988776924,-1.038746714,0
68,4.693179437,1.161700858,0
69,6.769171388,0.442458442,0
69,7.555114275,0.02382807,0
69,3.938168124,-1.46742621,0
69,5.4144351,-0.181585552,0
69,6.53584309,0.992563845,0
69,5.687354842,0.577553873,0
69,5.369742928,0.752190186,0
69,5.967438858,0.317771319,0
69,5.086053414,-1.451992856,0
69,7.415688009,1.61708249,0
69,5.907889103,-0.516192526,0
69,6.171715426,-0.694738244,0
69,6.250949676,-0.423554846,0
69,5.495759272,1.216813032,0
69,5.702138619,1.235683511,0
69,7.220914467,0.061575746,0
69,5.380199294,0.079911092,0
69,7.01830868,0.69048648,0
69,6.413432543,1.102243319,0
69,5.695944951,0.039830173,0
69,7.899985622,1.02650494,0
69,5.425736445,-0.93737933,0
69,4.185663975,-2.264349916,0
69,5.16812867,-0.005756679,0
69,6.940523888,-0.190611923,0
69,6.817980677,1.10140874,0
69,5.877223639,-0.084751696,0
69,5.790115517,-0.859105767,0
69,5.482004101,-1.339023593,0
69,5.44348192,0.034734431,0
69,5.663050384,-1.200074279,0
69,7.797634829,1.787431487,0
69,6.127171654,-1.130791512,0
69,7.446222918,0.619051074,0
69,7.854616236,0.133465978,0
69,6.319433897,1.539232914,0
69,5.951046745,-0.555571036,0
69,5.162369654,0.112966952,0
69,6.882035256,1.39393124,0
69,4.570280186,-1.105441819,0
69,4.911279119,-1.471781121,0
69,5.515173363,-0.242211943,0
69,4.945827087,0.257702301,0
69,5.184798727,-0.476932848,0
69,5.436544883,-0.978552572,0
69,6.43138951,0.181448063,0
69,6.043428375,-1.01067502,0
69,6.618095739,1.287046259,0
69,5.627797432,0.119852593,0
69,6.449088363,0.593539564,0
70,4.499776896,-0.405448599,1
70,6.08447087,-0.539184259,1
70,4.886860452,-0.546141838,1
70,6.113397859,0.369284574,1
70,4.927313457,0.999716608,1
70,5.794008326,1.456273963,1
70,6.634344286,0.793063363,1
70,10.4237773,1.250323469,1
70,6.813213765,-0.545256854,1
70,6.617098533,1.100463828,1
70,6.365607746,1.668331175,1
70,3.563869899,-1.452135906,1
70,7.442188474,0.752655495,1
70,6.755658779,1.126062332,1
70,5.757822607,0.497774843,1
70,6.289461224,0.037019764,1
70,6.340523867,1.369848788,1
70,3.637917638,-0.284697538,1
70,4.186791572,-0.931819189,1
70,2.877963069,-0.725852182,1
70,8.045556203,0.861189521,1
70,6.280107091,0.265500568,1
70,2.553113064,0.189185389,1
70,4.272165672,0.099656247,1
70,4.944236507,0.375015966,1
70,5.563048544,0.296420917,1
70,4.192833224,0.288426287,1
70,6.473406489,0.865835747,1
70,3.46135682,-2.020786369,1
70,6.636287173,-0.30486413,1
70,6.867440214,0.424791523,1
70,6.484724285,-0.752716598,1
70,7.049979246,-1.073420441,1
70,6.497592682,-1.024728436,1
70,5.900942642,-0.071968061,1
70,3.510377109,-1.128385564,1
70,5.23999842,-0.412234001,1
70,6.406233995,1.965086912,1
70,5.906385114,-0.808903636,1
70,7.462880924,0.072207671,1
70,6.208177076,1.320010313,1
70,6.806530625,0.283092059,1
70,5.996336657,2.178063624,1
70,5.779742646,0.554167604,1
70,8.698348626,0.328713807,1
70,6.529362458,-0.927878376,1
70,7.177835124,1.835890416,1
70,3.928476861,-1.340131628,1
70,6.089857118,0.430713307,1
70,5.402806049,0.632857849,1
71,3.713161275,-0.870800667,0
71,3.433679768,-0.201746565,0
71,3.821268107,-1.175971105,0
71,3.844648377,-1.413189303,0
71,4.818917787,-0.296954871,0
71,4.156772524,1.433585079,0
71,4.006703036,-0.149527198,0
71,5.283457026,-0.120546852,0
71,3.271600292,-2.328918754,0
71,3.203292704,-0.155346467,0
71,4.420051205,1.383253329,0
71,4.655180073,-1.138569183,0
71,4.072498288,1.123927208,0
71,3.627827719,1.52575274,0
71,3.828141838,-0.839679921,0
71,4.12806098,0.890010052,0
71,4.148210309,0.286263772,0
71,4.274813986,-0.887676396,0
71,3.609267565,2.728415032,0
71,4.491959481,1.125237407,0
71,4.929685695,0.157860191,0
71,3.834138589,0.049021766,0
71,4.303933863,0.636576281,0
71,4.654605691,1.858695817,0
71,3.807185018,0.830784723,0
71,3.968692921,1.109869227,0
71,3.505337827,0.669768515,0
71,4.40819637,0.549953985,0
71,5.281956666,1.076610762,0
71,4.946390204,-0.585805024,0
71,3.489288657,-0.577378077,0
71,4.410651001,-0.445769028,0
71,3.789163558,-0.946953442,0
71,3.99540383,-0.150097749,0
71,4.583554086,-0.644681172,0
71,3.296672752,-0.665670983,0
71,3.591732156,1.488868107,0
71,4.899443753,0.369885701,0
71,4.504779994,0.547552875,0
71,4.192506152,-1.877969016,0
71,3.954650076,-1.041573977,0
71,5.075310416,-0.586932156,0
71,3.495508828,0.229086138,0
71,4.284477414,-0.592344436,0
71,4.201016088,1.613305838,0
71,4.622342472,-0.37451971,0
71,4.814095447,-0.408522276,0
71,3.798241449,-0.067274675,0
71,4.883426478,0.509669093,0
71,3.618889818,0.18983533,0
72,3.671446364,-0.505834461,1
72,6.568826802,1.548927473,1
72,6.70566506,-0.588419075,1
72,5.654726366,1.360729548,1
72,6.336153745,0.710322352,1
72,5.373688885,0.472394318,1
72,6.459999444,-0.808501537,1
72,6.553473833,-0.363645681,1
72,6.137953405,1.221861695,1
72,5.907137488,0.672133455,1
72,4.965811072,-1.959436269,1
72,6.461548308,1.92987508,1
72,4.77019267,0.395878578,1
72,4.92971593,1.82628079,1
72,2.620792829,-0.723778349,1
72,6.098709341,-1.920967403,1
72,6.426140031,1.681360732,1
72,5.829201561,0.794047151,1
72,8.137243812,2.796187678,1
72,4.878425197,0.312421984,1
72,7.176480771,0.632647109,1
72,6.817792987,1.051853481,1
72,6.65028955,1.647516251,1
72,2.833466779,2.401827195,1
72,5.404038912,0.744627882,1
72,4.090322692,0.965668665,1
72,5.428950187,-0.626574087,1
72,6.431515425,0.357258558,1
72,6.164602459,0.97282721,1
72,5.784265014,0.196290147,1
72,4.331930695,0.347521649,1
72,7.20628277,0.631553964,1
72,5.732260383,1.800545576,1
72,3.585026811,-0.461955933,1
72,7.016694011,2.786861174,1
72,6.041389314,1.681879123,1
72,7.104744319,-0.488582055,1
72,4.803772127,-2.183151568,1
72,4.378693305,0.711682887,1
72,6.078666451,0.901302342,1
72,6.123769771,0.106497402,1
72,5.396867504,0.62133115,1
72,4.778411719,0.311382322,1
72,5.568844265,-1.088934257,1
72,5.453893067,-1.42007232,1
72,7.49684814,0.923780306,1
72,5.843847368,-0.193222773,1
72,9.585913083,0.513834983,1
72,6.911928259,-0.286160541,1
72,6.865385609,0.903653817,1
73,3.887054212,2.114947584,0
73,4.748075449,1.364870428,0
73,2.988526178,0.950668754,0
73,4.205574775,0.272078693,0
73,3.897262386,-0.439194185,0
73,3.235777486,1.650916631,0
73,4.659940541,-0.18220548,0
73,5.104398396,0.481165255,0
73,4.770635303,1.700580883,0
73,5.094804576,1.092888432,0
73,5.761917808,4.94818161,0
73,3.18005279,0.206949392,0
73,5.300237605,1.66517126,0
73,4.562883691,1.170312185,0
73,4.657329933,0.769262693,0
73,5.188854408,2.277882354,0
73,6.431993187,2.181400022,0
73,4.976931796,2.002420656,0
73,4.574160252,0.834502546,0
73,4.877337428,-1.277841953,0
73,6.264072393,-0.29495626,0
73,5.724175399,1.104681665,0
73,4.273521865,1.284528408,0
73,5.23395737,1.279466086,0
73,5.149087742,0.445340235,0
73,6.044165381,0.553456555,0
73,4.472160072,1.04723931,0
73,3.860858301,-0.984258283,0
73,4.029843415,1.054378334,0
73,3.020307853,0.719809673,0
73,3.273010993,-0.04870508,0
73,4.413574437,0.357033792,0
73,5.277592614,0.480366699,0
73,5.64077083,0.414998532,0
73,4.033151148,1.321286572,0
73,5.067674505,-0.613460985,0
73,5.097792723,1.852130742,0
73,5.824644752,0.532691387,0
73,3.803259274,2.366808142,0
73,3.891233777,2.25543789,0
73,4.447470857,2.279807876,0
73,5.891508004,1.298793323,0
73,3.825190365,1.677870375,0
73,3.722020828,-0.619207529,0
73,5.390823565,-0.584215,0
73,5.105501099,2.115258125,0
73,4.896618781,1.786466388,0
73,4.628345984,-0.757954987,0
73,4.230917371,-1.441428629,0
73,4.903547444,0.928845455,0
74,4.581126216,0.969988798,0
74,5.813302941,-1.316972057,0
74,6.006441247,0.595556128,0
74,5.120668382,1.491421551,0
74,6.54842926,1.757580851,0
74,5.621354885,0.078446419,0
74,5.270033145,2.167000407,0
74,5.568254268,0.190673403,0
74,5.110708433,2.605068753,0
74,4.583297699,0.556022902,0
74,4.68860571,0.247232723,0
74,5.125365469,1.628522037,0
74,4.770076074,1.599080507,0
74,6.409571922,-0.733369652,0
74,4.829702604,0.718238584,0
74,5.778787401,1.537163474,0
74,5.686391005,2.287827545,0
74,5.819990145,-2.285053923,0
74,5.138142265,0.527196146,0
74,5.841953321,0.865418862,0
74,5.862073784,-1.031740483,0
74,5.385653824,0.433286514,0
74,5.669704592,1.858031265,0
74,5.838189436,-0.449479948,0
74,4.809955551,-0.155523547,0
74,5.139568962,2.612378841,0
74,5.401975404,0.967727894,0
74,5.488994034,-0.472717365,0
74,6.185374364,0.554442398,0
74,5.53031312,0.686514848,0
74,5.063545773,0.50120456,0
74,4.741936601,0.126226967,0
74,6.098393256,2.152103367,0
74,5.695357107,-0.216020573,0
74,5.859589726,-0.335206371,0
74,6.296860653,0.241105725,0
74,5.007498307,-0.804945554,0
74,5.775732466,0.024987733,0
74,4.737671905,0.459579919,0
74,5.123335676,-0.210133653,0
74,4.78103074,0.572971377,0
74,5.097342101,0.173210201,0
74,5.145720998,0.427262408,0
74,4.909637218,1.805876818,0
74,5.651475032,0.865025679,0
74,5.517783956,2.12550408,0
74,6.044754337,0.840999552,0
74,5.655213261,0.718958433,0
74,5.490839293,1.08495173,0
74,6.195357339,0.498161364,0
75,4.211567299,-0.048639065,0
75,3.93573889,0.642340258,0
75,3.304898529,0.602968563,0
75,5.083708893,0.681769938,0
75,3.994292883,0.631835338,0
75,4.961651846,0.013345913,0
75,4.884659097,1.307092094,0
75,5.568361958,-2.471691057,0
75,4.126454981,0.387771103,0
75,5.349408732,1.239627307,0
75,3.050857057,0.76126641,0
75,3.999627017,-1.875324629,0
75,4.97571005,-0.95299433,0
75,4.323028393,-0.131753415,0
75,3.623272202,0.854578153,0
75,5.156613893,0.320222823,0
75,3.481177534,0.050363485,0
75,4.979549713,-0.070200726,0
75,3.058779851,0.071804045,0
75,3.53799704,-0.451793931,0
75,4.299101111,0.004126898,0
75,4.9895413,0.555303582,0
75,4.677600164,-0.867815164,0
75,3.314932663,-0.954816117,0
75,3.683880319,-0.380717039,0
75,3.213270146,-0.800584723,0
75,4.046290446,0.587572684,0
75,4.885921079,-0.774104082,0
75,4.482822512,-0.155483856,0
75,4.939658578,-1.153128788,0
75,5.145676597,-0.391369349,0
75,5.053288678,-0.714832149,0
75,4.497250645,-0.132007818,0
75,4.819176399,0.145275922,0
75,4.512780103,-1.086683295,0
75,5.629775877,1.492940079,0
75,3.171874234,-0.727020095,0
75,4.007034098,-0.097243078,0
75,5.882745831,0.189436406,0
75,3.957524519,0.754695073,0
75,4.590870045,-1.853666943,0
75,3.347430291,1.731749295,0
75,3.878546092,-0.39073362,0
75,4.572978551,0.785320379,0
75,4.39434671,-0.017050004,0
75,5.730959929,-1.703856535,0
75,4.342067042,-0.503101287,0
75,4.400492281,-0.583043467,0
75,4.019123352,1.806108895,0
75,4.221307038,0.124392516,0
76,5.273847072,1.91674716,1
76,4.811852648,-0.188071292,1
76,4.770034986,-0.322299881,1
76,4.940175279,0.713719112,1
76,4.585446987,-0.808981773,1
76,5.624000664,2.115787477,1
76,4.853677204,1.295810602,1
76,7.141575651,1.15499242,1
76,6.737208769,1.77802758,1
76,4.502852103,-1.053636936,1
76,5.69192246,1.301798588,1
76,4.743149985,-0.130134784,1
76,5.26226946,1.154555129,1
76,5.707179932,0.920697458,1
76,4.350005036,-0.400963191,1
76,6.853193318,0.272528036,1
76,4.989656874,1.043808888,1
76,5.916658629,1.174503858,1
76,4.944701043,-0.54790048,1
76,4.977387116,-0.335827133,1
76,4.386959909,-0.764109001,1
76,6.465070267,1.079368511,1
76,6.105655757,1.467523088,1
76,5.944849978,-0.33423361,1
76,5.215165523,-0.14216821,1
76,4.005413775,-0.65717307,1
76,3.591174366,-1.222346877,1
76,4.354070675,-0.783744412,1
76,3.539390142,-1.274683589,1
76,5.297004566,-0.124838605,1
76,4.892579456,-0.342801855,1
76,3.397475062,-1.27199515,1
76,3.883066054,-0.473615259,1
76,4.453764496,0.484878977,1
76,6.817710522,1.155885606,1
76,4.91995467,-0.101835193,1
76,4.639899993,0.347993267,1
76,6.209468593,1.119360475,1
76,4.576566562,0.890414601,1
76,4.036501562,-0.263720198,1
76,4.728502797,0.691094834,1
76,4.068421123,-0.510100574,1
76,5.510506831,0.900898013,1
76,6.896943639,2.355320729,1
76,4.921073057,-0.722231121,1
76,5.085996839,-0.833716302,1
76,5.867382245,0.976666529,1
76,5.343949676,0.597702656,1
76,5.182029384,1.131123439,1
76,4.937631652,-0.54310729,1
77,4.206294302,0.068566692,0
77,5.806174571,3.669227685,0
77,5.142995787,1.669137333,0
77,2.427063886,-0.207788641,0
77,3.688716177,1.254417045,0
77,5.192717968,1.165401108,0
77,3.181745612,-0.693229209,0
77,6.642481366,1.79921536,0
77,3.891116832,3.36735784,0
77,5.043563684,2.506988028,0
77,3.235086354,1.013392851,0
77,6.174286904,1.389327888,0
77,4.876056686,0.230164626,0
77,4.031649632,1.240906588,0
77,4.324471431,0.301533759,0
77,4.636884705,0.774939464,0
77,4.17922588,-0.838876255,0
77,0.735932726,0.891332774,0
77,6.594392021,1.807744247,0
77,5.711986476,1.885334471,0
77,2.506546445,-0.739515267,0
77,3.243610182,0.215587444,0
77,3.406057247,-0.156461699,0
77,4.153454902,2.233082308,0
77,4.563046722,1.507443132,0
77,5.160622925,2.43510248,0
77,4.404590443,0.832703581,0
77,3.615606477,-0.225881162,0
77,5.589143735,3.155180636,0
77,5.326876075,0.433680019,0
77,6.051532169,-0.358044077,0
77,3.706029941,1.449792605,0
77,6.246480369,1.614756176,0
77,4.637158166,0.062063672,0
77,5.452106793,1.181752967,0
77,4.089923006,1.142709396,0
77,5.346945533,1.394722921,0
77,7.035289036,1.883710657,0
77,3.205743626,-0.474881446,0
77,3.540482244,0.077701118,0
77,2.409663412,0.000140594,0
77,2.021900326,1.297584471,0
77,2.858553115,-0.182173371,0
77,3.311391508,-0.073108728,0
77,3.911552561,0.108167628,0
77,5.712401141,0.600787292,0
77,3.547430509,1.669828229,0
77,6.693223753,2.601106101,0
77,3.583675563,0.034407053,0
77,5.619955841,0.760033107,0
78,6.013402575,3.245890664,0
78,4.135836199,1.94477495,0
78,6.147619693,-0.584226295,0
78,9.598039904,1.280837612,0
78,6.540210588,2.709245766,0
78,7.476638024,1.601318925,0
78,5.95246638,1.983061199,0
78,6.312090876,1.163295387,0
78,6.027954318,2.075913698,0
78,4.758507671,1.857651426,0
78,7.222840615,2.160426302,0
78,8.096903594,1.630193604,0
78,9.116028578,2.149003277,0
78,6.830459375,1.991448997,0
78,6.256077933,0.92335802,0
78,3.10963896,-0.347685909,0
78,6.405732712,1.236544376,0
78,5.915520337,-0.209486659,0
78,2.741077144,0.276125744,0
78,8.234814774,2.628705279,0
78,5.354086687,1.337002333,0
78,7.140691428,0.100463741,0
78,5.42333965,1.849456569,0
78,5.540265112,1.915936457,0
78,5.103231778,1.580314162,0
78,5.074666075,2.985294971,0
78,6.822360812,2.677484694,0
78,6.795011304,2.591019963,0
78,6.843864403,2.942404468,0
78,8.41167512,2.06981274,0
78,7.639901826,0.305660899,0
78,6.966183982,0.85857572,0
78,5.530682668,0.542725004,0
78,6.768876743,3.950274666,0
78,5.57183959,2.967442126,0
78,5.406714404,2.062303223,0
78,7.59651283,1.875943502,0
78,5.252442476,1.700151427,0
78,6.154754239,1.675831315,0
78,4.489894502,1.779866271,0
78,7.981713456,3.544631591,0
78,5.16124186,0.916932616,0
78,5.34358722,1.874963299,0
78,5.549148496,3.195343233,0
78,5.887959403,3.974128627,0
78,7.062897678,3.397223099,0
78,5.659385943,1.001924678,0
78,5.425992949,3.956107892,0
78,6.169034589,2.11129733,0
78,5.734543026,0.998300078,0
79,5.034882959,0.269341577,1
79,4.553069671,-1.536772091,1
79,4.709372798,0.597225804,1
79,4.241741379,-1.220460046,1
79,4.488195281,-0.943515605,1
79,5.028199005,0.846505744,1
79,5.12130865,0.583270085,1
79,5.466276686,1.021099484,1
79,5.39030997,1.096432513,1
79,5.404691641,0.467575521,1
79,4.673223731,-0.842341091,1
79,4.695718695,-1.087391654,1
79,5.379752142,1.227128436,1
79,5.067782004,1.038451243,1
79,4.821133816,-0.238034948,1
79,4.023379019,-1.601233,1
79,5.376189498,0.501457583,1
79,4.676182744,-0.581698562,1
79,5.234155179,0.128315532,1
79,5.555837347,1.18818077,1
79,5.331061311,0.967551618,1
79,4.309788639,-1.661411726,1
79,4.697123042,0.017040179,1
79,5.356195021,0.887110032,1
79,5.159224504,-0.077539984,1
79,5.705361989,2.127135809,1
79,5.634014664,0.866903144,1
79,5.176888125,0.405853616,1
79,4.009060095,-1.396625801,1
79,4.841712144,0.544922907,1
79,4.630258887,-0.681408656,1
79,5.449817428,2.254862785,1
79,4.940805867,-0.117049911,1
79,4.066268259,-1.067760996,1
79,5.26111969,1.478753544,1
79,5.460074809,1.87380443,1
79,5.553222727,1.74645601,1
79,5.203921595,0.082515314,1
79,5.434925648,1.311398461,1
79,4.940007726,-1.431067022,1
79,5.084209708,0.312217237,1
79,4.755371394,0.461136433,1
79,5.000050302,0.961575031,1
79,5.514338446,2.373575753,1
79,5.204468103,2.213428869,1
79,4.968659988,0.475903106,1
79,4.923948568,-0.43642725,1
79,5.034796751,1.091748628,1
79,5.149146988,0.388067043,1
79,5.696058822,0.995359887,1
80,5.087230787,-1.688506758,0
80,3.947785427,-0.479050261,0
80,4.105710801,-0.089328743,0
80,4.788277681,-1.977627549,0
80,4.704598984,-0.166954001,0
80,5.097094827,-1.247377312,0
80,4.513320927,-0.560112085,0
80,4.129397258,1.242721387,0
80,5.105163904,0.140429868,0
80,4.729821942,-1.437686439,0
80,5.533698743,-0.712661095,0
80,4.09907638,0.386170444,0
80,5.104266399,0.651804154,0
80,5.196176113,-1.758023811,0
80,4.097322923,-1.005782461,0
80,4.877048791,-1.013328979,0
80,3.916308793,0.632230623,0
80,4.840702901,-1.431455833,0
80,5.067897621,-0.258345252,0
80,4.639953895,-1.353570702,0
80,4.714784665,0.255950665,0
80,5.432745771,-2.115057095,0
80,4.868915615,0.048798633,0
80,5.008082957,-2.084740579,0
80,5.005700145,-0.744211947,0
80,4.908696189,-2.854384675,0
80,3.968898003,-0.898537729,0
80,4.269732098,-0.332707788,0
80,3.762931243,-0.506356839,0
80,4.509071581,0.309109791,0
80,4.839827858,-0.006140629,0
80,4.864461344,-1.145613153,0
80,4.029872012,0.65358042,0
80,5.055921046,-1.009833946,0
80,5.932151968,1.03625787,0
80,5.688731879,-0.438818978,0
80,4.368112268,-1.797562444,0
80,4.135376862,-0.511496564,0
80,4.405212073,0.878134108,0
80,4.617512626,-0.570668504,0
80,4.068752673,0.131040801,0
80,5.644664613,1.013580782,0
80,4.546199186,0.512899167,0
80,4.707395236,0.030771837,0
80,3.391937315,0.698610933,0
80,4.220499063,-0.149100277,0
80,4.189470667,-0.489476607,0
80,4.269416938,0.944389269,0
80,4.651463024,0.304297443,0
80,4.726259068,-0.158238682,0
81,4.140295831,1.273388596,0
81,5.834079479,2.665602656,0
81,4.384863903,1.569956953,0
81,5.18548375,0.334956555,0
81,3.729196135,-0.306259522,0
81,4.565687696,2.053086893,0
81,3.746386676,-0.24063304,0
81,3.996764597,1.009169354,0
81,4.226145833,-0.128306551,0
81,4.181001699,-0.567052901,0
81,4.946762097,0.360150907,0
81,4.16223924,0.190503658,0
81,3.897607372,-0.099481105,0
81,4.953779246,-0.40673503,0
81,5.928266307,1.010014568,0
81,4.920284684,0.203064896,0
81,4.957822347,-0.494661678,0
81,4.146705923,-0.493529111,0
81,4.823258263,0.040934115,0
81,5.144012462,0.565023748,0
81,4.641829863,-0.433895057,0
81,4.000484061,0.023396089,0
81,3.936290513,1.499323166,0
81,5.778951364,0.444582946,0
81,4.07511597,1.467616694,0
81,5.270637112,-0.813625831,0
81,4.463153815,0.645156344,0
81,3.34997945,-0.366706295,0
81,5.062534531,-0.985021816,0
81,4.398373326,0.42859019,0
81,4.753419213,1.617603086,0
81,5.054689136,0.348709883,0
81,3.93551008,0.864647691,0
81,4.033890779,-0.150545682,0
81,4.657313056,0.057594298,0
81,3.495482409,-2.484615083,0
81,5.97987091,1.725292111,0
81,4.69892736,0.87167011,0
81,4.627279914,-0.269839656,0
81,4.363708643,-1.29275088,0
81,5.055791068,0.248944074,0
81,4.000650373,0.388125763,0
81,4.332249765,0.745927082,0
81,4.12845002,-0.021730206,0
81,4.765170984,1.85117599,0
81,4.757266573,0.666478747,0
81,2.957502755,-1.771174457,0
81,4.267722984,1.527670965,0
81,4.872656488,-0.731566518,0
81,3.506311554,-0.666748938,0
82,6.180742583,0.592009243,0
82,5.174450421,0.712417942,0
82,4.32871859,-0.183953883,0
82,6.359410601,0.90387734,0
82,5.412286447,0.17032938,0
82,6.510977865,1.887211228,0
82,5.508378494,-0.589511905,0
82,4.023251801,-0.397180016,0
82,6.09500401,1.152356952,0
82,5.7000109,0.2957545,0
82,5.834211833,0.666615511,0
82,4.185286163,0.822273746,0
82,5.747143554,-0.244027604,0
82,4.968353552,0.358459361,0
82,6.834773681,0.075437851,0
82,6.746772176,1.993184961,0
82,5.708790286,0.520857816,0
82,5.564371881,0.32658458,0
82,4.809158746,-0.000172547,0
82,4.140644203,-1.54728294,0
82,5.866589042,1.298925215,0
82,4.244328447,-0.20606722,0
82,5.604365779,-0.28982237,0
82,7.010909598,0.637752816,0
82,5.304883065,2.714914941,0
82,5.354256009,0.088555212,0
82,5.792858555,1.512419457,0
82,5.930965994,-0.284495019,0
82,6.04535364,1.570413818,0
82,5.653272193,0.348760407,0
82,4.678597832,0.35900186,0
82,6.252475423,0.123617561,0
82,4.855788701,-0.85821819,0
82,6.294793817,1.058221607,0
82,4.724310361,-1.068876571,0
82,5.371354348,0.199522215,0
82,3.768705025,-0.300612566,0
82,5.145941797,-1.72376932,0
82,4.33130837,0.111241529,0
82,5.680713211,1.069213184,0
82,5.699711937,1.610539998,0
82,5.101835297,0.542473434,0
82,5.318173817,1.007241942,0
82,4.920702494,-0.447575288,0
82,6.421370503,0.708102958,0
82,6.072660132,-0.439876812,0
82,6.411547264,0.250459732,0
82,5.062851722,-0.201604492,0
82,5.140009648,-0.665482878,0
82,6.426367632,0.180101485,0
83,4.372168809,-0.673494354,0
83,3.82356302,-1.138594726,0
83,3.825197874,-1.318134953,0
83,5.080566697,1.528893426,0
83,5.019222621,0.022557859,0
83,3.890229987,-1.297324523,0
83,4.558678545,0.467592219,0
83,4.794291996,0.451054326,0
83,4.136955814,-1.305810733,0
83,5.38128772,1.777749094,0
83,3.829799234,-1.754927881,0
83,4.875987752,0.940742178,0
83,4.118915088,-0.610541261,0
83,4.923319513,0.586758708,0
83,3.778716947,-0.924498935,0
83,3.95670748,-1.243995504,0
83,4.739107908,-0.480044751,0
83,4.199401701,-0.157542715,0
83,5.038567543,0.529128318,0
83,4.984309085,0.260002591,0
83,4.226407553,-0.734241423,0
83,3.65443668,-2.639523015,0
83,4.203899905,-1.458515132,0
83,4.230784943,1.254359661,0
83,4.014940076,0.62681988,0
83,4.531160639,-0.712679519,0
83,4.30894423,-0.958858163,0
83,5.264406079,0.997281527,0
83,4.452194421,0.031903584,0
83,4.068597878,0.404511414,0
83,4.452054869,-0.509912048,0
83,4.616080318,0.222572375,0
83,5.1235724,1.067156328,0
83,3.647007095,-2.415067885,0
83,4.221215375,-0.439176917,0
83,4.84362106,-0.221107205,0
83,4.314056119,-0.487191283,0
83,4.819831404,0.175980702,0
83,4.594860109,-0.501771365,0
83,5.104642166,1.345606369,0
83,4.960541459,0.839421403,0
83,3.951240669,-1.15065535,0
83,4.222401093,-0.939277266,0
83,4.006919888,-0.229590226,0
83,4.421775506,-0.312335944,0
83,5.560209626,1.786165307,0
83,4.775896156,-0.22991383,0
83,4.478313057,-0.471199756,0
83,5.126860595,1.740422829,0
83,4.223188088,-0.490360332,0
84,4.765598764,-1.21048792,0
84,5.386419439,-1.250376323,0
84,5.72612032,-0.354637261,0
84,5.418530404,-0.384318098,0
84,4.566605769,-2.016163923,0
84,5.306177969,-0.958969138,0
84,5.545601164,-1.042446253,0
84,5.589003735,-0.154362739,0
84,5.529761444,-0.01494114,0
84,5.257778371,-0.830800481,0
84,5.438916898,0.196333459,0
84,4.917220816,-0.819090727,0
84,3.916447865,-2.879928721,0
84,5.53492965,-0.986471885,0
84,5.282751842,-0.362326901,0
84,5.005236557,-1.680862033,0
84,4.887451373,-1.365123893,0
84,4.902538824,-1.035433338,0
84,5.352674732,-0.447006945,0
84,5.107526542,-0.210739141,0
84,4.688385355,-1.801442812,0
84,5.296900998,-1.379124275,0
84,4.817853314,-1.824357353,0
84,5.632017446,0.132774744,0
84,5.225518728,-1.094883299,0
84,5.518171424,-0.401649653,0
84,5.568805365,-0.83773359,0
84,4.8448654,-0.698964345,0
84,6.157269453,0.426720888,0
84,5.564545352,-1.039745317,0
84,5.775792775,-0.47486107,0
84,4.562307799,-1.391370071,0
84,5.556572043,-0.276281991,0
84,6.041408747,0.416206064,0
84,4.961073601,-1.742348962,0
84,5.72368499,0.473990371,0
84,5.521573152,-1.177699195,0
84,6.195472745,-0.277466836,0
84,5.185853756,-1.324014039,0
84,5.349657487,-0.395256532,0
84,6.189767005,0.763817642,0
84,4.36894098,-2.740375248,0
84,5.55330458,-0.324943353,0
84,4.915477289,-1.65517093,0
84,5.120548713,-0.881854197,0
84,5.295085655,-1.004848243,0
84,5.361899538,-0.715173486,0
84,6.352775252,0.846902897,0
84,5.558161625,0.759607546,0
84,4.822287105,-2.115584682,0
85,9.372046917,-1.941106511,1
85,8.039885674,-0.319296885,1
85,11.02199882,-1.002885234,1
85,3.576313637,-1.052475726,1
85,5.250532668,-1.772313471,1
85,6.506354498,-1.57393717,1
85,5.846362358,-1.020876826,1
85,5.487860042,-0.939457329,1
85,-1.474171471,-0.454733507,1
85,0.052764383,0.693011216,1
85,0.565730309,0.216986737,1
85,9.519675899,-1.150596525,1
85,9.330799104,-0.467520967,1
85,-1.473167338,0.522654166,1
85,3.267592499,-1.313518914,1
85,6.98478836,-0.437625756,1
85,10.8941068,-0.364450979,1
85,6.034549744,1.555173198,1
85,7.172640043,-1.67663266,1
85,5.577450513,0.230246349,1
85,11.06825331,-1.241761232,1
85,-2.330634787,-3.056734557,1
85,5.182653905,0.494819328,1
85,3.596939135,0.620136197,1
85,3.656007366,-1.655523793,1
85,6.223152571,-3.248586973,1
85,3.120825552,-1.071575026,1
85,1.482333481,-1.525785009,1
85,6.840461653,-1.104334381,1
85,6.308524669,-0.277519526,1
85,5.448521956,-2.129417124,1
85,14.51841101,-1.106372166,1
85,5.380136931,-2.077539548,1
85,0.547435387,-1.618213065,1
85,13.15850289,0.089804597,1
85,9.844208798,-0.35896588,1
85,-5.448303587,0.651217422,1
85,2.103493813,-0.357863467,1
85,0.384201518,-0.896415949,1
85,6.66879686,-1.459542736,1
85,4.552076138,0.494305026,1
85,-0.270766385,-2.078348996,1
85,-0.371813099,-4.273849314,1
85,0.530509043,-0.676522432,1
85,0.908334021,-0.618418448,1
85,9.009021577,-0.722483631,1
85,0.300897744,-0.174835584,1
85,-2.359980156,-0.601675759,1
85,0.214894537,-0.570067406,1
85,4.124833394,-0.726786689,1
86,5.069660958,1.773171447,1
86,5.856833858,0.433015362,1
86,5.089564684,3.005775026,1
86,4.99783563,1.177166255,1
86,2.574068105,-1.228595967,1
86,5.061459785,1.81827859,1
86,6.988891822,0.421891821,1
86,5.849718833,-0.427870268,1
86,4.781245595,0.659619242,1
86,5.619463926,0.628343143,1
86,4.510124732,1.648761911,1
86,5.431949829,3.05210634,1
86,6.043499859,1.765363476,1
86,4.059110112,1.941567032,1
86,5.3040908,-0.730611509,1
86,5.144389925,0.218158345,1
86,5.141110067,-0.064088503,1
86,3.36198716,-0.538249861,1
86,3.660043945,0.576652239,1
86,6.188172024,-0.349620919,1
86,5.881368964,-0.432777516,1
86,6.322427889,0.208165158,1
86,4.176366078,-1.778365035,1
86,6.618670807,2.148272304,1
86,4.640553689,0.375603852,1
86,5.074259273,1.442989634,1
86,4.471253473,1.800689424,1
86,7.093640244,0.683459212,1
86,4.788192624,0.76160401,1
86,5.17089722,-0.057907272,1
86,4.548641471,1.919195173,1
86,5.2324102,0.153852886,1
86,5.635540678,1.036371976,1
86,3.859672229,2.616751429,1
86,4.085272012,0.617409945,1
86,6.146337138,1.446001799,1
86,5.220211273,1.718794955,1
86,4.843869808,-0.480730102,1
86,7.072981531,1.928436922,1
86,6.8022848,0.960423563,1
86,4.147869751,-0.025940831,1
86,6.648206667,-0.285279284,1
86,5.320062029,1.026198527,1
86,3.807218612,0.80809405,1
86,4.555524553,-0.960991071,1
86,6.143937603,2.042109836,1
86,5.600719795,-0.970641632,1
86,5.415996118,2.049944527,1
86,4.951761549,-0.751494017,1
86,5.486458953,2.028233741,1
87,6.229826323,1.890045571,0
87,5.330849888,0.783176347,0
87,5.9950989,3.101210444,0
87,4.89296115,0.744829024,0
87,5.485530615,2.803811737,0
87,5.015127444,1.091557598,0
87,5.636982003,0.191392452,0
87,5.286936441,2.528290924,0
87,5.182438852,0.302507833,0
87,5.247211973,-1.266822477,0
87,5.352718722,0.135026798,0
87,4.930437767,1.869122363,0
87,4.833437633,1.689464547,0
87,5.608220942,0.330947352,0
87,4.796103177,1.079961708,0
87,3.943941301,1.138219178,0
87,5.632430038,2.045793326,0
87,5.576382654,1.789718333,0
87,5.201830403,2.478164536,0
87,5.637901953,2.166508118,0
87,4.956916704,0.558383056,0
87,4.059732167,-0.342787931,0
87,5.103261737,1.550551829,0
87,5.029552295,1.166340422,0
87,5.326875456,2.474674698,0
87,3.661775048,0.80873662,0
87,4.854050234,1.028197396,0
87,4.394354732,0.007750218,0
87,5.794660236,1.384750971,0
87,4.157714766,1.048021667,0
87,4.441890777,0.440245192,0
87,6.45650149,1.949196523,0
87,3.017863968,0.401428591,0
87,5.310120085,0.140679081,0
87,4.864525002,1.515557061,0
87,4.815781794,2.516322924,0
87,4.00192256,1.019476231,0
87,4.921986773,1.709457089,0
87,4.184576401,2.270086345,0
87,4.716241022,1.021284742,0
87,5.83213866,1.683560935,0
87,5.171512694,1.422513063,0
87,4.197443132,1.477227756,0
87,5.256506201,1.967930459,0
87,6.280703032,2.298282359,0
87,4.525131778,2.10573342,0
87,5.969550996,1.752994436,0
87,6.245975923,3.005912021,0
87,4.975326492,0.647968967,0
87,4.937871574,1.174792365,0
88,4.354946024,-2.430616233,0
88,5.310118981,0.288036072,0
88,5.418704086,0.140303866,0
88,5.845682119,0.504415834,0
88,4.768634408,0.05279983,0
88,5.398017602,-0.58148456,0
88,5.208433088,-0.208407582,0
88,5.24070265,-0.318395943,0
88,5.427862966,0.563872142,0
88,5.009959134,-0.612411415,0
88,4.961176936,-0.441430065,0
88,4.640502544,-1.51643107,0
88,4.432989304,-1.983648609,0
88,4.626432354,-0.153600728,0
88,5.403754881,1.124673151,0
88,4.739920478,-0.327928942,0
88,4.954830604,-1.093655939,0
88,3.758057513,-2.151602899,0
88,4.905452766,-0.891818762,0
88,4.722178337,-1.221695497,0
88,5.662275806,0.606883729,0
88,4.538383767,0.387423959,0
88,4.802420989,-0.808883952,0
88,5.017437109,-1.956919903,0
88,3.187900094,-2.238513339,0
88,3.684028637,-1.972006887,0
88,3.964192722,-1.690949072,0
88,4.744598932,-1.144917814,0
88,5.325769287,0.485457272,0
88,4.860079519,-0.232086144,0
88,4.212620433,-2.141049511,0
88,4.167790877,-1.129110491,0
88,4.782372028,0.329175723,0
88,5.444995954,0.559531665,0
88,4.215660567,-0.832392068,0
88,4.515944336,-0.38089418,0
88,5.297829181,1.034650485,0
88,5.46485653,0.217209845,0
88,4.967238058,0.684939008,0
88,5.145568474,-1.106819406,0
88,3.704611627,-1.433818211,0
88,4.494894974,-1.320590329,0
88,3.979764462,-1.499077911,0
88,4.740117445,-1.435637102,0
88,4.781615707,-0.648518329,0
88,3.896893668,-1.563380669,0
88,4.116416414,-2.13672946,0
88,4.010817896,-2.297573217,0
88,5.704955154,0.779228035,0
88,4.592157636,-0.902427058,0
89,5.075766402,0.545406488,0
89,5.014740847,-0.259230539,0
89,6.007447586,0.063582204,0
89,6.39913014,2.007715457,0
89,3.840823248,0.829187327,0
89,5.517945974,-0.165500626,0
89,4.733209423,0.776211665,0
89,4.949657186,1.203920521,0
89,5.971579033,1.460722425,0
89,5.965323174,0.378044381,0
89,4.512170706,0.762756844,0
89,6.216430574,1.641438803,0
89,5.062301056,0.601004385,0
89,6.154076989,-0.462583402,0
89,4.54965851,1.494077376,0
89,4.74440164,-0.277839009,0
89,6.448329457,1.675584905,0
89,4.10584407,-0.334342272,0
89,5.286057614,1.841749269,0
89,5.679288062,0.90344702,0
89,5.697223755,0.452013629,0
89,5.865921471,-0.452825934,0
89,5.293227261,1.130867707,0
89,5.437041856,0.991686908,0
89,6.562541561,1.206406343,0
89,4.342042721,0.062975287,0
89,4.540040952,-0.71322225,0
89,4.556081894,0.614235234,0
89,5.009368173,0.390240409,0
89,6.413417568,2.279447936,0
89,6.158180156,0.676115014,0
89,3.914054806,1.491050953,0
89,5.852835007,1.023251807,0
89,5.508527115,-0.38315959,0
89,6.547896633,0.967961424,0
89,5.261586627,1.424657137,0
89,6.110416519,-0.945897836,0
89,4.660101291,0.091303431,0
89,6.297643165,1.759262167,0
89,5.843187433,1.130384306,0
89,4.908500525,-0.451737827,0
89,4.080320073,1.00301538,0
89,5.957988836,3.453697568,0
89,4.844620111,1.271281258,0
89,5.062606207,1.358432126,0
89,5.091686707,0.442813254,0
89,6.2187116,2.821578279,0
89,4.462717148,0.315848732,0
89,6.072404632,-0.648097334,0
89,4.667719871,2.256632378,0
90,4.278077347,0.350570456,0
90,4.591672033,0.917434043,0
90,4.424345928,-0.271377583,0
90,4.559665889,-2.299085138,0
90,4.124324478,-1.030839261,0
90,3.823069794,-1.924116869,0
90,4.149085244,-0.505379368,0
90,4.36694853,-2.058457824,0
90,4.271142133,-0.295387791,0
90,3.924860437,-1.785904871,0
90,4.060329635,-1.392094651,0
90,3.682928044,-1.672970049,0
90,4.298795989,0.319809198,0
90,3.804734459,-1.595759269,0
90,3.859086123,-1.589168358,0
90,4.25866529,-0.784800412,0
90,4.478923165,-0.197417762,0
90,4.340920683,-0.837278049,0
90,4.092113845,-1.214238626,0
90,4.116629309,-1.82605711,0
90,4.185884727,-1.148570024,0
90,3.59330895,-2.178165675,0
90,3.86424606,-1.020529767,0
90,3.615597546,-1.088328626,0
90,4.312234596,-1.029389933,0
90,4.121287542,-2.785497877,0
90,4.13728137,-0.087674775,0
90,3.892051616,-1.909734046,0
90,3.816187729,1.73462804,0
90,4.005164214,-1.663744906,0
90,4.195759805,-0.794181743,0
90,3.946767434,-2.304277161,0
90,4.492315764,-0.876457054,0
90,4.465338219,-2.08691643,0
90,3.934887527,-1.008359286,0
90,4.14592846,-2.101183217,0
90,4.006193065,-0.915759604,0
90,4.285086051,-0.740537434,0
90,4.619664451,-2.306751577,0
90,3.968860441,-1.153784131,0
90,3.773941806,-0.647513461,0
90,3.8440822,-2.158066642,0
90,3.870076031,-1.192650085,0
90,4.417015485,-0.159597943,0
90,4.459699245,-1.326159379,0
90,4.503135375,-0.1528213,0
90,3.753346291,-0.576419692,0
90,4.456736702,-1.642346246,0
90,4.194356464,0.160356584,0
90,4.414188212,0.691780708,0
91,4.048916186,-0.408543732,1
91,4.87753015,0.55476602,1
91,5.395106274,0.318191642,1
91,4.485283379,0.465179486,1
91,5.199389775,0.229111828,1
91,4.415145878,0.873440713,1
91,4.302135054,-0.822968868,1
91,5.656597164,2.646793115,1
91,2.911904797,0.376541372,1
91,5.00768174,0.20934793,1
91,6.140855382,-0.022966828,1
91,4.645254483,0.596728292,1
91,4.391171511,-0.840775349,1
91,4.969589538,0.890361293,1
91,4.585608822,-0.045764577,1
91,4.093040662,-0.032535037,1
91,4.438328669,-1.183739119,1
91,3.800633685,-1.313217234,1
91,4.514008045,-0.083015746,1
91,4.988410717,0.288774035,1
91,4.202769003,-0.137634571,1
91,5.020994132,0.393697054,1
91,4.528402923,-0.86874877,1
91,5.80332468,0.20923274,1
91,4.564091744,-0.029236435,1
91,4.146507607,0.472567344,1
91,4.497430597,-0.458936918,1
91,4.434608474,1.093633653,1
91,3.79707157,-1.433660062,1
91,5.520987682,1.299797181,1
91,3.375676165,-0.855952142,1
91,4.427863921,0.958562745,1
91,5.161524952,-0.167675226,1
91,5.733604906,0.20822522,1
91,4.818459421,-1.742980607,1
91,4.843404515,0.262347466,1
91,5.099687056,0.961426703,1
91,4.526214397,2.010070045,1
91,4.560456201,2.251575468,1
91,4.454643872,0.334473812,1
91,5.285024919,-0.966729163,1
91,4.244325855,-2.394930996,1
91,4.589751466,-0.252506942,1
91,5.30609619,1.111988885,1
91,4.523816734,-1.36759917,1
91,5.595505009,0.20050316,1
91,5.499147743,-1.036970129,1
91,4.804343259,0.803953626,1
91,4.927492216,-0.192670499,1
91,4.535190273,-1.700836487,1
92,5.780419838,-1.379428568,1
92,6.869477055,0.466778572,1
92,5.125453278,-0.151882652,1
92,5.779282948,-0.180101968,1
92,5.831581288,-0.797323871,1
92,5.167804277,0.762509924,1
92,6.879014447,0.394433278,1
92,4.263320555,-1.03695106,1
92,6.12424421,0.139042589,1
92,3.446853282,-1.058117963,1
92,3.738335007,-1.028073172,1
92,5.342873297,-0.830816278,1
92,4.572594763,-0.979842721,1
92,4.320034335,0.513518131,1
92,5.312782599,-7.38E-05,1
92,6.05951692,0.446043613,1
92,4.710433973,-3.516582732,1
92,6.811300481,0.225098428,1
92,5.096980665,-0.46761103,1
92,3.734582029,-1.374684219,1
92,4.235786392,-2.238146082,1
92,1.173622752,-2.986158214,1
92,5.073083449,-1.05796566,1
92,6.440068987,0.133354135,1
92,4.647298077,-1.09984886,1
92,5.593786196,-0.760633239,1
92,2.664828314,-2.919346952,1
92,5.332067246,-1.297012894,1
92,3.282704858,-1.881528942,1
92,5.79643373,-1.434668345,1
92,5.739183086,-0.582963207,1
92,7.141102606,1.612665306,1
92,3.756934321,-0.964194945,1
92,4.072242911,0.064918392,1
92,5.073407484,-1.321892962,1
92,8.162998206,1.55854209,1
92,5.415702788,-0.46172192,1
92,4.028242048,0.76806612,1
92,5.451488503,-1.41883457,1
92,4.705136534,-1.404134139,1
92,5.212234371,1.827464968,1
92,3.035217244,-1.366396377,1
92,4.200177257,-2.374547799,1
92,4.678790905,-1.54311832,1
92,5.323915657,0.783069744,1
92,6.31353927,-0.158232703,1
92,4.903547353,-2.154861974,1
92,4.111227867,-1.332428568,1
92,6.329624912,0.396467895,1
92,6.298467983,0.246162175,1
93,4.362216311,1.826563356,0
93,5.340989513,1.980064213,0
93,5.556847656,1.168191141,0
93,4.147506229,1.779559307,0
93,3.045617873,1.49189727,0
93,5.444090594,3.451373308,0
93,5.251264439,2.687137171,0
93,4.024247422,0.966818076,0
93,4.738723836,2.368918865,0
93,6.0318486,2.330097477,0
93,4.026872956,1.50325705,0
93,4.561940493,1.298993793,0
93,4.927329558,3.51444473,0
93,5.681904866,1.077499071,0
93,3.752783686,3.93020011,0
93,4.287745543,3.064895243,0
93,4.621193734,3.600584621,0
93,3.074621863,0.909901459,0
93,4.745818323,1.954334143,0
93,5.571991663,1.564702293,0
93,3.574803279,-0.545192872,0
93,4.841196537,1.472578198,0
93,5.209532584,3.394845234,0
93,4.214874544,2.195506103,0
93,5.061508464,1.953378066,0
93,3.528171159,2.843202439,0
93,3.254937667,1.959046716,0
93,6.221111443,0.771390789,0
93,3.963237049,2.752912693,0
93,3.929591091,-0.010807016,0
93,5.104996299,3.920131095,0
93,4.159232033,0.408215613,0
93,4.197388635,1.376590694,0
93,3.093728749,1.274315857,0
93,3.260017266,1.722002151,0
93,4.630079766,1.739436433,0
93,4.470381557,3.493393772,0
93,5.022858711,3.752587597,0
93,4.384129276,3.282854899,0
93,5.828814229,0.64710526,0
93,5.294899927,2.133310215,0
93,4.367369647,2.404704797,0
93,4.246369528,2.092811494,0
93,3.749180753,2.46517457,0
93,4.108021531,1.196858493,0
93,4.445736493,3.016150053,0
93,3.675500026,2.43719807,0
93,6.343714123,0.520019317,0
93,3.827620724,2.877149367,0
93,3.658839741,2.623123677,0
94,5.273982614,1.604015407,0
94,5.327924869,0.845254939,0
94,5.463588879,3.029455284,0
94,4.979234506,1.736763827,0
94,5.590882064,2.002901659,0
94,5.412342231,1.048436704,0
94,5.689642925,2.465895021,0
94,5.329399089,0.952531905,0
94,5.155686941,1.665861815,0
94,5.469370354,0.154198469,0
94,5.22348834,1.727579921,0
94,4.977714539,1.416663935,0
94,5.483245926,1.847833299,0
94,5.411936269,1.597816793,0
94,5.356467766,2.052734337,0
94,5.571709265,-0.093913354,0
94,5.319247134,0.496942198,0
94,5.235076472,2.670912839,0
94,5.316831424,0.702003852,0
94,5.530057321,-0.090606542,0
94,5.341764755,0.934633838,0
94,5.56525838,1.358640438,0
94,5.49412633,2.497939865,0
94,4.786286798,0.70368871,0
94,5.389356742,2.42352371,0
94,5.502035233,0.462931685,0
94,5.403033848,2.880882306,0
94,5.251545001,0.553366992,0
94,5.84197187,0.841053566,0
94,5.156421893,0.165575536,0
94,5.615492479,0.187773705,0
94,5.470482326,0.97217428,0
94,5.272065151,1.685450125,0
94,5.226890391,2.198713423,0
94,5.50393015,3.146760907,0
94,5.143463656,0.330681165,0
94,5.220208276,0.726468145,0
94,4.856291071,0.662819881,0
94,5.713555752,1.301066503,0
94,5.226788725,0.854121477,0
94,5.217203832,1.911475163,0
94,5.449422544,1.871242195,0
94,5.093343733,0.054419592,0
94,5.225385765,-0.677725527,0
94,5.426670615,1.495393776,0
94,5.287512305,2.102188757,0
94,5.092543388,-1.159645732,0
94,5.340945152,2.228920821,0
94,5.115565663,1.082200042,0
94,5.213969698,3.436762777,0
95,3.253631269,-1.576841397,1
95,5.111799541,-0.036184244,1
95,4.15112463,-1.169469713,1
95,5.576816192,0.446635274,1
95,4.545028894,0.103594307,1
95,4.769270077,-0.227725308,1
95,4.38201649,-1.193849831,1
95,4.994893349,0.575505742,1
95,3.769074949,-1.790389553,1
95,4.917460824,-1.076764782,1
95,5.444399195,0.065019122,1
95,3.869419496,-1.591188934,1
95,6.886030512,1.991198444,1
95,3.674809162,-2.27827579,1
95,5.114730245,-0.590860659,1
95,5.714816563,0.736370078,1
95,5.399939034,1.299474281,1
95,5.143494936,-0.053909449,1
95,4.51788891,0.12327868,1
95,4.033527806,-0.822903846,1
95,4.083359052,-0.609477435,1
95,4.872362774,-0.399495955,1
95,3.830222057,-1.212944262,1
95,6.167991585,0.975838992,1
95,6.381763097,1.330912481,1
95,5.569997363,0.056280698,1
95,4.832804941,-0.239815213,1
95,5.105492965,-0.399109252,1
95,6.247465888,1.165127622,1
95,3.989334045,-1.009234702,1
95,2.757875857,-2.363210589,1
95,6.114924196,1.145275016,1
95,4.89487729,-0.356946885,1
95,6.909384216,0.751068297,1
95,5.683000347,-0.125081989,1
95,4.167054045,-0.665507034,1
95,6.596607745,1.93477568,1
95,5.902891487,1.11813174,1
95,5.478182459,0.18866197,1
95,4.944486262,-0.411107798,1
95,4.381768947,-0.631632682,1
95,4.576435829,-0.604584832,1
95,3.342052765,-1.587807415,1
95,4.343603342,-0.857832598,1
95,3.940716669,-0.831044891,1
95,4.202996228,-0.712996073,1
95,3.716918993,-0.840954878,1
95,5.052300063,0.727070018,1
95,3.659079316,-2.126900067,1
95,4.793908281,0.152659359,1
96,3.450602058,-1.939767333,0
96,3.960714894,-1.435703956,0
96,4.276658641,0.34351732,0
96,5.34973617,-0.775591972,0
96,4.330569351,-1.489667424,0
96,4.109163617,-1.140138493,0
96,2.947163078,-1.868994264,0
96,3.576096375,-0.984639464,0
96,4.201257664,-0.112125703,0
96,2.245761865,-1.525240636,0
96,3.4754898,-1.00652511,0
96,3.472226889,-1.08608832,0
96,2.522082668,-3.379104355,0
96,3.744567878,-0.908731842,0
96,4.571942105,-1.242035377,0
96,5.403846385,1.517182912,0
96,4.075963906,-1.54920776,0
96,3.618620351,-1.040484808,0
96,5.143480568,0.989125009,0
96,3.961174089,-2.409186435,0
96,3.941767966,-1.857556528,0
96,5.298514172,2.500224931,0
96,4.307558187,-1.454266587,0
96,3.488019408,-0.681857275,0
96,3.453493028,-2.323496558,0
96,4.307308502,-0.898563903,0
96,4.49599253,0.049078401,0
96,4.561321115,0.513035092,0
96,3.905769763,-0.298581969,0
96,3.27531932,-1.900559659,0
96,3.45974546,-2.292999619,0
96,4.129449014,-0.46604969,0
96,3.449874717,-1.082356268,0
96,3.355131695,-0.261879917,0
96,3.809229022,-2.727863402,0
96,3.197209901,-2.667237049,0
96,4.8484541,-0.802433333,0
96,2.544934746,-1.949683663,0
96,4.786178562,-1.406560729,0
96,4.932776698,-0.535160504,0
96,3.651781045,-1.561158067,0
96,3.311190794,-1.29075756,0
96,3.724882879,0.342539139,0
96,4.059427295,-0.170951369,0
96,3.829950238,-1.422840089,0
96,2.234523111,-2.747209392,0
96,3.487366579,-1.105699468,0
96,3.345083031,-0.679096931,0
96,4.477731525,0.611036574,0
96,3.707532632,-0.478826526,0
97,4.932791417,-0.066461395,0
97,4.546965402,-0.177893106,0
97,4.9022217,-0.150562315,0
97,4.351554058,1.526744094,0
97,4.575690928,1.489092287,0
97,4.606390828,0.033252081,0
97,4.930431592,1.634161753,0
97,4.246629926,2.595770204,0
97,4.147335131,1.331657897,0
97,4.034814059,2.741919878,0
97,4.701824717,0.486369081,0
97,4.314663436,1.153532325,0
97,4.435433325,1.331560969,0
97,4.392147254,0.694158277,0
97,4.148144003,1.677603892,0
97,3.712220589,-1.411247556,0
97,4.297307012,1.431051021,0
97,4.360445669,1.90927345,0
97,4.564965898,0.944265852,0
97,4.827182444,0.842755636,0
97,4.011615934,2.952551979,0
97,4.676974569,-0.133390005,0
97,4.891130117,1.640407893,0
97,4.126715941,0.758956879,0
97,4.999656113,-0.281287671,0
97,4.547167482,1.813268762,0
97,4.266304879,0.83616782,0
97,4.65084389,1.122484791,0
97,4.751063295,1.102736693,0
97,4.427225294,0.829769826,0
97,4.13202558,1.028042211,0
97,4.787613554,1.132461228,0
97,4.614540883,1.204828994,0
97,4.402390743,0.138899162,0
97,4.58838268,1.901022217,0
97,4.547977612,1.792125086,0
97,4.389167441,0.771125878,0
97,4.614414645,0.788004316,0
97,4.338505218,0.557328788,0
97,4.320775397,0.032389009,0
97,4.807837691,0.839897532,0
97,4.69639325,3.318169567,0
97,4.467118404,1.900953363,0
97,4.302381399,0.683224764,0
97,4.570675561,1.687275578,0
97,4.559325215,0.266378127,0
97,4.774471533,0.753286013,0
97,4.394094212,2.652776974,0
97,4.308000263,1.376073122,0
97,4.371628244,1.502424721,0
98,3.636809134,-1.196915362,0
98,3.723290178,-0.023198505,0
98,3.793722012,-0.910422914,0
98,3.354119067,-2.526478688,0
98,3.394058539,-1.533083309,0
98,3.784678272,-1.052843157,0
98,3.571043376,-0.951459382,0
98,3.546407245,-2.514752119,0
98,3.616939574,-1.167938013,0
98,3.901271167,-0.121308607,0
98,3.888247884,0.463985486,0
98,3.788882623,-0.50468968,0
98,3.708467347,-1.099569778,0
98,3.412226653,-4.013732608,0
98,3.639327752,-2.546267861,0
98,3.657486048,-2.61622516,0
98,3.652899969,-0.007973435,0
98,4.062245801,0.610287251,0
98,3.53494362,-1.092969701,0
98,3.361162893,-2.915804459,0
98,4.144139609,-0.001477041,0
98,3.624356806,0.138240393,0
98,3.268990068,-2.863820531,0
98,3.842661942,-1.600603314,0
98,3.863197497,-1.360050703,0
98,3.640380439,-1.535390254,0
98,3.583546517,-0.260665436,0
98,3.7135951,-0.548757337,0
98,4.327903016,-1.107043426,0
98,3.58623547,-2.283162751,0
98,3.39110488,-1.957187279,0
98,3.478783759,-0.552438496,0
98,4.012967423,-2.709584855,0
98,3.531903194,-1.326027182,0
98,4.051102948,-1.063697927,0
98,3.643705929,-1.987357401,0
98,3.776293875,0.044407847,0
98,3.687693536,-2.625979946,0
98,3.611798511,-2.404448337,0
98,3.667317373,-3.067005585,0
98,3.416237857,-1.342463073,0
98,3.777977497,-2.956531988,0
98,3.252154081,-1.127147236,0
98,3.631397028,-2.605956375,0
98,3.4985201,-1.328252854,0
98,3.782881302,-3.059997298,0
98,3.074085358,-1.254654681,0
98,3.564634751,-1.919399138,0
98,3.684343843,-0.961442256,0
98,3.24848712,-1.635758256,0
99,5.522700728,2.240296232,0
99,5.44979454,2.287485434,0
99,5.097224513,0.499652366,0
99,5.027154043,1.345257168,0
99,5.468901691,0.790837418,0
99,5.166290779,-0.289443557,0
99,5.184072151,0.880890929,0
99,4.60560959,-0.624355393,0
99,5.013578225,0.705886032,0
99,5.580011905,2.266039041,0
99,5.219874461,0.055272467,0
99,5.890877675,2.155330638,0
99,4.347831675,-0.245863151,0
99,4.395321974,-0.383294591,0
99,5.235243687,1.870160122,0
99,4.609754463,0.429076687,0
99,4.935565914,-1.330602443,0
99,5.200541191,1.138155166,0
99,5.453522903,0.741453552,0
99,4.952862023,0.856964074,0
99,4.293702085,-0.999225254,0
99,4.30853551,-0.833355597,0
99,5.312736834,1.411805816,0
99,3.486170182,-1.384956827,0
99,4.505720854,-1.149946139,0
99,5.362493764,1.040443874,0
99,5.752375447,1.633158236,0
99,6.113775676,3.204141559,0
99,4.241559498,0.108294293,0
99,5.022192931,1.101773321,0
99,4.97970189,0.165278845,0
99,5.106037369,0.886744736,0
99,5.241191016,0.649458385,0
99,5.049343828,2.174021718,0
99,5.367258777,-1.242427342,0
99,4.929475463,0.149486775,0
99,5.018051367,-0.320494506,0
99,4.662292028,0.431382268,0
99,5.669241233,0.808791034,0
99,4.301745616,-0.622554593,0
99,5.527149175,2.413736606,0
99,5.311679656,0.668276333,0
99,5.211920282,0.561914416,0
99,5.399274687,2.451473809,0
99,5.669141076,0.560225481,0
99,5.01840408,1.042702356,0
99,5.709215339,2.273768219,0
99,5.297656432,1.041046458,0
99,5.901105892,1.500928988,0
99,5.077587777,-0.286468049,0
100,2.35004598,-3.177959853,0
100,5.307571647,-0.211646772,0
100,5.012137715,-0.354419592,0
100,4.877204618,0.325567747,0
100,4.474492976,-2.201835809,0
100,3.475441098,-2.649107262,0
100,1.768932667,-1.620189127,0
100,3.133068906,0.754278191,0
100,3.406913529,-1.709601534,0
100,5.378706245,0.139075471,0
100,3.022888,-1.1187659,0
100,3.02347616,-2.180910708,0
100,5.685203201,0.96243288,0
100,2.495932665,-1.8394546,0
100,1.425957373,-2.148871472,0
100,4.400395501,0.701284921,0
100,4.576188167,-0.150521141,0
100,5.210797566,0.779373775,0
100,4.127243175,-0.792455282,0
100,4.201275736,-0.874082003,0
100,5.094867859,-1.969529616,0
100,4.384423492,-0.464754388,0
100,4.628811835,0.342769596,0
100,5.845330164,-0.353810459,0
100,2.652153429,-2.0439332,0
100,3.520325314,-2.153005168,0
100,4.094688326,-1.962440968,0
100,2.159211295,-1.850768045,0
100,5.457024795,0.105131383,0
100,4.143600186,-0.556123076,0
100,4.434745135,-0.123353424,0
100,4.786422416,-0.089828673,0
100,2.86200371,-3.934171382,0
100,3.389279126,-0.492343958,0
100,4.861600301,-0.839080655,0
100,6.186053815,0.400807149,0
100,4.230201008,0.14317315,0
100,5.649299803,-0.397927247,0
100,5.299122593,0.546533782,0
100,4.015119306,-1.436295416,0
100,4.555040165,0.334116493,0
100,3.751254473,-0.382891805,0
100,5.383027677,-1.046197201,0
100,4.761704743,-1.686298724,0
100,6.133066675,0.129273093,0
100,4.503320139,-1.396048661,0
100,3.898889862,-1.386641523,0
100,3.969490529,-1.460288771,0
100,4.937829788,-0.009858323,0
100,4.184057612,-0.279639491,0
101,3.487661529,0.17577035,1
101,7.168461002,2.144405756,1
101,5.594917629,-0.519617285,1
101,4.371670195,0.121260858,1
101,7.705639091,2.892893616,1
101,6.791755442,1.632844692,1
101,6.445594901,-0.006950622,1
101,3.807217883,-0.903132679,1
101,4.521773863,2.643846642,1
101,7.255883971,1.946998593,1
101,6.706308146,0.691126467,1
101,5.658464857,0.384800635,1
101,6.208420783,0.876129313,1
101,6.451553098,1.238286415,1
101,3.472714787,-0.111889704,1
101,5.228800666,1.240761433,1
101,7.912170772,2.383976597,1
101,6.960522811,1.473110214,1
101,4.868297654,0.30176296,1
101,7.142240931,1.71755733,1
101,8.046061434,2.315995397,1
101,6.036931091,2.079475491,1
101,6.095318071,1.98459547,1
101,4.594243155,2.912111293,1
101,7.091117456,1.017709621,1
101,4.858067634,0.288046954,1
101,5.169146381,2.454742332,1
101,5.618761227,0.346171809,1
101,4.984021751,1.708821547,1
101,9.007138192,2.731539939,1
101,5.713699005,2.259531221,1
101,5.882930916,2.190426924,1
101,7.052922801,1.341869864,1
101,3.623467477,1.154040561,1
101,4.793220554,0.403493889,1
101,3.60228569,-0.841548355,1
101,7.27922127,1.876152212,1
101,6.01353337,1.198629027,1
101,5.264708578,0.556881245,1
101,4.714913947,1.256201139,1
101,5.657184719,2.385144599,1
101,6.97754945,2.171216261,1
101,6.983121401,3.959787045,1
101,7.215139977,2.114947848,1
101,6.67171833,3.290273058,1
101,5.758172363,0.83453516,1
101,5.758769295,0.61754888,1
101,5.22408919,-0.387838053,1
101,5.730854555,0.497103711,1
101,3.749884226,-0.289128931,1
102,6.344134737,2.112790255,0
102,9.078756511,-0.261401476,0
102,11.41697314,0.244523042,0
102,0.591342283,0.320280997,0
102,4.57601601,1.273710727,0
102,7.359247962,-0.485418628,0
102,0.937829094,-0.44222293,0
102,6.441612076,-2.02107038,0
102,-0.243573703,1.069336969,0
102,7.772077627,0.011815025,0
102,3.161669694,0.725450315,0
102,3.018264423,1.605525834,0
102,1.309178859,0.472212361,0
102,3.461777493,0.193989113,0
102,3.58807046,0.332020937,0
102,0.180797821,-0.888126569,0
102,6.945607774,0.024339412,0
102,6.818168555,0.102193374,0
102,4.87420999,0.584541455,0
102,6.203260919,-0.962944862,0
102,6.846109838,0.451682185,0
102,7.045217317,-0.855784137,0
102,5.458818538,-1.336464521,0
102,3.234112493,-0.58686832,0
102,5.468656989,0.575149683,0
102,6.15118455,1.200930877,0
102,-3.595175939,0.284298709,0
102,7.005183107,-0.031827327,0
102,10.86265911,1.896601796,0
102,2.41424358,0.53023301,0
102,8.133537949,-0.906346473,0
102,5.627440636,-0.036361949,0
102,2.270068258,0.028346646,0
102,3.380494286,1.070848297,0
102,3.195834388,0.650201546,0
102,4.061844313,0.653269049,0
102,1.350012099,-0.323797152,0
102,-5.690474523,1.043158756,0
102,13.58171413,-0.016766032,0
102,3.84736666,1.168812549,0
102,8.825187369,0.77904909,0
102,2.284790043,-0.232887277,0
102,4.603922688,0.700287994,0
102,8.402793749,-0.858684291,0
102,-1.850200707,2.331522906,0
102,5.411412428,-0.47303342,0
102,7.076572086,-0.555697009,0
102,1.749371031,1.756080827,0
102,0.906797322,-0.862826553,0
102,10.8203797,1.452887751,0
103,5.40216915,0.974484448,0
103,4.961134142,0.306011787,0
103,5.104243785,1.437771644,0
103,5.070875199,0.521920678,0
103,5.124127358,1.264753477,0
103,6.636794538,4.478225049,0
103,4.846278753,1.098859715,0
103,6.278150005,0.599116794,0
103,4.212587201,-0.786269908,0
103,5.145525133,1.893827621,0
103,4.880764319,1.596547344,0
103,4.890067692,1.175256615,0
103,5.16990929,0.869495191,0
103,4.540720481,-0.231586368,0
103,6.278391069,1.529221749,0
103,5.212024701,1.219625482,0
103,4.871631739,0.989247563,0
103,5.276031903,3.28371713,0
103,5.125688089,1.862135943,0
103,4.954596109,1.390836681,0
103,5.206798774,1.413076447,0
103,5.118827903,1.975924109,0
103,3.73554448,-0.686712924,0
103,5.98358489,1.669289445,0
103,5.024616378,0.65476568,0
103,5.181180669,1.645367465,0
103,5.286047872,1.014694943,0
103,4.603562564,0.199271223,0
103,4.366934632,0.159202256,0
103,5.572706723,1.571763243,0
103,4.928979079,1.246084967,0
103,5.964602368,3.306964743,0
103,5.511959881,0.905198489,0
103,4.562409678,-0.970038164,0
103,4.98063195,0.309802479,0
103,5.654518099,1.493751767,0
103,5.101214199,1.442446336,0
103,4.048771195,0.60272821,0
103,5.325820752,2.181919012,0
103,5.608336101,0.684549081,0
103,4.364380506,0.645454075,0
103,4.488190929,-0.070431183,0
103,4.348118826,0.99098572,0
103,4.112401843,-0.758796803,0
103,5.750306511,3.471523459,0
103,6.227361894,2.018574119,0
103,4.877484306,0.359659734,0
103,4.548929248,-0.269046009,0
103,5.58379324,1.857102834,0
103,4.607910129,0.846650985,0
104,5.863411896,0.440104815,1
104,5.647665229,2.19995864,1
104,4.772462366,-0.046134449,1
104,3.034565025,1.632088258,1
104,5.740273447,1.76748474,1
104,5.872743867,2.540119503,1
104,9.449147938,1.55124457,1
104,6.541077601,3.185871048,1
104,4.129873824,-0.437858092,1
104,5.427147075,2.621995809,1
104,5.790731242,-0.531786179,1
104,6.687070061,0.620667722,1
104,6.890398335,1.581278259,1
104,5.857567405,0.663578671,1
104,8.76032967,1.31650358,1
104,6.101800126,1.587823543,1
104,8.326824682,1.106868962,1
104,6.121903002,0.606952215,1
104,4.67860709,1.54855297,1
104,6.107575109,2.102481338,1
104,5.742507771,1.589678273,1
104,5.273171607,1.504401159,1
104,6.069256583,2.013044678,1
104,3.566314534,-0.354915573,1
104,6.329317672,1.579481304,1
104,5.470918244,1.067715847,1
104,4.82393432,0.345931146,1
104,9.313778777,2.765847819,1
104,4.752795128,2.32713526,1
104,1.550785987,-0.818169393,1
104,5.331576128,1.618400757,1
104,5.984733785,1.391113501,1
104,7.745711829,2.40827251,1
104,6.29013157,1.253045788,1
104,5.792732174,0.382425067,1
104,5.781010543,-0.153032215,1
104,8.806971477,0.509372763,1
104,5.605228237,2.118145734,1
104,4.816591746,1.165753262,1
104,5.408895728,1.048300266,1
104,5.014715822,1.159815163,1
104,5.836742746,1.293263091,1
104,4.383388159,1.163463124,1
104,4.340140649,1.760535677,1
104,5.019793802,-0.462747782,1
104,6.802581089,0.425682407,1
104,5.16931464,1.210228743,1
104,5.529530375,0.934555387,1
104,5.109893111,0.751423435,1
104,5.261926183,1.543691994,1
105,4.751211761,-1.899638239,1
105,5.453020104,-1.839713726,1
105,5.599692594,-3.0079416,1
105,5.189796777,-2.52665726,1
105,4.59457884,-2.626784563,1
105,6.352181085,-0.117734384,1
105,5.084740392,-1.964375504,1
105,5.506490342,-1.410607117,1
105,5.934974804,-1.523639793,1
105,5.903852497,-0.961805159,1
105,5.52523599,-1.448038782,1
105,5.764028854,0.059733755,1
105,5.454612126,-1.734854882,1
105,4.702715858,-3.069947412,1
105,5.442562709,-0.211421407,1
105,5.374554362,-2.49568309,1
105,4.922821535,-2.528595422,1
105,5.730880905,-1.884438044,1
105,4.765365666,-2.144326646,1
105,5.372561458,-1.816725871,1
105,5.700537808,-0.945590881,1
105,4.590227227,-2.282685374,1
105,5.538106587,-1.11496032,1
105,4.906415567,-3.102277722,1
105,5.67314849,-0.839851998,1
105,5.492550031,-2.980930171,1
105,5.922254759,-1.894035976,1
105,5.549904402,-0.967692485,1
105,4.87229379,-2.293349656,1
105,6.061383383,-0.867350729,1
105,4.865190341,-1.669824945,1
105,5.489057901,-2.188704564,1
105,4.825137243,-2.202919385,1
105,5.472891469,-2.337324456,1
105,5.696412331,-1.228816853,1
105,5.290734333,-2.10911749,1
105,5.590122711,-2.298755117,1
105,5.128431737,-2.250257999,1
105,5.033049217,-3.30094353,1
105,5.374548247,-2.635358418,1
105,5.693904073,-2.079912713,1
105,5.662916028,-1.000812764,1
105,5.37724722,-2.48786933,1
105,5.088580816,-2.616335449,1
105,6.135341868,-1.32695106,1
105,4.876432118,-3.313042773,1
105,6.472610423,0.073930338,1
105,5.605375815,-2.046613529,1
105,5.134144564,-2.011795392,1
105,5.896462692,-2.972179158,1
106,3.661838028,-0.469437528,0
106,4.337068251,1.427736363,0
106,4.286137258,2.085183465,0
106,4.497892684,-1.737387932,0
106,3.995846871,0.524512464,0
106,4.148536637,-0.936992977,0
106,4.243743143,-0.946641515,0
106,4.312014761,1.561460542,0
106,3.55083108,-1.382360772,0
106,4.241408987,-0.977871274,0
106,3.935094645,-1.39573886,0
106,4.484621224,-1.03227466,0
106,4.011710809,-0.318560325,0
106,4.20216498,0.002022051,0
106,4.106491025,-0.465369364,0
106,3.542511058,-0.777562981,0
106,3.998408096,-0.555468912,0
106,4.116019977,-1.151061614,0
106,4.11398526,-0.333750235,0
106,4.473508542,-1.859549938,0
106,4.365642754,-1.235353976,0
106,3.482092615,-1.07799222,0
106,3.493916716,0.222926383,0
106,4.334909728,0.151152209,0
106,4.230511957,-0.069839193,0
106,3.775402027,0.949652625,0
106,4.162834734,-0.001779632,0
106,3.612707328,0.958398944,0
106,3.891551629,-1.293234053,0
106,3.976232068,0.7231012,0
106,4.075828597,0.931228098,0
106,4.450361331,-0.134415473,0
106,3.88781547,-0.811134295,0
106,3.700348931,-1.512500925,0
106,3.709684513,0.074229516,0
106,3.904590412,1.773876515,0
106,3.939876212,-0.494090713,0
106,4.5211367,-1.220551984,0
106,4.514889015,0.866622556,0
106,3.555715972,-0.86955414,0
106,4.08874845,-1.148570336,0
106,3.889847799,-0.353583759,0
106,4.098763693,-0.93824265,0
106,4.048922006,-1.471734914,0
106,4.338860657,-0.6841501,0
106,3.933680737,0.722902351,0
106,3.833313697,-2.58107094,0
106,4.858418651,-1.795567953,0
106,4.312557626,-1.858144385,0
106,4.354086534,-0.123087674,0
107,4.67105796,-0.105590879,0
107,5.092031065,1.828689129,0
107,4.897234127,1.605670635,0
107,4.465227375,-0.500803815,0
107,4.319096866,0.422961033,0
107,4.709768643,0.465310693,0
107,4.685124842,-0.593580958,0
107,4.734254614,0.026009394,0
107,5.04318341,0.609080459,0
107,3.920408665,0.206222633,0
107,5.002047935,1.476901872,0
107,4.537761135,0.415326713,0
107,4.66897902,-0.899305686,0
107,4.380155236,0.970036054,0
107,4.439242391,1.657424185,0
107,4.656287664,-0.41207688,0
107,4.975675807,1.467321512,0
107,4.638207282,-0.976220141,0
107,4.891455844,-1.16153492,0
107,4.956600907,0.201795654,0
107,4.828135669,1.77212281,0
107,5.011750219,2.065566995,0
107,4.693021389,0.123099379,0
107,5.062678204,0.890594591,0
107,4.339601608,-0.061136126,0
107,4.316341023,-0.854459688,0
107,4.924598049,0.570172399,0
107,4.703570938,0.497868009,0
107,4.535197523,1.854018847,0
107,4.984402813,-0.788332214,0
107,5.102198051,0.856577768,0
107,4.322425834,1.010157345,0
107,4.888382028,2.02299006,0
107,4.621299614,2.493835978,0
107,4.85353944,1.100347095,0
107,4.690598302,1.932140559,0
107,4.744303756,0.7187121,0
107,4.776418445,1.170230944,0
107,4.699832657,0.335536984,0
107,5.131945511,2.421184542,0
107,4.375517991,0.294549757,0
107,4.601203573,0.014527542,0
107,4.763217123,0.446848288,0
107,4.188510062,-0.109637695,0
107,4.377415611,0.454957323,0
107,4.690620465,3.566788824,0
107,4.644001036,-0.260718758,0
107,5.032823853,0.512374131,0
107,4.379157519,0.162715626,0
107,4.858765789,1.505917956,0
108,4.555531442,0.905573418,0
108,4.420615048,1.659742599,0
108,4.559666545,1.837282106,0
108,4.136533892,2.100243257,0
108,4.166735079,0.097769675,0
108,3.135701324,0.461340809,0
108,3.457201049,0.162825191,0
108,4.871441898,0.334878989,0
108,3.639253281,0.818648608,0
108,4.372644659,1.076567542,0
108,4.154394759,0.451117271,0
108,4.072957079,-0.530625631,0
108,4.917490313,2.973627732,0
108,4.131996024,0.343812677,0
108,5.151521165,1.300972316,0
108,3.401411646,1.131788284,0
108,4.550424245,1.192868234,0
108,3.474488122,0.268128363,0
108,3.799486605,0.695628585,0
108,3.891518248,0.818567471,0
108,5.448184356,1.128626804,0
108,4.213955709,-1.275702779,0
108,4.746074697,1.741390287,0
108,4.034700497,0.910029972,0
108,4.115451024,1.882648357,0
108,4.218385596,0.438451026,0
108,4.007632111,1.176307854,0
108,4.945277424,1.270084184,0
108,4.418718675,-0.126170674,0
108,4.664181236,1.873589757,0
108,4.111192837,1.265025624,0
108,4.077035333,0.05306968,0
108,4.450707706,2.087771289,0
108,4.507818292,0.669640097,0
108,3.445000998,-0.848644981,0
108,4.884705726,0.643297281,0
108,5.303686349,3.282482905,0
108,4.117709113,-0.292639211,0
108,5.095768261,0.363548077,0
108,3.115892653,-1.311163133,0
108,4.028263421,-0.23776015,0
108,4.992733433,1.834613339,0
108,5.043506539,2.576784907,0
108,4.350452996,1.834866281,0
108,3.852407481,1.438919502,0
108,4.475546476,0.851709383,0
108,3.548057567,0.868670081,0
108,4.573357681,1.761533951,0
108,5.38676029,2.680271685,0
108,4.95635183,1.955983571,0
109,4.488902438,-2.859561336,0
109,5.478546099,-1.805744133,0
109,4.517264373,-3.066208222,0
109,4.424396026,-1.885626174,0
109,5.080070712,-1.654857672,0
109,4.399231372,-3.660324527,0
109,2.105014123,-4.370454066,0
109,4.689222526,-3.446936707,0
109,5.2773528,-0.907566541,0
109,5.712837016,-0.529481866,0
109,4.832086762,-1.863989678,0
109,4.554530084,-3.28136477,0
109,5.113014719,-1.455998498,0
109,5.22799272,-2.420624251,0
109,4.230744232,-2.705473573,0
109,2.547560141,-3.068459691,0
109,4.191677072,-3.158087184,0
109,6.943424867,-2.498052559,0
109,4.656823645,-2.331889393,0
109,5.171410759,-0.397771442,0
109,3.6598531,-3.376404526,0
109,3.545739769,-1.974542626,0
109,3.462973847,-4.787856773,0
109,3.002771242,-3.644779055,0
109,5.034818661,-1.383034214,0
109,3.439758223,-2.555597182,0
109,4.672722008,-2.477113152,0
109,4.930935714,-2.556902517,0
109,3.307512948,-5.338312376,0
109,4.009644693,-3.173684404,0
109,3.049752719,-3.059618804,0
109,4.346632068,-1.596618727,0
109,5.375883251,-4.097663354,0
109,5.43972562,-2.679248816,0
109,3.768929984,-1.719336097,0
109,3.863527411,-3.764243939,0
109,4.437754185,-2.41135252,0
109,2.957889743,-2.283609766,0
109,4.030259987,-2.470560492,0
109,4.957595404,-2.001315175,0
109,5.49870249,-2.017445623,0
109,4.607492975,-3.797673793,0
109,2.885949774,-0.880784735,0
109,2.950277406,-4.79203129,0
109,5.895791182,0.01975363,0
109,4.884204747,-1.748516787,0
109,4.402311404,-3.665971202,0
109,3.811396775,-3.403511378,0
109,3.946325313,-3.876127932,0
109,3.194502016,-2.518146282,0
110,4.214456019,-1.254607718,0
110,2.686494466,-1.614093424,0
110,5.508341589,-0.374696456,0
110,5.01021363,-0.133182468,0
110,5.883435989,0.334572314,0
110,6.116474258,0.971718503,0
110,3.801590952,-0.07713211,0
110,5.360133365,2.30852944,0
110,4.467445383,0.030065237,0
110,4.493875122,-0.430012354,0
110,3.980444566,-1.941332757,0
110,5.169708057,2.644002537,0
110,4.02539912,-0.823269652,0
110,2.995277793,-1.61348979,0
110,5.110572897,0.247176624,0
110,4.746157917,-0.015108588,0
110,4.617085058,0.189000803,0
110,5.904319929,1.518383964,0
110,3.13196905,-1.688652423,0
110,3.906417243,1.164595591,0
110,2.883149521,-1.321333856,0
110,4.41929946,-1.197414175,0
110,3.710972191,1.076890011,0
110,3.989251237,-0.277806734,0
110,5.279726758,0.111760133,0
110,5.393442218,0.209097849,0
110,5.006871562,-0.946152325,0
110,3.209512328,-0.810719351,0
110,3.683333411,0.270337959,0
110,5.204125662,0.577924837,0
110,4.584613506,-0.264840174,0
110,4.241755088,-0.664896895,0
110,5.990722768,0.998620427,0
110,3.81961305,-0.446032788,0
110,3.682211591,0.318634662,0
110,2.940318492,-2.169236209,0
110,5.04052799,-0.640514986,0
110,5.182274508,1.010027286,0
110,4.035712779,-0.778490451,0
110,4.27206067,-0.863315292,0
110,3.835181393,0.372117745,0
110,6.094518473,0.563660891,0
110,4.865372726,0.363907951,0
110,4.122184206,-1.105558912,0
110,5.280521246,0.811305671,0
110,4.570091367,0.344659529,0
110,4.6954437,1.44745717,0
110,3.901874022,1.043778006,0
110,4.708299897,1.283558882,0
110,5.09087072,-0.858423339,0
111,4.578869314,-0.663016602,1
111,6.808905936,2.023528119,1
111,7.033446402,0.797113873,1
111,6.40465289,-0.020897423,1
111,8.59883392,0.130526526,1
111,10.6572955,2.226543309,1
111,6.999779633,-0.124154086,1
111,6.548927076,2.463159215,1
111,4.198234168,-0.272854664,1
111,6.436853658,1.239722302,1
111,4.662541554,-0.009133957,1
111,4.999078396,1.235211733,1
111,6.457237719,-1.039902148,1
111,6.230354648,-0.870097567,1
111,6.722603772,-0.355134738,1
111,6.097144475,0.745905502,1
111,6.877111215,-0.401752025,1
111,6.816218782,0.240793091,1
111,5.933362956,0.798148384,1
111,8.302141397,0.541072427,1
111,3.718477975,-0.125783909,1
111,5.940199877,0.241247915,1
111,5.906332678,0.593093941,1
111,3.199320281,-0.286993587,1
111,4.692847305,-0.120280863,1
111,7.43809513,1.607905257,1
111,4.047340584,-0.994488418,1
111,4.94087755,-0.716480554,1
111,5.641570006,0.759938088,1
111,5.668406868,0.565207487,1
111,7.308876481,1.378344466,1
111,6.103122817,2.016957622,1
111,4.765318281,1.312237756,1
111,5.465577966,-1.08305632,1
111,6.468933153,0.434615993,1
111,5.868702635,1.188764294,1
111,7.393435324,0.601712973,1
111,9.261479459,2.7365448,1
111,7.815063994,0.309742574,1
111,4.952456859,0.042686687,1
111,4.519339833,-0.541717584,1
111,6.301671388,-0.695120843,1
111,6.57187514,0.385051119,1
111,6.766374648,-0.170887963,1
111,4.911295825,-0.27604606,1
111,5.847141527,0.409451443,1
111,5.296593547,0.833889851,1
111,5.314917681,0.506138297,1
111,5.609506113,-0.108270171,1
111,5.572297311,-0.22792432,1
112,4.291057617,-0.531984087,0
112,4.639073382,0.933679846,0
112,3.751440939,-0.959329655,0
112,4.404387108,0.146417208,0
112,4.522647382,-0.454615094,0
112,5.088937882,0.678682124,0
112,4.695152414,2.044066045,0
112,3.672581698,-0.686035869,0
112,4.337753667,-0.741592323,0
112,4.33736613,-1.398199715,0
112,4.241605444,-0.400352885,0
112,4.210241714,0.041484478,0
112,4.404369881,0.659671901,0
112,4.367970826,0.092670189,0
112,5.314991798,0.945633593,0
112,3.619896312,0.173215435,0
112,5.178007973,1.951913682,0
112,4.96153953,1.426337695,0
112,4.677568744,-0.450613677,0
112,4.403559814,-0.440158971,0
112,4.961694564,0.92914391,0
112,4.406472935,0.218950357,0
112,4.138035793,-0.520610533,0
112,4.460758749,-0.399142555,0
112,4.776809635,0.697330134,0
112,4.579766357,1.451228407,0
112,5.224929055,1.911366051,0
112,4.196793548,-0.325176059,0
112,4.333426189,0.843719479,0
112,4.660811384,1.312855641,0
112,4.109366169,0.128347169,0
112,5.059657391,0.0838118,0
112,3.763623824,-1.624034123,0
112,3.278634076,-0.754086278,0
112,5.196517307,1.054754633,0
112,5.348450064,2.087103164,0
112,3.82699864,-1.276483914,0
112,4.299267773,-0.869286485,0
112,4.403999899,-0.93577541,0
112,4.019004792,-0.882307521,0
112,4.133197714,-0.364517403,0
112,4.26063833,0.854542213,0
112,4.65325241,-0.172859983,0
112,4.247681405,-1.806859592,0
112,5.11844343,1.003479067,0
112,4.686053245,0.058285126,0
112,4.000579673,-0.970264308,0
112,4.207015618,0.493645653,0
112,4.276164635,-0.156545351,0
112,4.639581631,0.282249912,0
113,4.767645882,-0.626467449,1
113,5.192270824,0.971143068,1
113,5.554206231,-0.799143435,1
113,5.462974332,-0.763692484,1
113,5.44259511,-1.017892371,1
113,4.477801432,-1.969598613,1
113,5.371456963,-0.383955082,1
113,4.90623766,-2.675508107,1
113,4.552315851,0.630979162,1
113,4.938025597,-1.185567432,1
113,5.74065515,-1.399781962,1
113,4.594915381,1.094673846,1
113,4.967505347,0.07536219,1
113,4.655111883,-1.022381483,1
113,4.693377629,-1.107418968,1
113,6.418135877,-0.409819944,1
113,5.631566409,-0.729929443,1
113,5.18094266,-1.584335825,1
113,5.134465651,0.208601449,1
113,5.392595222,-1.011783544,1
113,5.041416584,-0.081599511,1
113,4.08703698,-0.626460764,1
113,5.182194276,0.572061953,1
113,4.633164401,-0.022565349,1
113,5.631240291,-0.311421281,1
113,4.757359804,-0.94411685,1
113,4.759716527,-0.063381409,1
113,5.831451282,-0.345136484,1
113,4.776496358,1.044533849,1
113,5.429651928,2.004856933,1
113,5.731076357,0.675635257,1
113,5.697779388,-0.357466514,1
113,3.569346146,0.319492645,1
113,5.577386117,0.478171598,1
113,5.578533798,1.465300932,1
113,4.282378023,-0.344978429,1
113,4.996529973,0.393601979,1
113,5.548891352,-1.35777871,1
113,4.415758141,-1.384047024,1
113,5.466428289,-0.038619702,1
113,6.237965033,0.287759449,1
113,5.347471874,-2.061409052,1
113,3.639080721,-1.892701638,1
113,4.589105858,-1.221875694,1
113,4.481205223,-2.953133677,1
113,4.781398224,-1.600887954,1
113,5.132602917,0.574099471,1
113,4.751146617,-1.944426393,1
113,5.391078706,-0.717769693,1
113,3.503870962,-1.71203738,1
114,5.992431813,0.550181757,0
114,5.866935101,-2.021564587,0
114,5.525294214,0.406147089,0
114,6.052095289,1.097031113,0
114,5.319979694,0.822127269,0
114,5.496740472,1.345459016,0
114,5.434058161,-0.395303313,0
114,5.846942084,-1.030167659,0
114,5.309741177,-1.385470142,0
114,6.069133751,0.379266495,0
114,5.873504681,0.320834093,0
114,5.777371518,0.47659883,0
114,6.053080608,1.625643319,0
114,5.737107163,-1.102885393,0
114,6.132195746,-0.33160203,0
114,5.845123312,-1.09808076,0
114,5.372750506,-0.333631431,0
114,6.222296624,-1.136609783,0
114,6.149835867,-1.376853722,0
114,5.655247624,-0.07827045,0
114,5.821223579,0.084503412,0
114,6.354642413,-1.296960974,0
114,6.043379622,-0.197580643,0
114,5.602241181,-2.234462924,0
114,5.937193011,-0.046149917,0
114,6.275162727,0.186654961,0
114,6.937197512,-0.087471601,0
114,6.029216044,-0.872244116,0
114,5.255516339,-0.880874712,0
114,6.066730054,-2.264631929,0
114,6.123030062,-1.087151896,0
114,6.240799133,-0.490455615,0
114,6.70777971,-1.366306147,0
114,5.893743361,-0.394034419,0
114,6.267475753,0.682575848,0
114,6.520849586,0.063407918,0
114,6.045807388,-0.062593629,0
114,5.668675467,0.483658451,0
114,6.450668489,-0.796427585,0
114,5.262532548,0.268814829,0
114,6.809021283,0.561269074,0
114,5.816319648,-0.059678771,0
114,5.241576238,-1.620695817,0
114,5.599205999,-1.895270791,0
114,5.383027194,0.075443044,0
114,6.348549756,-0.035956441,0
114,6.120582447,-0.583381748,0
114,5.163093354,-0.434631207,0
114,6.483684792,-0.191683526,0
114,6.496013955,-1.201926802,0
115,4.322102462,1.060658938,0
115,4.796382841,2.781325524,0
115,4.903321811,1.16003819,0
115,3.778451329,0.693900746,0
115,3.933165428,0.445258933,0
115,4.750556031,2.422509762,0
115,3.76646992,0.35261051,0
115,4.114495511,0.691466467,0
115,3.898319246,0.924079253,0
115,5.072401382,2.811862596,0
115,2.631855039,-1.963404501,0
115,4.511754623,0.03902375,0
115,3.670132845,0.40271818,0
115,4.46655488,1.277259494,0
115,4.183257249,0.663933535,0
115,4.446073329,1.86726797,0
115,3.671802012,0.07194505,0
115,4.546433291,1.498969267,0
115,4.883750693,2.459711973,0
115,4.524807409,2.079526239,0
115,4.049168245,0.308891026,0
115,3.839765901,0.082637783,0
115,3.908146158,-0.011363849,0
115,4.349029157,1.162899682,0
115,3.218763232,-0.132811114,0
115,4.512569213,2.491279436,0
115,3.914188972,1.276137911,0
115,3.706530313,0.050693495,0
115,2.872046469,-0.554818195,0
115,3.987521669,1.16104448,0
115,3.087451217,-0.645347106,0
115,4.14906618,0.412237718,0
115,3.318408912,0.040703557,0
115,4.575949858,0.965203534,0
115,4.411183023,1.299309676,0
115,5.057233047,2.371523896,0
115,3.617308413,0.89632332,0
115,5.062620137,1.989899677,0
115,4.156072356,0.665357948,0
115,3.144244586,1.00185643,0
115,2.948030265,-1.323403373,0
115,4.029383106,0.572090967,0
115,5.250484192,2.545980696,0
115,4.685958435,1.869209771,0
115,2.835392429,-0.7488914,0
115,4.326231673,1.060140466,0
115,4.74664962,3.274915143,0
115,5.569919361,1.082791222,0
115,5.356840222,1.885707118,0
115,3.657528514,-0.286254111,0
116,4.210658955,-0.203580242,0
116,5.701607966,2.689829946,0
116,4.282937715,-0.159432299,0
116,2.912746406,-0.742099837,0
116,4.978702314,0.354666753,0
116,3.796888832,-0.331880628,0
116,3.656383071,2.14796663,0
116,3.766843907,-0.300852625,0
116,4.635387491,2.164222431,0
116,4.111773706,2.266113235,0
116,3.918344155,-0.283871974,0
116,4.571839454,-0.04671485,0
116,4.151746885,1.390543519,0
116,3.521777872,-0.350706003,0
116,4.994611759,1.425007644,0
116,4.860819069,1.710618566,0
116,4.258747926,0.857365098,0
116,5.03845592,2.022031096,0
116,3.682985356,1.284261327,0
116,4.959858429,1.635913768,0
116,3.17343454,-0.179850547,0
116,2.923033006,-0.465411197,0
116,2.577563657,0.007584412,0
116,3.704790433,-0.112876787,0
116,4.444616018,1.363066878,0
116,4.765441233,0.283685884,0
116,3.031107711,-1.625092616,0
116,4.207659673,1.131816904,0
116,4.254353644,2.085095921,0
116,5.472663011,0.639995835,0
116,4.844828112,-0.172146034,0
116,3.943882322,1.317067184,0
116,5.281474133,1.648607105,0
116,4.13771186,0.628980316,0
116,4.352540736,1.505570971,0
116,4.896959299,0.456680846,0
116,3.298697891,0.210816293,0
116,3.634637986,0.003254972,0
116,5.628358017,1.48220382,0
116,4.728091186,1.747417127,0
116,4.545783179,0.326554956,0
116,3.096969227,0.010709968,0
116,4.104183616,-0.218944182,0
116,2.827985373,0.366527263,0
116,3.84566777,-1.882167617,0
116,4.211934814,1.532887469,0
116,4.23272664,0.283027685,0
116,5.079186568,-0.1566775,0
116,4.878859437,2.263245406,0
116,4.884425636,-0.265724965,0
117,6.212586664,3.464787294,0
117,4.465270997,3.531690733,0
117,7.399868607,2.843090667,0
117,4.969812094,3.742937854,0
117,5.966046614,3.902702688,0
117,5.029540915,4.807838329,0
117,4.588575318,4.903389542,0
117,4.843760012,5.515181674,0
117,6.083474606,3.79526079,0
117,4.694574106,2.747552083,0
117,5.40735813,6.158554271,0
117,5.862750821,4.029248505,0
117,5.317493438,3.574843826,0
117,5.406900539,2.84530252,0
117,5.016077064,5.058030239,0
117,4.343282082,4.337759525,0
117,5.08866844,2.725192561,0
117,5.05541552,4.773267602,0
117,5.652661937,5.081839997,0
117,4.038802511,4.75818265,0
117,5.043526739,4.837080423,0
117,4.449391117,4.948047645,0
117,6.10744209,3.556298375,0
117,3.824727555,4.682433585,0
117,3.333485278,4.675630247,0
117,4.320665784,2.256344394,0
117,6.768941565,4.926320704,0
117,6.096999445,3.560322001,0
117,6.039517555,3.888596121,0
117,5.365658049,5.158787661,0
117,4.283898195,5.188780708,0
117,6.347554093,3.711797892,0
117,5.080851928,3.60212418,0
117,4.535330104,4.137443637,0
117,4.847416553,3.095564452,0
117,4.971552347,6.076453815,0
117,4.089523827,4.688660986,0
117,4.614044028,5.015534139,0
117,6.401076978,3.480013981,0
117,4.889738391,4.932385302,0
117,4.711526937,4.557348212,0
117,5.629330553,3.490921446,0
117,4.029839527,3.504903115,0
117,3.724148574,3.251932378,0
117,4.205171692,4.330485257,0
117,5.153223668,5.915597097,0
117,7.312778098,3.694338995,0
117,5.516560672,4.108520097,0
117,5.896167883,5.242682294,0
117,5.910181949,4.73269121,0
118,5.064139485,0.934640397,0
118,5.320387874,-0.695454804,0
118,5.529108611,-1.051248963,0
118,4.796847688,-1.019729578,0
118,5.004411014,0.608437492,0
118,4.88457963,0.02980478,0
118,5.0945926,-0.433041105,0
118,4.725715853,-1.133118739,0
118,5.021246673,-1.101364992,0
118,5.335636939,-0.844864128,0
118,5.391358251,-0.62271402,0
118,5.449917673,-2.624521099,0
118,4.806019424,-2.880436521,0
118,4.921724158,-0.343462001,0
118,4.450967431,-0.812087252,0
118,4.934554267,-0.25384028,0
118,5.46195293,0.517918018,0
118,4.920963692,0.727707868,0
118,5.709819544,-1.732484067,0
118,5.425916466,-1.13088944,0
118,4.344941157,-1.078593106,0
118,5.346256339,-0.273879876,0
118,4.870863054,-2.039253856,0
118,5.062018064,0.27120911,0
118,5.540730566,-0.579744666,0
118,5.305088467,-1.313283664,0
118,5.097940479,-0.579389026,0
118,5.184100354,0.15924112,0
118,5.031533895,-2.153554062,0
118,5.398495884,-0.829658128,0
118,5.532848007,-0.349611079,0
118,5.436208935,-1.157479319,0
118,5.036754954,-1.102095369,0
118,5.499227655,-2.39262814,0
118,5.169430311,-0.893606056,0
118,5.462343066,-1.07893678,0
118,4.925862055,0.751443664,0
118,5.83919464,-1.395094557,0
118,4.796672271,-1.853522214,0
118,4.675178615,0.379890779,0
118,4.660109257,-0.518015127,0
118,4.992296449,0.155214298,0
118,5.054908413,0.495845045,0
118,5.01888551,-1.871324451,0
118,4.679004759,0.221798016,0
118,5.359115692,-1.922489628,0
118,4.832592703,0.5424935,0
118,5.46815635,0.043321203,0
118,5.618426561,-1.057570394,0
118,5.026710798,-0.137608852,0
119,5.148201533,0.358009384,0
119,3.691355535,-2.234024886,0
119,4.129733702,-1.522310715,0
119,3.896929715,-1.813943677,0
119,3.573095148,-1.334097,0
119,4.496723443,-1.299639425,0
119,3.886061549,-2.173033376,0
119,3.699912784,-2.19731198,0
119,5.01411382,-0.165354372,0
119,4.268107623,-1.840765154,0
119,4.083153552,-2.00631726,0
119,3.867398105,-1.274357755,0
119,3.041842048,-2.823162494,0
119,3.678404646,-1.747708434,0
119,4.123516125,-2.011884984,0
119,4.792063459,0.0362607,0
119,3.542748788,-1.836793284,0
119,3.473886357,-1.947778336,0
119,4.52391978,-0.79140146,0
119,3.776161505,-1.355417693,0
119,3.733515941,-2.502039295,0
119,4.604788971,-0.9705048,0
119,4.877957823,-0.745504277,0
119,4.261769043,-1.113548539,0
119,4.260991503,-1.143904785,0
119,4.859271582,-0.070306134,0
119,3.963807467,-0.801107993,0
119,5.10072836,-0.008570899,0
119,3.91891174,-1.770364362,0
119,4.550368272,-0.216497933,0
119,4.866332355,0.304649362,0
119,4.595549967,-0.592160447,0
119,4.908157083,-0.154525568,0
119,3.051049508,-2.49468747,0
119,3.627181159,-1.560254231,0
119,5.196098741,0.278495973,0
119,5.374274023,0.382633796,0
119,5.092724476,0.230246804,0
119,5.454600587,0.104916047,0
119,3.294232653,-2.976344622,0
119,4.554791787,-1.889721417,0
119,4.120876837,-2.024827799,0
119,4.506948124,-0.327575263,0
119,4.235676319,-0.659983386,0
119,4.535793252,-1.412585235,0
119,4.106569812,-2.005784246,0
119,5.464411339,-0.046942181,0
119,3.97396894,-1.469550154,0
119,4.34715384,-1.269704598,0
119,3.800449491,-1.262569336,0
120,3.990509969,-1.715866567,0
120,4.781199605,-0.087584747,0
120,5.253243324,0.310790281,0
120,3.51615248,-1.393899983,0
120,5.322860904,1.049095004,0
120,5.812408023,0.394414384,0
120,4.942308148,-0.676120899,0
120,3.85827263,0.23351086,0
120,3.765624182,-0.070663544,0
120,5.013874544,-1.236180943,0
120,4.196559885,-1.878888042,0
120,4.758991805,0.403874473,0
120,4.837797063,0.91801789,0
120,3.663878374,-1.833638372,0
120,4.471427312,-1.017762757,0
120,5.746181248,-0.782451957,0
120,4.300008313,-0.349469144,0
120,4.399630749,0.309140617,0
120,3.172769932,-0.997009617,0
120,5.087164375,-0.313220644,0
120,4.816737702,0.436448844,0
120,4.62669291,-0.383700669,0
120,5.225606384,-0.50295147,0
120,3.455877841,-1.407758461,0
120,4.13906546,-0.305318121,0
120,4.794597653,0.273227114,0
120,5.262378072,0.662632337,0
120,3.947477133,0.523466665,0
120,4.339702375,-0.649583945,0
120,4.723873832,-1.365663242,0
120,4.614258659,-0.737204171,0
120,4.454292528,-0.486205469,0
120,4.767170421,-1.209575898,0
120,6.037038508,2.223184529,0
120,4.37073863,-1.149225974,0
120,4.201248918,-0.67173525,0
120,3.313421467,-1.385188525,0
120,4.177974478,-0.263632964,0
120,5.129300129,1.173224028,0
120,4.912078249,0.732322912,0
120,4.50213586,-0.985598193,0
120,4.237879544,-0.658476189,0
120,3.870472757,-0.215175416,0
120,4.578085484,-0.725085059,0
120,3.30572618,-1.601990564,0
120,4.553714941,-0.586860114,0
120,4.339712654,-0.410877762,0
120,4.169258594,-0.753289552,0
120,4.929343023,-0.604258327,0
120,4.823355936,0.141230967,0
121,4.044318922,-1.006730936,0
121,3.492381428,0.825282792,0
121,9.543604379,0.368114326,0
121,5.060225652,-0.4055218,0
121,7.779120745,0.869649162,0
121,4.546953655,-2.465457764,0
121,7.024015035,-0.393822799,0
121,7.017437524,-2.383055422,0
121,5.931943545,-1.281667196,0
121,-0.387447154,-0.747079037,0
121,-0.358994695,-0.117504348,0
121,0.620766743,0.372300502,0
121,3.628147029,-0.512161929,0
121,6.681200765,0.156015137,0
121,4.194682125,1.115337084,0
121,9.82584069,2.61395107,0
121,1.867027476,1.246490086,0
121,8.761262094,-0.964493349,0
121,5.743619236,0.183273857,0
121,1.746029903,0.434873451,0
121,7.023448314,-0.020555394,0
121,9.572214471,-0.875548018,0
121,8.073864055,-1.146860912,0
121,9.889910941,-0.85679408,0
121,3.253433358,0.557383844,0
121,5.53039315,0.947742526,0
121,7.396088025,0.457132683,0
121,6.148261969,-0.947376179,0
121,3.071236232,1.923461453,0
121,1.338891769,1.30092402,0
121,1.111725278,0.090790254,0
121,8.693510336,-0.609584748,0
121,10.43898827,0.370399589,0
121,2.936958146,-1.497350947,0
121,7.47865537,0.285443197,0
121,3.894921137,-1.675365327,0
121,-2.581122441,0.565578034,0
121,4.366095479,0.779810957,0
121,3.341410166,-0.617879044,0
121,3.342587827,-0.362780013,0
121,6.447640221,0.843944706,0
121,4.521328062,-0.494097935,0
121,9.290204206,0.108304284,0
121,4.535723945,-0.47968185,0
121,5.938112909,0.720163387,0
121,5.732076379,0.417161671,0
121,3.960825474,0.993108254,0
121,7.439528056,0.936783234,0
121,6.866524945,0.616264744,0
121,10.56389179,-1.198688643,0
122,5.653312353,0.449976963,1
122,6.017150198,-1.256402396,1
122,6.248784045,1.504937402,1
122,5.529619758,0.428329008,1
122,4.310237595,-1.269030456,1
122,4.462246845,-0.228268374,1
122,5.579903021,0.724299893,1
122,5.605576923,1.645671734,1
122,4.636268497,0.042297948,1
122,5.509207893,1.585994367,1
122,5.839375356,-0.347769092,1
122,5.287670413,0.563462759,1
122,4.723155983,0.39974852,1
122,6.588930649,0.895672654,1
122,4.888488532,0.618781957,1
122,5.807709935,0.375647901,1
122,4.74259534,-0.143350228,1
122,7.877912721,2.318579937,1
122,5.050497441,1.205317258,1
122,6.648200131,1.299695935,1
122,4.879503248,1.39682632,1
122,4.313314674,0.511999128,1
122,5.10669862,0.658193705,1
122,4.997856655,-0.270788837,1
122,6.675862147,0.759496909,1
122,5.728882583,2.361017232,1
122,5.148167624,0.930536513,1
122,4.664483923,-0.126625385,1
122,5.200294188,0.470191973,1
122,5.45860362,1.264386159,1
122,5.319989273,1.207117275,1
122,5.355006729,0.443426407,1
122,5.648252847,0.834752734,1
122,7.246356165,1.983197579,1
122,6.046877526,0.35521555,1
122,5.956263922,1.375511823,1
122,5.99594232,0.693880451,1
122,5.099206959,0.188915009,1
122,5.933133948,-0.130503384,1
122,6.018699037,-0.023885655,1
122,4.636090336,-1.493993147,1
122,6.56335149,1.110345593,1
122,5.70076274,2.275147791,1
122,4.742887986,-1.608938063,1
122,6.865860256,1.440535551,1
122,6.890938633,1.424444058,1
122,6.15348921,-0.231107004,1
122,5.476226178,0.498761459,1
122,6.524403752,2.941788803,1
122,6.700034692,0.810750192,1
123,4.363299843,0.253107814,0
123,4.523702045,0.603917103,0
123,4.167392478,-0.703677415,0
123,4.988463846,0.371892932,0
123,4.20887691,-0.187299183,0
123,5.514795064,1.75231788,0
123,4.404736722,0.760548411,0
123,4.467990585,1.098659308,0
123,5.163011633,1.111278067,0
123,4.201030323,0.542190036,0
123,4.267585783,-0.396139201,0
123,5.297873559,1.775037204,0
123,4.451224933,1.240938525,0
123,4.495247372,-0.070045671,0
123,4.959457681,0.612835695,0
123,4.401544051,0.885557407,0
123,4.463929225,-0.297522812,0
123,4.379150158,-0.848783037,0
123,4.551267493,2.068284544,0
123,4.269985836,0.43544294,0
123,4.658178535,1.002221137,0
123,4.643937939,1.175528734,0
123,4.547090846,0.668049781,0
123,5.234663522,0.70153802,0
123,5.552769751,1.820083008,0
123,5.533622371,1.426119674,0
123,4.360540444,0.132813352,0
123,4.424939246,-0.208278887,0
123,3.665717446,-1.482256797,0
123,4.373954155,0.419960019,0
123,3.965070695,-0.881618119,0
123,4.576905921,1.4606521,0
123,3.056892694,-1.251222882,0
123,4.234032433,0.844290915,0
123,4.427542768,0.786371755,0
123,4.598903178,0.462449879,0
123,4.962942356,2.374891528,0
123,4.376278183,-0.069058027,0
123,5.394584738,1.936908731,0
123,5.300607158,2.103548785,0
123,3.982389241,-0.30209649,0
123,4.791895944,1.265755117,0
123,4.449971494,0.266317552,0
123,4.217546098,0.566538297,0
123,4.678353283,0.959307905,0
123,3.44062233,-1.006019609,0
123,3.81639563,-0.950797579,0
123,5.068918785,0.530257314,0
123,4.485431309,0.640988327,0
123,4.095325635,-0.298777998,0
124,4.594690689,-0.316899459,0
124,4.621161547,1.483041856,0
124,5.039779584,0.625169869,0
124,3.976352463,0.427804075,0
124,5.288406347,1.297739146,0
124,4.911632317,1.015000639,0
124,4.520773951,-0.691955289,0
124,5.417766819,2.32483746,0
124,4.336154038,0.847172628,0
124,5.178051419,0.701092384,0
124,4.160620093,0.852939169,0
124,4.110367507,0.061952942,0
124,4.872319961,1.536005069,0
124,4.867441656,0.465815865,0
124,4.882112017,0.565598313,0
124,4.072533313,0.127126542,0
124,4.672327517,1.805902941,0
124,4.797525109,0.981483666,0
124,4.704387439,1.445863783,0
124,4.763672835,2.626317677,0
124,5.27207894,0.335618256,0
124,4.03072677,0.905707163,0
124,4.277097051,1.320698349,0
124,5.241058325,2.102609791,0
124,4.519392039,1.542216265,0
124,5.081798477,2.52384685,0
124,4.776641286,1.213987581,0
124,4.460391846,0.573798498,0
124,4.91569141,0.805968941,0
124,4.763486866,1.330518699,0
124,4.860357033,2.33154671,0
124,4.592694434,2.112084213,0
124,4.555189524,1.33953976,0
124,4.76597817,0.361226975,0
124,4.643109804,1.404598084,0
124,5.737807202,1.586598251,0
124,5.216647912,1.507486027,0
124,3.559144512,-1.497982901,0
124,4.77792124,0.54735372,0
124,5.174546572,1.454422724,0
124,4.701554331,1.278121499,0
124,4.325744074,1.477529713,0
124,4.483351219,0.543537797,0
124,5.16600552,0.713969416,0
124,4.913812527,1.991004504,0
124,4.151794505,0.973385622,0
124,4.505745804,0.978138392,0
124,4.348884,1.630693303,0
124,5.488957639,2.728898533,0
124,4.593172098,-0.296387504,0
125,7.620716932,0.212207065,1
125,6.011377001,0.603829864,1
125,5.929881065,2.219976594,1
125,7.400468158,1.70603004,1
125,6.73769395,1.271148083,1
125,5.699692251,1.911019918,1
125,6.739539234,0.572967816,1
125,6.782874725,-0.65988942,1
125,8.201222006,0.614755915,1
125,8.458045738,3.833427753,1
125,6.043214837,0.216115585,1
125,7.179018289,1.193531546,1
125,6.248303863,0.666930667,1
125,5.532087611,-1.617544782,1
125,5.193206287,0.159830256,1
125,5.516403994,0.452971826,1
125,6.414643818,0.614124593,1
125,6.809999121,0.682710838,1
125,7.080599288,0.505088504,1
125,6.178159202,-0.783138785,1
125,6.804638206,1.65941782,1
125,7.199433048,1.310668343,1
125,8.371508204,1.401144387,1
125,5.221005395,-0.411501258,1
125,7.734235742,0.125336716,1
125,6.816677833,1.234041027,1
125,6.880938099,-0.118799153,1
125,5.849366125,1.006472187,1
125,6.226944373,1.572757612,1
125,6.486239949,1.743820737,1
125,6.492143887,0.443601589,1
125,5.919880304,-0.000785096,1
125,6.770473223,-0.901261057,1
125,6.349796362,0.62393899,1
125,5.912556452,0.434069861,1
125,4.432227244,-0.520850226,1
125,5.157456245,1.213737893,1
125,7.136665825,0.458429007,1
125,5.279686308,-1.58706959,1
125,4.121716007,0.256020423,1
125,6.106406552,0.684720458,1
125,5.851816001,-0.09616855,1
125,6.807174317,0.456305052,1
125,7.404874202,0.605811419,1
125,6.130241265,0.874029767,1
125,8.282863926,0.96476356,1
125,5.777447923,0.758733249,1
125,8.396292303,1.198975924,1
125,6.916328082,0.448926105,1
125,7.2873591,1.430914072,1
126,2.509838559,-0.5640515,0
126,2.669685207,-0.682258301,0
126,3.367793203,-0.045806531,0
126,2.679146673,-2.010604601,0
126,2.963860292,-1.147765713,0
126,2.828760484,-1.087711074,0
126,2.273633951,-1.745641529,0
126,3.584073011,-0.71663141,0
126,3.590208437,-0.07081893,0
126,3.70878228,-1.321282175,0
126,3.030016839,-0.363071525,0
126,3.663819814,-2.413216044,0
126,3.977086105,-0.519781597,0
126,4.490187067,-0.088358757,0
126,2.224671842,-0.813348723,0
126,3.747716961,-0.003206985,0
126,2.761267144,-1.564810383,0
126,3.763318219,-1.398922782,0
126,3.305276878,-0.66698558,0
126,2.733857401,-0.14657284,0
126,3.295798068,-0.108619682,0
126,4.331491683,0.013461712,0
126,2.828842484,-2.34395661,0
126,5.127804049,0.786452704,0
126,3.501856603,-0.474097435,0
126,5.020503954,0.571079704,0
126,3.356002619,-1.420551753,0
126,2.519469845,-1.802586336,0
126,2.650099518,-0.656642742,0
126,3.530274065,-0.380011586,0
126,3.07316412,-1.47417991,0
126,2.78482677,-2.557353518,0
126,3.396957093,-0.427321522,0
126,3.629196923,0.631695683,0
126,2.387623592,-1.925756065,0
126,2.39812988,-1.01286554,0
126,3.702687546,-0.448101261,0
126,3.093800549,-1.921494732,0
126,3.623991219,1.159846208,0
126,3.441243357,-1.199765501,0
126,3.319905712,-0.57451364,0
126,3.768506993,-0.286239543,0
126,3.34221742,-1.365154147,0
126,3.720835066,-0.244132816,0
126,3.660729196,0.118729422,0
126,3.612245967,-1.224783645,0
126,2.682921485,-1.364180123,0
126,4.129085182,0.653363068,0
126,3.817745452,-0.668280397,0
126,1.916617081,-2.533797522,0
127,5.277305816,-1.040242213,1
127,5.655686093,-0.180791505,1
127,6.663800014,-0.745838829,1
127,6.849554699,0.197049849,1
127,5.036486943,-1.807403967,1
127,3.790521673,-0.459496878,1
127,6.408682344,0.583798478,1
127,9.992829996,1.210641261,1
127,6.022857112,-1.524552149,1
127,4.269579589,-1.968525725,1
127,5.641232618,-1.514365423,1
127,2.995077846,-2.105625462,1
127,4.727952107,-1.173134561,1
127,6.638833832,0.649987926,1
127,5.260851803,-0.663449888,1
127,7.764968803,0.919407742,1
127,4.447953036,-0.53903786,1
127,6.152373633,0.855492184,1
127,5.07398197,-0.278843132,1
127,4.109487617,-1.827661334,1
127,3.398838364,-2.363279277,1
127,5.364826489,-1.266726584,1
127,4.704194319,-1.23326798,1
127,3.785137248,-2.354030125,1
127,2.764239801,-1.930358143,1
127,3.857405594,-1.192804505,1
127,4.408211065,0.160213137,1
127,2.199801707,-1.042615179,1
127,4.040693737,-0.721694839,1
127,1.559349929,-2.835322602,1
127,5.775329963,-0.163203451,1
127,6.666308811,0.829279335,1
127,4.263085609,0.113162962,1
127,6.127185843,-0.46994447,1
127,7.071868367,-0.066574481,1
127,1.454849061,-2.052552517,1
127,6.682778864,0.918871389,1
127,5.921888968,-0.092519407,1
127,7.040323833,0.633893981,1
127,7.896837789,-2.223504532,1
127,5.069074588,-3.5458625,1
127,8.395210207,-1.382464785,1
127,2.884050591,-2.385669615,1
127,6.694431036,-1.474183775,1
127,6.552083544,1.137414465,1
127,4.486786018,-1.081764691,1
127,5.471123104,-1.929673285,1
127,5.102922106,-0.834383877,1
127,5.863764659,-0.005184178,1
127,2.762545045,-1.138017597,1
128,5.99405055,1.454992101,1
128,4.246178453,-0.11524036,1
128,4.882635683,-0.338679631,1
128,3.660866138,-1.477512031,1
128,5.243524312,0.601092289,1
128,6.283841512,0.730405113,1
128,5.540025008,0.953921943,1
128,4.654640702,-0.390178328,1
128,4.580966875,0.350821577,1
128,6.058582764,1.399544763,1
128,4.290196202,-0.24362941,1
128,5.369237046,1.09098591,1
128,7.324443153,1.746753678,1
128,4.97254427,1.146657268,1
128,5.901024587,0.629988103,1
128,4.909788381,-0.621303834,1
128,5.053407953,1.726022253,1
128,4.529909244,-0.426973597,1
128,5.646140279,0.328513781,1
128,3.74000252,-0.810243298,1
128,5.246793809,0.354620987,1
128,5.516514893,0.75361597,1
128,4.829276975,0.357705092,1
128,4.436285022,-0.836561201,1
128,4.108058275,-0.553214059,1
128,3.422751923,-1.103529608,1
128,5.261719686,-0.771500934,1
128,6.746182063,1.56888294,1
128,4.881410718,0.473117992,1
128,6.348044869,0.512275865,1
128,5.205418176,0.415492076,1
128,6.562216406,1.235104407,1
128,6.189279577,0.092131786,1
128,5.383260295,1.015366218,1
128,4.254888126,-0.221391729,1
128,6.183511827,2.145093989,1
128,5.241785692,0.632968564,1
128,6.86200405,0.858697538,1
128,4.555598826,-1.249556467,1
128,5.975356838,0.957756076,1
128,4.21520572,0.124276818,1
128,7.37636574,2.330117296,1
128,3.514978376,-0.900960296,1
128,2.623921694,-1.598000342,1
128,8.120555713,2.199901085,1
128,4.623547204,-1.671988071,1
128,7.977591583,2.18193471,1
128,4.741583838,0.727673641,1
128,3.714083925,0.134948671,1
128,3.063671966,-0.70779273,1
129,5.857989055,0.189741906,1
129,5.115345385,2.246585931,1
129,5.457947834,-1.136637638,1
129,3.984498235,-0.011493623,1
129,5.566814205,1.818274746,1
129,3.845075248,-1.620853745,1
129,5.224745319,-1.676948755,1
129,4.419731932,-1.583405665,1
129,6.299732552,0.224409216,1
129,5.215258757,-0.310733371,1
129,4.293426068,-0.483913428,1
129,6.115211142,0.307461858,1
129,4.239120491,-0.479557646,1
129,5.427756613,-2.406458322,1
129,5.982020197,-0.166709047,1
129,4.519088318,0.398565265,1
129,7.233871902,1.722769544,1
129,6.14138413,0.831655534,1
129,4.778534855,-0.896121821,1
129,6.148106227,0.538965257,1
129,5.137292172,0.495815192,1
129,5.460166298,-0.24229855,1
129,5.171650304,-0.75583521,1
129,6.159774028,0.232023195,1
129,4.808296699,-0.963190571,1
129,5.668939576,-1.288130785,1
129,6.088594994,-0.34191231,1
129,6.300849641,1.564225931,1
129,6.086891243,0.417548382,1
129,5.502326681,-0.615687984,1
129,5.531942996,0.183796056,1
129,4.600296293,0.040545729,1
129,5.720763774,0.906309417,1
129,5.823088451,1.39233309,1
129,5.076385773,-0.317148287,1
129,5.273686208,-0.333146829,1
129,5.593525063,0.597646903,1
129,5.275708075,-0.166800772,1
129,6.613518686,1.175539831,1
129,5.308179019,1.169206998,1
129,6.282642724,0.642647931,1
129,4.64372248,1.05338968,1
129,6.102872986,-0.28847522,1
129,5.196205261,-0.315520826,1
129,5.364228493,1.221726723,1
129,5.277462684,-0.30642937,1
129,3.842603444,-0.54773205,1
129,4.576028451,-0.055089551,1
129,4.908398212,0.789308366,1
129,5.872068415,1.460521708,1
130,4.465603444,0.376882745,0
130,5.025420859,0.640241244,0
130,3.085249772,0.114499705,0
130,5.439894754,0.569718509,0
130,4.417436555,0.533330654,0
130,5.087927853,-0.721856478,0
130,5.699828491,1.683212721,0
130,7.138826879,2.472631834,0
130,5.341569135,0.43425489,0
130,6.591601077,3.320359033,0
130,3.806120581,1.775150393,0
130,3.079035275,1.40557019,0
130,4.242896541,1.876989356,0
130,6.020608883,0.653236784,0
130,4.939658737,1.027353416,0
130,4.611249294,0.813327635,0
130,5.190314127,2.614751816,0
130,4.731932394,0.671660114,0
130,5.406192388,-0.959848185,0
130,4.208795873,0.559280215,0
130,4.723267314,1.015728311,0
130,5.232805963,1.707887744,0
130,2.774843299,-0.531369909,0
130,4.805337598,0.901262641,0
130,5.697345736,1.234575423,0
130,3.870076799,0.140497013,0
130,5.195023192,0.70145884,0
130,2.99579889,0.890717383,0
130,2.508935264,-1.00910328,0
130,5.544932102,2.048628791,0
130,4.348916709,-0.01445383,0
130,3.227159541,1.393646847,0
130,3.823919483,0.111316962,0
130,6.142501739,2.142369401,0
130,5.854048865,1.091981946,0
130,5.801326355,-0.48595221,0
130,5.02762497,-0.02973073,0
130,4.228217889,0.36172587,0
130,6.294715935,0.941689367,0
130,2.927697064,0.201016699,0
130,4.932454449,1.528405632,0
130,4.528243721,1.418372264,0
130,5.788958614,1.594419701,0
130,3.866460551,1.95853868,0
130,3.892996334,0.736116773,0
130,6.617842851,2.478315906,0
130,5.270307253,1.737080041,0
130,5.319586005,0.039676031,0
130,5.205695435,1.220119821,0
130,4.665826637,0.325582085,0
131,5.217059042,0.509044165,1
131,4.442848669,-1.085809648,1
131,5.927494736,-0.556879955,1
131,4.528630677,-0.133308435,1
131,5.819291395,1.0046138,1
131,6.54927416,-1.317873265,1
131,3.459383749,-1.810492419,1
131,6.482747544,0.762497403,1
131,6.128630519,0.630847403,1
131,4.760571946,-1.404597839,1
131,5.260898384,-0.267572879,1
131,4.329970313,-0.962398459,1
131,5.063896688,-3.018514104,1
131,4.88878098,-1.17381135,1
131,6.187933321,-2.328380501,1
131,5.071768575,-0.291514825,1
131,7.42856462,0.559546258,1
131,5.79969093,-0.790034966,1
131,4.930175566,-0.245081246,1
131,3.812009755,-0.245496705,1
131,4.234608615,-0.177837021,1
131,6.970243234,0.497679576,1
131,5.65955979,0.681412928,1
131,6.286417818,0.252404435,1
131,6.018619414,-1.926763312,1
131,5.281781324,-0.77086574,1
131,5.417084368,-1.053277374,1
131,8.589297544,0.868865754,1
131,5.473907644,0.13159783,1
131,7.155959775,1.187593822,1
131,5.244191397,-1.204001549,1
131,5.7117271,-0.356478221,1
131,6.70046406,2.610366909,1
131,6.663351635,0.658320207,1
131,6.163443311,-0.959103717,1
131,6.597804636,-1.437813502,1
131,4.709889396,1.228548506,1
131,5.711031304,-1.622972594,1
131,6.086492472,0.239327061,1
131,5.972136101,0.397505646,1
131,5.235395797,-1.439444706,1
131,7.674712898,0.551386407,1
131,9.571238769,1.260776432,1
131,4.19900542,-0.86611517,1
131,7.22197468,-0.114378121,1
131,7.756160249,0.15425037,1
131,5.85375001,-0.61999557,1
131,6.541764509,1.426080798,1
131,6.121570249,0.395913578,1
131,8.214619768,1.157407068,1
132,4.353052849,-1.61877713,0
132,4.275955209,-2.045072866,0
132,5.268837125,-1.440032839,0
132,4.708620224,-0.927394045,0
132,4.339089172,-1.1241029,0
132,4.218722474,-2.484352376,0
132,4.755707972,-1.822799805,0
132,4.418572776,-1.756074761,0
132,4.461996246,-2.044472804,0
132,4.321690733,-1.22601785,0
132,4.029545582,-3.239922726,0
132,4.30464184,-2.936999909,0
132,5.074726147,-0.774387875,0
132,5.335146913,-0.716509324,0
132,4.244640955,-1.465130105,0
132,5.428371138,0.702592357,0
132,5.06261696,-0.995004544,0
132,5.069837694,-0.61230545,0
132,4.848927017,-1.589364165,0
132,4.905377682,-0.907633597,0
132,4.844934609,-1.793937683,0
132,5.088611135,-0.475054912,0
132,3.945132717,-2.599177539,0
132,4.176595788,-2.077671101,0
132,4.630643163,-0.718241468,0
132,4.970007023,-0.218192771,0
132,5.058825438,-1.04530668,0
132,5.337804308,1.199695378,0
132,5.433969942,0.286083196,0
132,4.65103267,-1.22112518,0
132,4.53543868,-0.865272764,0
132,4.482088608,-0.545971891,0
132,4.701306576,-1.105523239,0
132,5.075984157,-0.924829875,0
132,4.708221051,-1.588332491,0
132,5.164418007,-0.655712949,0
132,4.095326281,-1.837344758,0
132,5.637692321,0.358522156,0
132,4.072871287,-1.518573122,0
132,5.392518672,-0.288325271,0
132,3.881565023,-3.237853463,0
132,4.283704801,-2.14933488,0
132,5.477149088,0.541268409,0
132,5.202844779,0.069149657,0
132,5.712652535,0.180330392,0
132,4.853814944,-1.302121202,0
132,4.8116047,-1.750965839,0
132,3.562086307,-3.608198929,0
132,4.790747056,-1.029557264,0
132,5.45541566,-0.0288539,0
133,4.650646104,-0.4055726,1
133,4.378090539,-1.741251235,1
133,4.859773938,-0.272715671,1
133,5.194970004,0.242325545,1
133,4.957285858,0.012389583,1
133,4.472378551,-1.016328902,1
133,5.008756806,-0.217713615,1
133,4.993037757,0.847785915,1
133,5.774953033,0.896136008,1
133,5.106939071,0.704663454,1
133,4.278768975,-0.444918656,1
133,5.815643405,-0.05344332,1
133,5.384794843,-0.001650867,1
133,4.121950807,-1.469372317,1
133,5.34762015,0.285208523,1
133,3.998608691,-1.006846259,1
133,5.387141913,0.451868036,1
133,5.790898086,1.015207444,1
133,4.583835656,-0.388420868,1
133,4.665422532,-1.696285919,1
133,4.346034815,-0.997477913,1
133,5.621811048,0.789200228,1
133,4.890152163,0.502896136,1
133,4.605631021,-0.827405742,1
133,3.452983111,-1.926723693,1
133,4.936826895,0.256809923,1
133,4.526081669,-1.642815401,1
133,4.942571125,-0.178542947,1
133,4.672676942,-0.922463713,1
133,4.334520857,-0.554647349,1
133,6.045233982,0.793130027,1
133,6.268180161,0.646262898,1
133,4.398947697,-0.878906778,1
133,5.263436575,0.39769161,1
133,5.002427822,-0.388092674,1
133,5.368941484,-0.920167332,1
133,5.522465654,0.468073001,1
133,6.1267014,1.096345677,1
133,5.580932413,1.329836475,1
133,4.785762238,-0.504372814,1
133,4.635937615,-1.065634528,1
133,4.790073705,-0.308464084,1
133,5.32505603,1.258327568,1
133,5.400738152,0.903218757,1
133,4.49210317,-0.986283179,1
133,4.565160875,-1.12347488,1
133,6.223023134,2.029492064,1
133,5.144440133,-0.239399883,1
133,3.741176692,-2.241167986,1
133,4.961675816,0.687948605,1
134,6.123348762,4.223170584,0
134,6.804722468,1.898125803,0
134,7.074806056,3.027232872,0
134,4.888653991,0.424743878,0
134,5.988037388,3.138810354,0
134,4.473573838,1.579010401,0
134,4.875046238,1.026017296,0
134,5.494090842,0.058734087,0
134,6.474754158,0.680715443,0
134,6.295933231,1.754091134,0
134,5.272664815,1.70798848,0
134,4.763287167,1.809330393,0
134,6.369180832,2.537141353,0
134,5.190405931,3.106197977,0
134,5.270102374,0.306659617,0
134,6.215640734,2.995262398,0
134,7.450715142,1.759975718,0
134,5.498448031,1.738538737,0
134,5.457869286,1.673199765,0
134,5.733813373,2.816466073,0
134,5.324879359,1.945929293,0
134,5.250661668,2.681509221,0
134,5.349361127,3.004369892,0
134,5.530160624,1.261767697,0
134,6.744807896,3.149706672,0
134,4.212430985,1.317998903,0
134,7.002376483,2.959647905,0
134,5.451433343,2.165939898,0
134,6.323462369,1.799653843,0
134,4.637902258,2.11896655,0
134,5.362209398,2.042773008,0
134,5.444937347,1.45422494,0
134,5.853881215,3.114885424,0
134,6.687445378,3.851730142,0
134,5.418647434,2.179726069,0
134,6.741852566,3.705831995,0
134,6.341821248,3.442892155,0
134,6.464615844,3.826798515,0
134,6.956277705,3.412178213,0
134,5.632012504,3.085819279,0
134,6.066060546,2.421405812,0
134,4.581024295,1.92811251,0
134,5.527327392,2.02781574,0
134,5.327706315,2.210891897,0
134,6.17047186,2.4343817,0
134,5.874622742,2.964173637,0
134,5.066586039,1.792134726,0
134,5.296956036,2.316180242,0
134,5.579206851,1.908502364,0
134,7.103678784,3.424787107,0
135,4.942224527,0.430499391,0
135,4.001327625,1.022015807,0
135,4.395586758,0.68128117,0
135,4.951896392,0.969475769,0
135,3.900962295,0.067374334,0
135,5.954535333,0.634982138,0
135,3.865967789,-0.710657554,0
135,4.701434297,0.234859328,0
135,5.340505996,0.643480449,0
135,3.886122231,0.971992306,0
135,4.289714289,0.020177138,0
135,6.190628281,0.351725242,0
135,5.529214721,-0.147646137,0
135,3.636163479,-1.052110221,0
135,5.866922379,0.371423012,0
135,2.767812545,0.741618582,0
135,5.857394865,0.011068746,0
135,3.902818841,0.307103619,0
135,4.068615288,-0.379234079,0
135,5.897599005,-0.039195586,0
135,4.378678825,-0.546561548,0
135,4.080127512,0.051970136,0
135,3.964994975,-1.021199533,0
135,5.017280529,0.317777101,0
135,4.175884017,2.110938899,0
135,4.714789077,1.714052246,0
135,5.841772068,-0.098157106,0
135,4.085844866,1.107030366,0
135,5.088446138,1.172210994,0
135,5.031147845,-1.089968498,0
135,5.352456723,1.156838257,0
135,5.296176957,-0.273632264,0
135,6.224236494,0.43688587,0
135,4.140969961,2.239356681,0
135,3.726344452,1.230802841,0
135,4.854888,-0.923106189,0
135,5.035631548,0.148209518,0
135,4.532822683,2.084059812,0
135,4.697069683,-0.456903085,0
135,5.217234355,0.809763637,0
135,3.736924648,1.551712859,0
135,6.08287033,0.754497975,0
135,4.829403399,0.827869088,0
135,5.090579938,0.621273037,0
135,5.773438624,1.32992984,0
135,6.072063901,0.970190095,0
135,5.131522388,2.24756761,0
135,3.403657193,-0.921324975,0
135,6.811765522,1.129346043,0
135,3.601289318,1.618570272,0
136,4.025355052,-1.972480346,1
136,4.670811307,-3.740716782,1
136,4.620056317,-0.654850341,1
136,4.343689671,-3.323681488,1
136,4.467520559,-1.485054791,1
136,4.515505948,-2.874353026,1
136,3.606714798,-2.932211225,1
136,4.120105623,-2.814823503,1
136,3.818885486,-3.076234571,1
136,3.86690868,-3.163915437,1
136,4.057191453,-1.739041831,1
136,4.093010528,-3.181796038,1
136,4.348136565,-4.529222595,1
136,3.473868195,-3.645213773,1
136,4.203052337,-2.73599302,1
136,4.225511251,-2.078721037,1
136,4.176799957,-3.220051941,1
136,4.354028226,-1.34055541,1
136,4.467127067,-2.638597231,1
136,4.382357929,-0.713538585,1
136,4.343300687,-3.946175448,1
136,3.679435415,-3.714504086,1
136,4.181083681,-1.376146055,1
136,4.30601905,-0.802008468,1
136,4.3691436,-2.120500969,1
136,3.351178721,-4.625658868,1
136,3.548574964,-2.109674552,1
136,3.616189437,-1.399326802,1
136,4.612069537,-2.889288897,1
136,3.680914216,-2.807014158,1
136,4.015435377,-3.449905945,1
136,4.12733107,-3.252920501,1
136,3.459414044,-3.988883649,1
136,3.626988231,-2.629984601,1
136,3.531059258,-3.012397194,1
136,5.012578427,-0.043652259,1
136,4.264861652,-1.933968415,1
136,4.077701521,-2.862734085,1
136,4.403101558,-1.6648492,1
136,4.196844063,-3.058884245,1
136,4.136976211,-4.39833162,1
136,4.264596593,-1.070566543,1
136,4.616561969,-3.233038758,1
136,3.63818196,-1.702237056,1
136,4.414470751,-0.887881564,1
136,3.548874671,-2.794766732,1
136,5.006426397,-1.60405365,1
136,4.146421948,-1.159003232,1
136,4.149319482,-4.452911471,1
136,4.102748261,-1.826973683,1
137,2.869983037,0.276456178,1
137,1.935239393,-1.356075528,1
137,4.158866397,-0.118888782,1
137,3.770179309,-0.512345249,1
137,2.606232776,-1.658650532,1
137,4.362377115,2.408253941,1
137,3.553395284,0.718193858,1
137,5.640802336,1.231500211,1
137,3.468239383,0.000485867,1
137,4.506726508,-0.382401701,1
137,5.243773424,0.590853551,1
137,4.505945172,0.721639123,1
137,4.266376024,0.446695206,1
137,2.619002058,-0.50163493,1
137,2.972866359,-0.440384639,1
137,3.055049796,-0.46940016,1
137,4.369466657,-1.047824328,1
137,3.818883436,-0.064653879,1
137,5.098348926,-0.276185786,1
137,2.209464399,0.077940475,1
137,2.180147249,-1.887750627,1
137,5.355359897,-0.777003345,1
137,2.175127881,-0.597378496,1
137,3.283620513,-0.708070132,1
137,4.396349727,-1.095483496,1
137,3.508686642,-0.779072046,1
137,4.839065802,1.415907641,1
137,4.341487094,-0.768158429,1
137,2.925699286,-0.601619856,1
137,3.44529529,-2.137320412,1
137,2.602174611,-0.059000427,1
137,3.011355727,-0.777788743,1
137,4.193649954,-0.874337213,1
137,1.601486274,-1.816158191,1
137,2.120695035,-1.24701617,1
137,3.852038431,-0.425997078,1
137,3.746090316,-0.118810186,1
137,3.849255746,-0.987481791,1
137,2.987754342,-0.882121162,1
137,4.777351346,0.653084845,1
137,1.674540564,-1.749527517,1
137,3.278749361,0.045535686,1
137,3.671497514,-0.495112088,1
137,4.467881431,0.812944246,1
137,3.327223171,-1.285080869,1
137,4.461490834,0.393258551,1
137,4.258862402,0.170706542,1
137,4.248535111,0.956049654,1
137,5.294975097,-1.468214735,1
137,0.816173841,-1.762646029,1
138,4.315123669,-0.300814287,0
138,4.202647861,2.247654008,0
138,4.605554734,0.717844244,0
138,4.866314992,0.767716605,0
138,4.327669125,0.106827845,0
138,4.403664529,0.686082439,0
138,4.257148027,0.04939092,0
138,4.249440631,-0.030870867,0
138,4.857199435,1.126112119,0
138,3.748037961,-0.201326847,0
138,4.417628377,1.025629875,0
138,3.885369571,-1.788474478,0
138,4.001158852,-0.828341558,0
138,4.761760205,-0.415286133,0
138,4.72381168,-0.505119107,0
138,4.617175954,-0.519310793,0
138,4.352388057,0.960055989,0
138,3.854292006,0.216930643,0
138,4.633398218,1.811485871,0
138,4.213377157,0.23751698,0
138,3.916476749,-0.573825426,0
138,4.173737886,-0.490433204,0
138,4.216367161,0.620459614,0
138,4.582599496,0.163379562,0
138,5.453384069,0.808805976,0
138,4.295391076,0.548711675,0
138,4.720709421,-0.341038181,0
138,4.093995751,0.990067196,0
138,4.729329608,1.902503605,0
138,4.102024022,0.605329919,0
138,4.652789995,-0.513045892,0
138,4.02698862,-0.759092105,0
138,4.41262934,0.172286128,0
138,4.171738863,0.331327574,0
138,4.992234581,-0.573839728,0
138,5.318646501,2.660271036,0
138,4.280608528,0.811898185,0
138,4.214555187,0.010064613,0
138,4.651819432,1.282259839,0
138,4.388003473,-0.792527564,0
138,4.389874955,0.150394887,0
138,3.884138186,-0.333620677,0
138,4.959101727,0.081729463,0
138,5.038970296,-0.442419201,0
138,4.540286464,1.108803147,0
138,4.512034572,0.364378851,0
138,4.280772317,-0.724600984,0
138,3.122466935,-2.12704309,0
138,4.542786308,1.10508825,0
138,4.650906745,1.851321783,0
139,4.597714107,-0.837051613,0
139,5.159481678,-1.672857595,0
139,4.976687579,-0.849357893,0
139,5.855394016,-2.046321282,0
139,5.549773225,-3.281427313,0
139,4.732553107,-2.155572054,0
139,4.996324867,-1.323777782,0
139,5.802721269,-0.234171095,0
139,4.642148062,-0.823735077,0
139,5.620115486,-0.715758661,0
139,5.180372189,-1.26462382,0
139,5.427304864,-2.657518926,0
139,5.48094394,-2.474435714,0
139,4.344739979,-2.510535026,0
139,5.043326547,-2.192929207,0
139,5.145165106,-1.742436368,0
139,5.226031421,-0.713230961,0
139,4.756141965,-2.142358616,0
139,5.443576763,-2.475010777,0
139,6.064265215,-1.036164286,0
139,5.134871756,-1.623115024,0
139,5.74517811,-1.52055355,0
139,5.843561436,-0.241165663,0
139,5.075344866,-1.214029342,0
139,5.708856529,-1.90233224,0
139,5.235552951,-2.532408594,0
139,5.518092746,-2.153501995,0
139,5.635993141,-1.988651881,0
139,6.1961475,-1.342649215,0
139,4.97655037,-1.698295264,0
139,5.014692471,-1.844481723,0
139,4.96940081,-1.82397787,0
139,4.954363387,-1.047158786,0
139,5.558938828,-1.201884789,0
139,5.625912537,-2.321249359,0
139,5.338641875,-2.72287798,0
139,5.356774469,-2.573314439,0
139,5.604681408,-1.868333604,0
139,5.265258136,-2.390722388,0
139,5.151803167,-2.009843765,0
139,4.569203167,-0.239188429,0
139,5.579516768,-1.473253621,0
139,5.489866812,-2.123624247,0
139,5.129605454,-0.998384108,0
139,4.939369392,0.174305615,0
139,5.284500557,-0.272504016,0
139,5.948199645,-0.839610591,0
139,5.804252799,-1.290666844,0
139,5.607674369,-2.879242883,0
139,5.612921104,-2.31576066,0
140,4.275022468,1.390709507,0
140,4.093401817,-1.643050905,0
140,4.129688487,-0.330751599,0
140,4.352362473,0.414421019,0
140,5.055975168,1.452876291,0
140,4.027840011,0.396030633,0
140,3.207509625,-1.673000386,0
140,4.93248507,0.608308963,0
140,4.693177237,0.832114322,0
140,3.632432685,-0.331276245,0
140,4.710152091,-0.156870232,0
140,4.303866374,0.488193308,0
140,4.969746307,-1.104470324,0
140,4.265252611,0.579095034,0
140,4.210643101,0.339749933,0
140,4.264795415,1.269819883,0
140,4.557184122,0.820843344,0
140,4.701714052,0.217874441,0
140,5.088379193,0.118430228,0
140,4.221853486,-0.268283326,0
140,4.629778951,0.758913798,0
140,3.904868111,-0.132485928,0
140,5.139943515,1.326179351,0
140,3.942447296,-1.150370493,0
140,3.417132964,-0.602017115,0
140,4.862436808,0.535520896,0
140,3.96625691,-0.01784098,0
140,3.555919215,1.028968854,0
140,4.875641554,1.230010558,0
140,3.594078078,0.034153658,0
140,5.586251713,1.27801019,0
140,3.985996617,-0.070170273,0
140,4.935062063,-0.605185087,0
140,2.959638087,-3.370403919,0
140,3.10066166,-0.995203965,0
140,3.720467649,-0.087352507,0
140,4.650549634,0.427308606,0
140,5.036656258,0.749342422,0
140,5.569026737,-1.166605372,0
140,4.885208193,-0.829904439,0
140,5.712007197,-0.072132493,0
140,4.587393934,1.012217038,0
140,4.290503459,-1.544990341,0
140,4.597723472,0.258180469,0
140,4.087177582,-0.470694441,0
140,3.920111959,-1.220844506,0
140,5.19218181,0.693294469,0
140,4.563520185,0.332118978,0
140,3.610078409,-0.354222953,0
140,6.226231838,2.236542362,0
141,6.331118137,2.359076234,0
141,5.541720762,1.201043829,0
141,6.62302728,1.336961702,0
141,6.383182846,2.346572123,0
141,5.495921363,-0.5054949,0
141,5.518130546,1.118119413,0
141,5.243796582,-0.762166447,0
141,5.964067343,0.442310924,0
141,6.812350879,2.206469424,0
141,6.762434482,1.373323612,0
141,6.103626724,1.091166545,0
141,5.874279416,1.754434691,0
141,6.340810638,0.942241976,0
141,6.854884103,2.278414865,0
141,5.826847461,0.475178363,0
141,4.719113017,-0.588107319,0
141,6.099912266,0.773696819,0
141,6.595296519,0.854063582,0
141,5.871783937,0.928287091,0
141,5.994671246,1.372722668,0
141,5.878644442,-0.071683723,0
141,5.803223814,1.820739831,0
141,6.444512323,1.751236268,0
141,5.875107855,1.341007126,0
141,5.138423878,0.566271935,0
141,6.060869011,1.32647357,0
141,5.006209815,-0.200075413,0
141,6.307099649,0.700310496,0
141,6.314629577,0.708436946,0
141,6.817687442,1.796801268,0
141,5.578759142,0.383714655,0
141,6.477659779,0.954786254,0
141,6.409921644,1.477242865,0
141,5.612777421,1.798840354,0
141,5.862159062,0.268718856,0
141,7.081698714,2.32098236,0
141,6.753130746,1.695264616,0
141,6.291408093,1.280231304,0
141,6.156079413,1.866623474,0
141,6.787741122,3.296546302,0
141,5.887103563,0.900706737,0
141,4.82537221,-0.423110044,0
141,6.117201003,1.640077132,0
141,5.37091586,0.076084182,0
141,6.920106321,1.799322337,0
141,5.430498719,0.158887247,0
141,6.008403074,0.826394378,0
141,5.233224736,0.126214367,0
141,4.697573312,-0.615101615,0
141,5.960832958,1.290469281,0
142,4.882914395,-0.905429605,0
142,5.010180881,-0.300479016,0
142,5.059935001,1.099705869,0
142,4.915549387,0.271013101,0
142,4.523607705,-0.507039401,0
142,4.804676549,-0.393523803,0
142,4.849293562,-1.875066176,0
142,4.316163405,-0.962424638,0
142,4.355374905,-1.95629113,0
142,4.354027912,-1.089107521,0
142,4.553746125,-1.686108919,0
142,4.810683714,-1.440577407,0
142,5.442019068,2.00181642,0
142,4.887546788,-0.078641753,0
142,4.854920555,-1.145828799,0
142,5.031986965,1.165148816,0
142,4.019356364,-2.62811837,0
142,4.35686847,-1.351791577,0
142,4.849698392,0.334648861,0
142,4.540768128,-0.520561077,0
142,4.703668472,-0.131419313,0
142,4.290006762,-1.605207114,0
142,4.93196746,-0.669817828,0
142,4.423123518,-0.452140416,0
142,4.728166374,-1.269723509,0
142,4.39926226,-1.916817996,0
142,4.187081559,-0.813169423,0
142,5.087561025,0.427178129,0
142,4.034924453,-1.230289587,0
142,5.163287222,0.520481581,0
142,5.387757003,2.577914905,0
142,4.73039212,-1.156409773,0
142,4.864930146,-1.760799485,0
142,4.722671052,-0.4753777,0
142,4.967396614,0.767854075,0
142,5.14305158,1.202871637,0
142,4.654949137,0.408951753,0
142,4.61205392,-0.199406741,0
142,4.215862902,-1.10533159,0
142,4.996731489,0.185725601,0
142,5.021935286,0.750294557,0
142,4.197644559,-0.554938042,0
142,4.942325723,-0.263516574,0
142,4.354751116,-1.049071498,0
142,5.368830919,1.270990215,0
142,4.778423557,-0.293143332,0
142,4.361706331,-0.779021189,0
142,4.6047444,-0.662738963,0
142,4.815372748,-0.215580144,0
142,4.927503718,1.4511293,0
143,4.401479079,-0.853162683,0
143,4.71469798,-0.660377125,0
143,4.072391987,-2.098781892,0
143,3.651705959,-1.672902336,0
143,6.01694014,0.688071678,0
143,5.579352648,1.2292134,0
143,4.227072535,-1.119077888,0
143,5.518139562,-0.91894434,0
143,4.507406109,-1.358334806,0
143,4.770669786,0.253483004,0
143,4.543620423,-1.072425362,0
143,5.722229582,0.928321433,0
143,4.553505955,-0.709979942,0
143,5.007347735,0.402033773,0
143,6.079815824,2.088654452,0
143,4.989831094,-0.74490297,0
143,5.82174271,0.093080211,0
143,4.979323038,-1.247983837,0
143,4.990942701,0.908550771,0
143,4.350355446,1.053207044,0
143,4.217460273,-2.193140091,0
143,5.928018623,-0.065110141,0
143,3.48151251,-1.411734889,0
143,5.027634104,-0.254916712,0
143,5.078509114,0.216674116,0
143,5.352628053,1.105766875,0
143,4.595615603,-0.783194915,0
143,5.428119807,-0.760198878,0
143,3.921051825,-0.605990559,0
143,5.323851506,-1.107172302,0
143,4.792480324,-0.232750298,0
143,4.641852067,-0.495185919,0
143,4.178634045,-1.369135154,0
143,4.86711896,-1.426774684,0
143,6.199502904,0.480143033,0
143,5.211264435,-0.35440705,0
143,5.903809275,0.213808577,0
143,5.354183697,0.513093884,0
143,6.172503948,1.905698005,0
143,4.585603452,-0.874682302,0
143,3.395133492,-1.713167827,0
143,4.041355469,-1.114427399,0
143,5.176488599,-0.441848688,0
143,4.083914417,-0.78834458,0
143,5.951130473,0.335267102,0
143,4.612605952,-0.337033362,0
143,5.264871628,-1.346724488,0
143,5.021251884,-1.270746169,0
143,4.25930884,-1.481264772,0
143,4.846055536,-0.549414003,0
144,6.978925809,0.417494755,1
144,6.62930836,1.51950405,1
144,5.194783548,0.819973819,1
144,6.15062689,2.393672206,1
144,7.989238247,0.981964587,1
144,6.825725349,-0.298341682,1
144,6.089086539,1.281251551,1
144,8.120975252,2.56508012,1
144,6.21165346,0.847458422,1
144,6.176675017,-0.227499962,1
144,5.62157095,1.291397429,1
144,3.645372432,-0.811617081,1
144,6.782430195,1.90006377,1
144,6.04116583,0.888633458,1
144,6.710204889,0.646188864,1
144,5.940149952,1.278654114,1
144,5.843322208,0.808678983,1
144,6.222476549,0.973078677,1
144,4.70846636,0.072860474,1
144,8.542095839,2.813837419,1
144,7.336093245,1.380270725,1
144,7.679839712,1.371093716,1
144,5.533709943,0.565564688,1
144,7.102754922,2.281807273,1
144,6.792287121,0.401837142,1
144,5.054844202,1.054449205,1
144,5.328656622,0.039039166,1
144,6.175461233,-0.130149295,1
144,5.124597091,-1.122670643,1
144,6.182333891,0.641038093,1
144,5.721168864,-0.090442565,1
144,5.913507871,2.076727094,1
144,5.879417458,0.172219346,1
144,6.945172973,1.132217262,1
144,7.360970155,0.735053163,1
144,4.882815415,0.02222935,1
144,5.120926538,-1.052209665,1
144,5.930854786,-0.865348805,1
144,7.098903711,3.346753832,1
144,5.979914591,1.282759996,1
144,6.668198062,0.870508032,1
144,7.418234794,1.690343381,1
144,6.438288736,-0.583153704,1
144,6.854993026,0.874185438,1
144,6.261864629,1.432874231,1
144,7.507249603,0.085472265,1
144,7.587929198,0.582540979,1
144,5.293376544,0.730241286,1
144,7.919226643,2.831663327,1
144,5.451959654,-0.445067616,1
145,6.188617756,-2.919055205,0
145,5.165599042,-2.906304052,0
145,5.491028849,-1.581878585,0
145,6.039062295,-1.977116202,0
145,6.097863559,-3.022287491,0
145,6.151329893,-1.153321291,0
145,5.918610289,0.031653237,0
145,5.31944186,-2.907615215,0
145,5.325208635,-1.806381799,0
145,5.818052117,-1.17902271,0
145,6.387065937,-1.270988472,0
145,5.711645315,-1.870031487,0
145,5.563211606,-2.047409456,0
145,5.738418067,-0.97111431,0
145,6.06073211,-0.834120781,0
145,6.358042775,-3.307420903,0
145,5.344451047,-3.27235365,0
145,5.483789621,-3.863244449,0
145,5.970416742,-1.103562644,0
145,5.677312485,-1.784781243,0
145,5.571294612,-1.804687626,0
145,5.933505909,-2.239690949,0
145,6.276143573,-1.159212227,0
145,6.549336405,-0.531544261,0
145,6.566587364,-1.095814742,0
145,6.482489009,-2.218356465,0
145,5.932883122,-0.617506814,0
145,5.623304791,-1.34893459,0
145,6.095529392,-1.255395119,0
145,5.425929846,-3.598041701,0
145,5.939242483,-1.818810912,0
145,5.959331257,-0.537971085,0
145,5.200477289,-1.849824894,0
145,6.207861534,-1.712998034,0
145,5.903944698,-0.964586608,0
145,6.24624568,-0.698129482,0
145,4.934505469,-2.801068244,0
145,5.496888623,-1.611383189,0
145,6.640929127,-1.380599191,0
145,5.538186453,-1.466646025,0
145,5.200124389,-3.477868674,0
145,5.654037614,-2.79394931,0
145,6.483101448,-1.388395299,0
145,5.704568193,-1.694650181,0
145,6.02231411,-2.893837534,0
145,5.578373257,-1.913391547,0
145,5.945482346,-2.013903623,0
145,6.197180617,-1.104013331,0
145,6.192294845,-1.593745536,0
145,6.129565616,-1.183578373,0
146,5.823980894,1.20074364,0
146,4.836881039,0.043892314,0
146,5.41357188,1.224933932,0
146,4.630870452,0.877052457,0
146,4.753574676,0.480338241,0
146,5.588346087,1.219753839,0
146,5.931954807,2.035304951,0
146,6.16204346,0.600555776,0
146,5.360405959,0.742650693,0
146,5.162879924,1.22791063,0
146,6.230430928,1.247321646,0
146,5.837424148,2.644732293,0
146,5.188555299,1.294808372,0
146,5.110991114,1.975663063,0
146,4.602831934,1.107601361,0
146,4.549050138,0.239827359,0
146,5.539868615,2.222454516,0
146,4.507320335,-0.668564659,0
146,4.441884837,0.83352589,0
146,5.088915462,-0.118914772,0
146,6.374097741,2.281610124,0
146,4.533554588,0.304345508,0
146,5.13305955,-0.124481858,0
146,4.601920129,0.26648618,0
146,5.619472611,1.327296447,0
146,4.933274254,1.253119867,0
146,5.239315784,2.269029559,0
146,5.918819182,3.236066057,0
146,4.866648582,-0.862339959,0
146,3.793456988,-2.187923385,0
146,4.897821752,0.77405203,0
146,5.159536133,1.519547451,0
146,5.192899119,1.661567041,0
146,5.701462649,0.443077705,0
146,4.429701829,0.108159601,0
146,5.179862088,-0.536858306,0
146,4.492505797,-1.277153629,0
146,5.646891748,1.865104495,0
146,4.720964379,1.043347097,0
146,5.687290926,1.311504056,0
146,4.697763014,-0.363423639,0
146,4.026318997,-1.162424012,0
146,4.00061091,-0.815851138,0
146,4.608066317,-0.902719144,0
146,4.607042521,-0.536296932,0
146,4.859628229,-0.039152502,0
146,5.506934363,1.490002501,0
146,4.895867651,-0.167985527,0
146,5.184445861,0.111931934,0
146,4.862881662,-1.123225932,0
147,3.268207376,-0.879103202,1
147,3.506604087,-0.175639924,1
147,3.254070504,-0.505517327,1
147,4.232298874,0.405305877,1
147,3.384903172,-0.421027921,1
147,3.280886208,-2.27978563,1
147,2.929910432,-1.309589055,1
147,3.530970908,-0.255868282,1
147,3.180630003,-0.814306313,1
147,3.92774217,-0.015298546,1
147,3.423185482,-0.63498904,1
147,3.545101543,0.39232223,1
147,3.703355367,-0.108490443,1
147,3.715269726,0.024880166,1
147,2.751875561,-1.745411349,1
147,2.607635389,-2.898652007,1
147,2.680280636,-1.792045877,1
147,3.666865839,0.486532233,1
147,3.480188706,-0.685847241,1
147,2.944406868,-1.85119146,1
147,3.528343626,-0.709810918,1
147,2.637987728,-2.706371382,1
147,3.97531764,0.423087228,1
147,3.082247813,-1.576112578,1
147,3.639028822,0.342814128,1
147,3.832479045,0.139542224,1
147,3.210304815,-0.389504636,1
147,3.209667018,-1.609921571,1
147,3.194743297,-1.380375088,1
147,3.901803984,0.634426879,1
147,3.34110514,-1.511412603,1
147,3.77140246,-0.402366069,1
147,2.992366314,-1.787812594,1
147,3.544489879,-0.708358201,1
147,2.972848667,-1.75182447,1
147,4.261122725,0.602727641,1
147,3.523946632,-0.091937254,1
147,3.297874641,-0.983774539,1
147,3.679220627,0.167119811,1
147,3.695099415,-0.20299233,1
147,3.13478118,-1.41009701,1
147,3.71860951,0.031633146,1
147,3.065251378,-1.666044574,1
147,3.270377008,-1.33352171,1
147,3.488392803,-1.12380703,1
147,3.877834972,0.241250843,1
147,3.1299693,-0.770803783,1
147,3.181213105,-1.827353955,1
147,3.271315555,-1.322690185,1
147,3.475471463,-0.824127876,1
148,6.353966081,2.085618374,1
148,3.921738255,0.508203559,1
148,5.423941923,1.990444047,1
148,4.529748404,1.060817588,1
148,4.407133678,0.098491841,1
148,6.332790544,1.480608834,1
148,4.899251089,1.619464881,1
148,4.983164932,2.341431388,1
148,4.947288581,1.136735966,1
148,5.732950446,1.52077311,1
148,5.17181317,0.973848094,1
148,4.652832332,0.240188743,1
148,4.668499015,1.951071349,1
148,6.494633695,2.375983803,1
148,6.312099861,3.192997459,1
148,4.703152277,1.610226305,1
148,4.008135276,1.03785345,1
148,5.256125493,2.743214637,1
148,4.113321411,0.30900306,1
148,5.038623447,1.759468523,1
148,4.87316383,2.288004524,1
148,6.137043571,1.985690951,1
148,5.289623755,2.151301833,1
148,4.589145643,-0.644545563,1
148,5.507334141,2.20230558,1
148,5.64533287,2.689753208,1
148,5.553886397,1.915403754,1
148,4.101624011,1.030003991,1
148,4.790018121,2.238039621,1
148,5.29215362,2.092944654,1
148,4.520202362,0.716320531,1
148,4.743143238,0.711122488,1
148,5.260353699,2.471626134,1
148,4.839427872,1.121076629,1
148,6.030897062,1.805501666,1
148,5.432328679,1.492370541,1
148,5.443492228,1.303523253,1
148,4.974480126,1.512595676,1
148,6.340582395,1.816097513,1
148,4.679879151,1.666571396,1
148,5.865214738,2.307709926,1
148,5.78514963,1.398718078,1
148,4.238524828,-0.425898019,1
148,4.075849761,1.127136193,1
148,6.436684468,2.860871646,1
148,4.08696548,-1.44553561,1
148,5.644029296,1.033299175,1
148,4.868784451,1.357920683,1
148,4.728557653,1.18749961,1
148,5.554471888,1.945580057,1
149,4.264436837,-0.641064567,0
149,3.739537225,1.305462245,0
149,4.587515943,-1.017760333,0
149,4.447582874,-1.545760914,0
149,4.595464279,1.145056682,0
149,3.922314402,-0.137694845,0
149,3.97979995,-0.918448151,0
149,4.12461422,-0.686216255,0
149,5.497743191,0.380282002,0
149,4.973503773,-0.319542488,0
149,3.509659231,0.671529714,0
149,4.476353338,-0.280850668,0
149,4.377207083,0.728367185,0
149,4.351506734,1.041551278,0
149,4.663454351,-0.711649961,0
149,4.714845054,0.5488232,0
149,3.64119496,0.726655321,0
149,3.856326893,-1.008320731,0
149,5.277401294,0.397690679,0
149,4.450050445,0.177744237,0
149,4.285836934,-0.018578676,0
149,4.551764093,0.425271633,0
149,4.857994369,0.911118624,0
149,4.91894815,-2.488898878,0
149,3.885875375,-0.886930745,0
149,4.392410858,-0.515204719,0
149,3.99103229,1.248686566,0
149,4.444493505,0.029337495,0
149,4.482395131,0.705623481,0
149,3.632581414,1.188655027,0
149,4.803830615,1.332053327,0
149,3.253256844,0.935477704,0
149,5.368656526,1.215956624,0
149,4.034847152,0.059105152,0
149,4.305404142,-0.232372819,0
149,4.918821196,0.857606173,0
149,4.238640229,0.421422649,0
149,4.550937951,-0.340161451,0
149,4.569431735,-1.476443717,0
149,3.71238818,0.436421858,0
149,4.359611059,0.32402055,0
149,3.902929361,-0.945910428,0
149,4.325217117,-0.95238821,0
149,3.973144352,-0.534989988,0
149,5.370017352,-1.341768497,0
149,4.890598823,-0.477154199,0
149,4.861392892,0.333390787,0
149,3.97601282,0.682560923,0
149,4.585385165,0.50220589,0
149,3.943998822,-0.615623403,0
150,5.981173046,0.779675886,0
150,5.602234502,-0.236956602,0
150,5.547473508,-0.229194388,0
150,5.937082035,-0.079643392,0
150,6.119014935,0.673916563,0
150,5.660375172,1.385656587,0
150,5.492810157,-1.510831766,0
150,5.191635819,0.343985776,0
150,4.914035083,-1.003444799,0
150,6.897230048,-0.067458086,0
150,6.16617369,0.960783291,0
150,5.531987263,-1.650642919,0
150,4.723982629,-0.279212923,0
150,5.724699066,0.10008847,0
150,5.541583735,-0.110570189,0
150,5.684706475,0.264590537,0
150,7.14244584,-0.410093379,0
150,6.827294356,-0.586474039,0
150,5.102366521,-0.475060101,0
150,5.866572205,-1.016853073,0
150,5.510522856,0.609499418,0
150,5.740927053,-0.961231652,0
150,6.931342151,1.704010811,0
150,4.439329901,0.7807512,0
150,5.819985729,-1.517362191,0
150,5.108672309,0.273553562,0
150,6.301771987,0.519886345,0
150,6.760736788,-1.334104257,0
150,5.938269239,1.195892761,0
150,5.469550537,-0.674851522,0
150,5.609081619,0.333404825,0
150,6.326411688,0.398158993,0
150,5.54614239,0.192694094,0
150,6.802808924,0.447360462,0
150,6.284878,0.828349937,0
150,4.657710457,0.482172696,0
150,6.677388738,0.302040181,0
150,5.150800847,-2.62988702,0
150,6.021329275,0.003091707,0
150,7.12521721,2.290589269,0
150,5.939271493,1.219972552,0
150,7.654049591,0.129241995,0
150,6.555728875,0.080025729,0
150,4.898351113,-1.11177747,0
150,6.290621794,0.299464657,0
150,5.390887411,-0.578858251,0
150,5.394234949,0.152620632,0
150,7.137452588,2.020460577,0
150,5.491977975,0.032763206,0
150,5.562331565,-1.085549308,0
151,6.788355455,1.659331222,1
151,5.582257358,-1.092907926,1
151,5.34518353,2.480110782,1
151,5.736993213,-0.194011871,1
151,6.006890464,0.923487911,1
151,5.884883153,0.540638795,1
151,6.174675663,3.092900412,1
151,5.866067785,1.526190431,1
151,4.744478957,1.636011107,1
151,5.546061827,1.418290931,1
151,5.782675878,1.255237037,1
151,6.611290053,1.614231827,1
151,6.191849316,0.958673161,1
151,4.31498173,-0.710398578,1
151,5.808887966,0.451061058,1
151,4.602431103,1.672329849,1
151,5.417355808,0.582906722,1
151,6.760229146,-0.884099319,1
151,6.032594386,0.185996012,1
151,4.248096166,1.119823814,1
151,5.743430674,0.378480458,1
151,6.138893535,-0.704706788,1
151,5.461922385,0.152559433,1
151,7.412157345,0.819431578,1
151,6.023885985,1.139174325,1
151,5.237478668,0.452495278,1
151,5.403431227,0.419143837,1
151,6.669319755,1.679097388,1
151,5.135144991,-0.504520066,1
151,5.80103795,-0.50113923,1
151,3.900084065,0.024550176,1
151,5.982759909,-1.016654052,1
151,3.953509711,0.789517639,1
151,5.973367191,-0.180165196,1
151,3.677908895,0.572290343,1
151,5.837236097,1.73736432,1
151,5.187369794,1.601163371,1
151,6.224217138,-1.252585197,1
151,6.075040054,-0.335701131,1
151,5.381536679,-0.793514252,1
151,5.47179056,0.904179399,1
151,5.471555706,0.363562089,1
151,5.364762021,0.065429552,1
151,6.922972779,-0.794182756,1
151,4.884956798,0.950451226,1
151,4.619056887,0.536327071,1
151,6.21424285,1.659720576,1
151,5.988830483,0.589623937,1
151,3.745764555,-0.955682911,1
151,4.177821438,-0.737754343,1
152,4.947573809,-0.980263015,0
152,4.055624921,-0.102027817,0
152,6.240486573,-1.104516427,0
152,5.421605429,-0.949152519,0
152,5.31622902,0.221218381,0
152,5.871389696,-0.185908897,0
152,4.681158157,1.525982597,0
152,4.79486117,-1.212447084,0
152,5.575523103,-1.292273879,0
152,3.682555404,-1.525340318,0
152,4.638276318,-0.634490144,0
152,6.481412984,-1.702014106,0
152,5.616215983,-0.331356654,0
152,5.875514867,-2.637137752,0
152,6.296389383,-1.353415261,0
152,5.616710171,-1.078697072,0
152,6.241071244,-2.149692324,0
152,7.590717452,-0.517437759,0
152,6.867197803,-2.270507032,0
152,6.271379242,-1.357173682,0
152,3.590504373,0.205635383,0
152,5.564158724,0.550318298,0
152,3.571288021,-2.026994929,0
152,5.060219943,-0.775003785,0
152,5.360237793,-0.310220555,0
152,5.795071966,-1.346399002,0
152,6.089088725,-2.245871875,0
152,4.910477836,-0.610888999,0
152,4.438078638,-0.21554694,0
152,6.767227915,-1.522153131,0
152,5.276973879,-1.207280051,0
152,5.897136924,-1.101492264,0
152,5.790917008,-2.815006924,0
152,4.408954663,-2.072365218,0
152,3.845932068,-2.179150536,0
152,5.897265645,0.331909606,0
152,4.963050324,0.134504265,0
152,6.455215654,-1.537577516,0
152,6.103286816,-0.515074623,0
152,4.931989661,-1.323236602,0
152,7.050942043,0.000293603,0
152,5.128532878,-0.462472928,0
152,5.90535707,-0.065269373,0
152,4.324658434,-0.636925628,0
152,4.906252925,0.373542309,0
152,6.713630475,-1.226852821,0
152,8.025962663,-0.650988261,0
152,4.965506262,-0.620252906,0
152,5.827178333,-0.739928339,0
152,5.787700594,-1.815360872,0
153,6.899537315,0.149455237,0
153,6.738076658,-1.124195434,0
153,5.909709001,0.979821316,0
153,5.629230695,-0.890130738,0
153,4.760534223,0.002778411,0
153,6.595993338,-0.696569506,0
153,7.282737914,0.108361353,0
153,7.444067715,-0.371742646,0
153,6.419345321,0.615936291,0
153,6.412885718,-1.878031605,0
153,6.749934381,-0.53643873,0
153,5.762155872,-0.625897524,0
153,5.384987119,0.175138843,0
153,7.045662038,0.27988848,0
153,6.435949841,1.490234352,0
153,5.588764143,-0.452999181,0
153,6.546774902,-0.392478444,0
153,5.684916468,1.12868794,0
153,7.380627237,0.249950353,0
153,5.270389273,-0.262503061,0
153,7.112272702,-0.199463416,0
153,5.28952896,0.251902,0
153,6.81355326,-0.539058941,0
153,6.957300257,1.525485074,0
153,5.569815328,-1.908410372,0
153,8.360023779,1.538733689,0
153,6.894211282,-0.746483221,0
153,4.833797106,-1.280470982,0
153,8.579350646,0.83195605,0
153,6.733755632,-1.9290522,0
153,5.196049716,-2.389250805,0
153,7.613688865,-0.628495698,0
153,6.532004769,-0.310854762,0
153,6.56309191,-2.090037151,0
153,4.995424329,-2.158557748,0
153,6.486183909,-0.885839436,0
153,5.748504551,0.234969545,0
153,6.302094703,-0.72120946,0
153,6.258907029,-1.292479338,0
153,6.294748305,-0.906548118,0
153,6.923096305,-0.440438024,0
153,5.262536398,1.238854626,0
153,6.233171554,-1.479593001,0
153,7.030814292,1.737948418,0
153,6.867910262,-0.232126019,0
153,5.703786153,-0.550854006,0
153,6.892191057,-1.514083624,0
153,6.207363778,0.931342546,0
153,6.301851832,-0.407855694,0
153,8.413688711,-0.670905947,0
154,4.372127771,-1.020336334,1
154,4.677305106,-1.050055497,1
154,3.790402155,-1.51664508,1
154,4.818276529,-1.503601339,1
154,5.398112962,-0.177732304,1
154,5.495962906,0.460744301,1
154,5.186586829,-0.430762629,1
154,3.95631683,-2.019524376,1
154,4.636711049,0.330355006,1
154,4.219890803,-1.782540304,1
154,3.903685059,-1.079661608,1
154,4.275950159,-1.480303145,1
154,4.780003676,-0.905086023,1
154,3.30836025,-1.507043482,1
154,5.23640341,-0.905396818,1
154,4.084387759,-2.039815063,1
154,4.26022614,-0.805307794,1
154,4.831359334,-1.265514567,1
154,4.144585619,0.358828393,1
154,4.595511629,-0.932716684,1
154,3.924024019,-0.913665147,1
154,4.806828666,-0.215758057,1
154,5.156700643,0.4761826,1
154,3.994556554,-1.020209882,1
154,4.571380054,-0.806665685,1
154,4.366238254,0.256957692,1
154,4.496659783,-2.313911766,1
154,3.972924504,-2.433342312,1
154,5.580765715,-1.045026465,1
154,4.211130444,-1.052681791,1
154,3.70636683,-1.328501654,1
154,3.831789458,-1.476250194,1
154,4.327977245,-1.126544525,1
154,4.536529038,-1.09910974,1
154,3.834896129,-1.661254792,1
154,4.934008421,-0.996016038,1
154,4.543788174,-0.616400104,1
154,5.41838704,-0.283543849,1
154,4.318311108,-0.676162026,1
154,5.260996496,-0.931076069,1
154,3.399388081,-1.538805624,1
154,5.077273316,-1.19618888,1
154,4.162313307,-2.028145755,1
154,4.5477137,-0.367032256,1
154,4.436101789,-1.255074633,1
154,5.393456892,0.900787609,1
154,3.63867398,-2.11276489,1
154,3.64784215,-1.926987095,1
154,5.546156312,-0.664043218,1
154,4.783892324,-1.074064106,1
155,2.784741207,1.919031026,0
155,3.236404185,2.986111641,0
155,2.762945434,1.184927359,0
155,2.486132334,0.645981981,0
155,2.633680603,0.622609048,0
155,2.664104984,1.031583196,0
155,3.008508197,1.772735745,0
155,3.217473974,2.720196855,0
155,2.611167444,0.852285774,0
155,3.156379392,2.546792368,0
155,2.233125245,-0.28398974,0
155,2.315225802,-0.028390148,0
155,2.774265856,1.131196543,0
155,2.510659162,0.340141031,0
155,3.296537328,3.024737125,0
155,2.199870055,-0.585569587,0
155,3.238990578,2.805029532,0
155,2.6582738,1.181995668,0
155,2.746188918,1.30325291,0
155,3.404924136,2.687398033,0
155,2.562672353,0.880931119,0
155,3.318528364,3.22572598,0
155,2.445899537,0.616572524,0
155,3.199872374,2.212028035,0
155,2.331026299,0.217688507,0
155,2.628526582,0.719020805,0
155,3.451086602,3.618363388,0
155,2.873252208,1.695453236,0
155,2.629245036,0.858548544,0
155,2.750871352,1.133614098,0
155,2.11476666,-0.331481265,0
155,2.759246775,1.265164903,0
155,3.186367194,2.457832745,0
155,3.464448237,3.844807448,0
155,3.132047619,2.802651561,0
155,2.763050291,1.396410197,0
155,3.066714415,2.161536909,0
155,2.842759196,1.725314038,0
155,2.772873245,1.005134756,0
155,2.599503597,1.121642021,0
155,2.96294116,1.876685844,0
155,2.508697761,0.834498522,0
155,2.715942923,1.31411554,0
155,2.963482538,2.218241144,0
155,2.751604222,0.987296017,0
155,3.031768367,2.505527001,0
155,2.767350763,1.341845267,0
155,2.672339805,1.135927078,0
155,3.061017396,2.282503416,0
155,2.431621137,0.82815209,0
156,5.522800427,0.98279888,1
156,4.817564336,0.240181775,1
156,4.954179953,-0.22143072,1
156,4.285778954,0.559054057,1
156,3.984450591,-0.614891453,1
156,5.287039978,0.358626678,1
156,4.863534286,-0.049361526,1
156,4.09933602,-2.272136634,1
156,4.543766679,-1.011817017,1
156,4.407535897,-1.018141649,1
156,5.372020359,-0.323172419,1
156,5.248682893,1.722554313,1
156,3.99703669,-1.126834213,1
156,4.903310471,-0.629977269,1
156,4.300277617,-1.005107725,1
156,4.420029573,-0.108585896,1
156,4.031720509,-1.234055411,1
156,4.259675331,-1.800303675,1
156,4.641897872,-0.288685747,1
156,4.393349074,-0.120993184,1
156,5.966418952,2.733448654,1
156,4.694673579,-0.739634608,1
156,4.655141211,-1.006713087,1
156,4.969029338,0.414441817,1
156,3.977005363,-0.850186816,1
156,3.836072893,-1.120720879,1
156,4.683087489,0.458325344,1
156,4.141838491,-2.052622304,1
156,4.9907657,0.215044421,1
156,4.605620332,0.674891666,1
156,4.358327539,0.175139859,1
156,4.490403664,-2.093915177,1
156,5.332427795,1.871019189,1
156,4.795728968,0.280814333,1
156,4.356193912,-0.198677585,1
156,5.149093952,0.141850969,1
156,5.281312426,0.575252323,1
156,4.322912816,-0.949965736,1
156,4.022363722,-2.35613125,1
156,5.338592194,1.220704645,1
156,4.975685742,-0.345132977,1
156,4.641868982,-0.446223773,1
156,3.889628914,-0.47195596,1
156,4.203223148,-1.612854677,1
156,4.404247349,-0.479579997,1
156,4.786342341,-1.474127561,1
156,4.439340197,0.640213315,1
156,4.717254168,0.853605378,1
156,4.275732838,0.834902805,1
156,4.269168773,-1.052612143,1
157,4.797696187,1.989722107,1
157,4.682398678,0.438302208,1
157,4.814949548,1.263414563,1
157,5.194068835,2.146370626,1
157,5.52545981,0.168786946,1
157,4.686629513,0.645813457,1
157,5.710127015,2.60770045,1
157,4.21816333,-1.440918431,1
157,5.693558774,2.628578941,1
157,4.992413494,0.560251248,1
157,5.618652037,1.454842655,1
157,4.868323861,3.184587759,1
157,4.833266485,0.160279006,1
157,6.327798294,2.928215241,1
157,6.279457871,3.318881813,1
157,4.33183404,1.675206583,1
157,6.123018465,2.051215348,1
157,6.021323928,2.792862134,1
157,5.272607907,1.588553308,1
157,5.597116819,1.830517018,1
157,4.379013911,0.771399106,1
157,4.595086997,2.194514889,1
157,6.062052231,2.748967533,1
157,6.873170274,5.477933018,1
157,6.488133472,2.036053362,1
157,4.069250098,-0.108246837,1
157,4.733479811,1.605739147,1
157,5.224132223,1.580665121,1
157,4.547554739,1.29417951,1
157,6.019087824,2.353792039,1
157,4.391371701,0.558744478,1
157,5.227592031,0.733994543,1
157,5.653108069,1.484203779,1
157,5.55486312,1.994747402,1
157,4.872892179,0.596900071,1
157,4.538449479,0.494258892,1
157,4.130195152,0.129434647,1
157,3.134559402,-0.124804536,1
157,3.961623442,1.340128885,1
157,4.294140093,1.566371116,1
157,4.143922085,1.238470076,1
157,5.47838738,2.637308175,1
157,4.916893432,3.098655977,1
157,4.959059671,1.27453293,1
157,4.917467228,1.685152799,1
157,4.750238343,0.43446485,1
157,4.335196497,0.509284791,1
157,5.221660653,2.798333732,1
157,5.344019893,2.173508596,1
157,5.529282815,0.174696949,1
158,4.426791946,0.653885079,1
158,4.823869999,0.519731186,1
158,5.268033921,1.545599507,1
158,4.200210717,0.362964001,1
158,3.01232414,-1.319792467,1
158,4.041208908,-0.328639521,1
158,3.266942712,-2.207088495,1
158,4.472906559,0.814787983,1
158,2.80900099,-1.100390272,1
158,5.099525921,1.405765488,1
158,4.251169258,-0.114513662,1
158,3.469942834,-0.578084052,1
158,4.109640263,-0.163905843,1
158,2.972903576,-1.62488866,1
158,4.335262574,0.945099174,1
158,5.317570003,1.068955404,1
158,3.332448251,-0.861225011,1
158,3.52133168,-0.7032901,1
158,2.680549108,-0.971163198,1
158,3.394795291,-0.62346932,1
158,4.360410599,0.456363597,1
158,3.240625375,-0.876405228,1
158,3.255520257,-1.339611722,1
158,3.7225212,-0.67541207,1
158,5.16259575,0.833555166,1
158,5.107388481,1.532606009,1
158,3.165482864,-0.491615273,1
158,4.478329017,0.874971881,1
158,4.199791143,0.057787112,1
158,4.817411486,0.983284136,1
158,3.34714082,0.248492822,1
158,4.768187484,0.620258804,1
158,4.151380035,0.690143539,1
158,3.478290718,-0.19306157,1
158,3.887068584,0.34304675,1
158,4.424098703,-0.441126639,1
158,3.377622682,-0.659060371,1
158,2.355939065,-1.991330772,1
158,4.349828274,-0.077915386,1
158,4.471444849,-0.044091454,1
158,3.874737531,-0.241775588,1
158,3.349646156,-1.070020626,1
158,4.090071942,-0.906461837,1
158,4.751900263,0.505187554,1
158,3.242493865,-1.733633349,1
158,3.524061951,-1.620444975,1
158,4.419820651,0.341151191,1
158,3.927649565,-0.15584589,1
158,5.354333692,1.545223545,1
158,3.526154653,-1.097006132,1
159,5.753575006,0.506153994,1
159,5.855924813,1.608045301,1
159,6.590540253,-0.708528464,1
159,5.883649627,-0.828944312,1
159,6.075965341,-0.396016936,1
159,6.01462621,-0.197618319,1
159,4.556718735,-0.572277488,1
159,4.873868421,-1.09303872,1
159,6.422786073,0.960367769,1
159,3.762666705,-1.881180566,1
159,5.817818049,-1.365194148,1
159,5.952002252,0.726318918,1
159,5.667580759,-0.082064091,1
159,5.077619992,0.605245439,1
159,3.938574583,-2.239759567,1
159,5.391330879,-0.560401235,1
159,4.719222903,-0.231147129,1
159,8.885065652,2.373324237,1
159,6.591145198,1.524012166,1
159,6.067071676,1.35053134,1
159,5.95733237,-1.552367438,1
159,7.778755332,0.1257955,1
159,4.495883471,-1.657282244,1
159,6.42055184,1.005484918,1
159,5.506153771,-0.162560638,1
159,6.671825117,-0.111056276,1
159,5.276568534,1.273206962,1
159,4.584220382,-1.682066349,1
159,4.662609987,-0.567462745,1
159,6.154245697,0.07585856,1
159,6.131816855,-0.250647377,1
159,5.867214983,-0.937541269,1
159,4.988683368,0.351569274,1
159,5.845373345,-0.458944585,1
159,5.062025629,-1.295370477,1
159,7.014694744,0.726639373,1
159,4.837703827,0.451302002,1
159,5.325662387,0.32117106,1
159,4.652557463,-0.314778193,1
159,6.831188796,1.297114911,1
159,7.376039438,0.323598059,1
159,8.150881017,0.851143868,1
159,6.016394241,0.156640038,1
159,5.723756601,-0.242309166,1
159,6.63220067,-1.012885048,1
159,7.046001607,0.273479755,1
159,4.759376377,0.001733728,1
159,4.870310796,-1.79067594,1
159,4.714197158,-2.540349296,1
159,5.638265781,-0.870063601,1
160,5.554752216,-1.037811929,1
160,5.542968632,-0.054345753,1
160,5.968674385,0.445329308,1
160,5.648609984,-0.297701315,1
160,5.060241455,-0.018364143,1
160,5.139634001,-0.182042876,1
160,5.234800125,-1.495714366,1
160,5.382443619,0.422693528,1
160,5.113858345,0.426758737,1
160,5.074556752,-1.426026248,1
160,4.854612168,-0.747474162,1
160,4.839913013,-1.012847119,1
160,5.18553837,-1.46567993,1
160,5.855559268,-0.245191281,1
160,5.308093321,0.092256806,1
160,5.289268007,-0.755989999,1
160,5.519217319,1.024255523,1
160,5.830852423,-0.637457237,1
160,5.576478482,0.360655614,1
160,5.242475024,-0.939574004,1
160,5.194666033,-0.423986566,1
160,5.342919399,-1.796852027,1
160,5.712509377,0.629253305,1
160,5.186975436,-1.253881889,1
160,5.537057851,-0.647469362,1
160,5.514694541,1.407027133,1
160,6.399026693,0.23863143,1
160,5.489987838,-0.639126846,1
160,5.117549241,-0.260226443,1
160,4.855906946,0.471720806,1
160,4.325677543,0.019100136,1
160,5.804366823,-0.369032838,1
160,5.133556567,0.286968059,1
160,5.433205836,-0.220455014,1
160,5.185382009,-0.020903864,1
160,5.360762583,0.836029207,1
160,5.561521499,-0.257993655,1
160,5.772480543,0.222662799,1
160,5.36851702,-0.410179172,1
160,5.656487239,-0.324756168,1
160,6.067637412,1.038552745,1
160,5.450355272,0.083161509,1
160,4.891979433,-2.574122337,1
160,6.311746555,0.656150066,1
160,5.436950665,0.732262882,1
160,5.074007802,-1.2928833,1
160,5.740143715,1.739448112,1
160,6.211002671,-0.250133712,1
160,5.054589373,0.154182992,1
160,5.346144824,-0.544394987,1
161,6.177051039,-0.935801796,0
161,5.798265443,-0.519378272,0
161,6.244354893,0.877219393,0
161,6.251231175,-0.16624357,0
161,5.423601929,0.729006357,0
161,5.858655017,1.276772044,0
161,6.086590644,2.527418632,0
161,6.197016143,1.627200148,0
161,5.969675385,0.835263874,0
161,6.342343287,-0.503291438,0
161,6.467404965,2.624950946,0
161,6.663722899,1.111529151,0
161,5.232974772,1.975281404,0
161,6.24687997,1.149492388,0
161,6.640904464,0.304458587,0
161,6.139422091,0.399454328,0
161,6.460350564,0.564684761,0
161,6.706325351,-1.069572322,0
161,6.251633528,0.409405589,0
161,6.20501891,1.88148997,0
161,5.903326334,0.469464644,0
161,5.312245929,1.994175139,0
161,5.82763624,0.50598016,0
161,6.708740247,1.533763712,0
161,6.610778762,-0.077144525,0
161,5.485556364,0.535942917,0
161,5.789274749,0.585452261,0
161,6.458077854,0.099986923,0
161,6.136041445,1.167211143,0
161,6.397548247,0.767587555,0
161,5.28678562,-0.181998923,0
161,5.881303734,1.49854571,0
161,6.088807232,0.0650723,0
161,6.435741891,0.750601451,0
161,6.659705705,0.310396047,0
161,6.379298371,-0.911438609,0
161,5.745062921,0.770061043,0
161,6.524662189,-0.069498319,0
161,6.091591834,1.236019691,0
161,6.114060863,1.531071521,0
161,6.046248935,-0.120045148,0
161,6.467624011,1.894950068,0
161,6.049912747,2.306873158,0
161,5.968466895,-0.512820447,0
161,6.036915841,0.969478986,0
161,5.361887904,0.873493219,0
161,5.586480541,-0.195385013,0
161,5.229390589,0.586801059,0
161,5.585936432,0.090646105,0
161,6.466522329,0.438826555,0
162,5.263873921,1.819041279,0
162,6.672820991,0.635278846,0
162,5.018348313,-0.722785793,0
162,5.208114734,1.458563306,0
162,5.434039197,1.126033609,0
162,5.674593431,-0.208955958,0
162,5.443202505,0.850001526,0
162,6.133204636,0.159425947,0
162,6.760938051,1.372146159,0
162,5.844172127,0.93063389,0
162,5.794232185,2.112327748,0
162,6.357609256,-0.832202488,0
162,5.873813425,-1.08657105,0
162,5.832877881,-0.574323046,0
162,4.679730235,0.641030785,0
162,6.628821876,0.855648624,0
162,5.550262169,0.232384879,0
162,4.906736298,-0.588499581,0
162,4.417530865,1.491465353,0
162,4.80810768,0.101150351,0
162,5.955262159,-1.549196296,0
162,5.365512136,0.762828759,0
162,6.043834353,0.158462738,0
162,5.507895492,0.229923762,0
162,7.089444527,1.451092149,0
162,5.101575237,-1.126851656,0
162,5.803800583,0.744315549,0
162,5.980356255,-1.162375524,0
162,6.205161019,-0.684726517,0
162,6.367978707,1.370067994,0
162,4.633924743,1.048551694,0
162,5.758192603,0.482279686,0
162,4.175229704,1.13641298,0
162,6.97861151,0.75760034,0
162,6.01676227,-0.620510723,0
162,5.921901531,-0.314943227,0
162,5.472606551,0.152958067,0
162,5.666378991,1.130683645,0
162,6.101631104,-2.305199614,0
162,6.63934138,-0.009288419,0
162,6.111756523,2.427763267,0
162,6.550456658,0.55756606,0
162,5.965905321,-0.166625293,0
162,4.858760016,1.182514716,0
162,6.497686635,-0.265968723,0
162,6.653390378,0.229104611,0
162,5.741851905,-0.390336396,0
162,3.927963916,-0.134859522,0
162,5.536782313,-0.426545228,0
162,5.90920865,-0.40063817,0
163,5.178311117,1.65682807,0
163,3.950791166,0.929024779,0
163,3.88303602,-0.343725897,0
163,5.032110863,-0.454628414,0
163,4.804330657,-0.420820211,0
163,4.835094327,1.613378107,0
163,3.103593782,0.576649046,0
163,4.505803324,-0.019227528,0
163,3.143272465,-1.291832847,0
163,4.686337202,1.429735625,0
163,4.361337462,-1.215315966,0
163,3.838254023,1.133263203,0
163,5.444837997,0.969944331,0
163,4.639710448,1.037539139,0
163,3.517321643,0.289025389,0
163,4.601288331,1.746546318,0
163,3.946430411,-0.247605474,0
163,5.262028322,0.039240776,0
163,6.780421547,-0.569014393,0
163,3.455454731,0.798946977,0
163,4.874272994,0.544804773,0
163,4.396834924,-0.385248649,0
163,3.724349519,1.120365986,0
163,4.988632796,1.567436367,0
163,3.420802838,1.405841853,0
163,4.737703684,1.247375565,0
163,4.595415836,0.911388152,0
163,6.003229723,-0.854392361,0
163,4.529808273,-0.491027085,0
163,4.931707953,-0.011678556,0
163,4.511527734,2.442825841,0
163,5.585283431,2.290343576,0
163,4.382125908,-0.247996201,0
163,5.449047975,2.183656814,0
163,4.931287523,1.790534776,0
163,5.478421883,-0.032699268,0
163,3.122445925,0.269352894,0
163,4.473020725,-0.559594322,0
163,5.500974494,1.076275419,0
163,5.72051883,0.324669722,0
163,4.637672457,1.009420555,0
163,3.553762879,2.129066256,0
163,4.147326932,-0.122011414,0
163,4.127504022,1.359516198,0
163,5.71102048,1.609287968,0
163,4.207845361,-0.761168564,0
163,4.713122408,0.988977557,0
163,5.093157066,-0.201271365,0
163,4.730908331,0.753766805,0
163,4.702742829,0.584376533,0
164,6.051427427,0.492456866,1
164,6.327669102,0.20642677,1
164,7.003995781,0.37159701,1
164,7.310992422,0.647164436,1
164,6.864873381,1.045889346,1
164,6.954790091,-1.577610807,1
164,7.910893077,1.770599306,1
164,6.496558697,0.603033286,1
164,5.954249919,0.861205733,1
164,6.123071895,1.758481785,1
164,8.385556868,2.296378057,1
164,8.204604841,-0.639913389,1
164,6.654509393,0.673696399,1
164,5.331423798,0.327081953,1
164,7.708815844,0.137692232,1
164,5.016189577,-2.124882713,1
164,8.032823213,2.461687971,1
164,6.477628231,-0.955400496,1
164,6.880231044,0.868228416,1
164,5.264745006,-0.249549709,1
164,4.526829514,-0.364665886,1
164,6.627711211,-1.179231816,1
164,7.092297865,1.840081865,1
164,6.714743179,0.773182971,1
164,7.179123377,1.419715198,1
164,6.960664951,1.889556169,1
164,6.49149686,0.124083563,1
164,6.363333682,-0.802451811,1
164,7.237003229,0.443869806,1
164,3.971714892,-1.508702477,1
164,5.718303435,-1.034264452,1
164,6.727404093,2.391903351,1
164,4.931146449,-0.807530917,1
164,7.493109025,1.030465679,1
164,6.67174346,-0.469531557,1
164,6.261791998,0.347303805,1
164,4.964929394,0.852746338,1
164,6.309517872,0.706663326,1
164,5.234480843,-0.970381611,1
164,6.47463532,-1.254364701,1
164,4.880565363,-0.248625044,1
164,6.606798185,0.666202777,1
164,6.518483773,-0.734308808,1
164,6.695394825,-0.388634624,1
164,5.132311556,-0.225491639,1
164,6.558104756,1.137098145,1
164,5.429564522,-0.13583686,1
164,7.224255795,1.47093325,1
164,6.789783058,0.077950881,1
164,5.927366923,2.761234836,1
165,5.095386158,0.894650508,0
165,5.308301277,0.055867897,0
165,4.82465234,0.616843702,0
165,4.723230825,-0.805700595,0
165,5.106150525,1.083511817,0
165,4.995621315,-0.390426997,0
165,5.034515645,0.399120919,0
165,5.085979519,-0.186253199,0
165,5.279720752,-0.515775046,0
165,4.760076047,1.341292748,0
165,4.874137098,0.536754095,0
165,4.852024604,-0.751691539,0
165,5.184668738,-0.455215699,0
165,5.190993469,0.589878192,0
165,5.058550695,-0.682951184,0
165,4.915500454,-3.39214721,0
165,4.89532983,-2.416516342,0
165,5.036666712,0.447330424,0
165,4.825904245,0.832036266,0
165,4.884307114,-0.57065601,0
165,5.15273907,-0.550112083,0
165,4.965107564,-0.340617959,0
165,5.095518246,0.640382661,0
165,4.861724681,-0.540648205,0
165,5.303239779,-1.997019583,0
165,5.291340565,-1.493765331,0
165,5.021805927,0.460812452,0
165,4.867668344,0.270737837,0
165,4.986625518,-0.926483511,0
165,4.711087663,0.012550833,0
165,5.296462607,-1.192895596,0
165,5.162080532,1.447513452,0
165,5.147307159,-2.095678786,0
165,4.805316754,-0.106122717,0
165,5.035978981,0.778759823,0
165,5.055410403,-1.33958317,0
165,4.975353393,0.205367104,0
165,5.093649638,0.697232793,0
165,5.09317724,-1.015400167,0
165,5.311573162,-1.977172368,0
165,5.284657952,-0.436981697,0
165,5.197848953,0.265977644,0
165,4.973350247,-0.035501995,0
165,5.228462115,0.248052944,0
165,4.916063164,-0.469018201,0
165,5.090881263,0.390590043,0
165,4.985961822,-0.686519322,0
165,5.337642313,-1.701335911,0
165,5.084982364,-1.140919157,0
165,5.324819652,-1.683095881,0
166,6.063389454,0.983827482,0
166,4.943622181,0.699501402,0
166,6.062912915,0.328432807,0
166,6.743949767,1.711262512,0
166,5.814822657,0.415346327,0
166,5.726982602,-0.79160311,0
166,5.953525769,1.793623002,0
166,5.524416156,-0.538688496,0
166,5.236163297,-0.074216762,0
166,6.436854611,1.55936112,0
166,6.31455067,1.482856806,0
166,6.179866765,-0.44030797,0
166,4.728742955,-1.338584582,0
166,6.294815293,0.000834267,0
166,5.077050919,1.158591288,0
166,5.921205683,0.049641652,0
166,5.690440985,1.017797345,0
166,5.974997778,0.999053743,0
166,5.925343937,0.2808476,0
166,6.58162563,1.02107016,0
166,5.394859872,1.278352137,0
166,6.082470443,-0.20850597,0
166,5.970932453,2.135512424,0
166,5.476547316,-1.887013494,0
166,5.656060951,0.492886819,0
166,5.837792805,0.267556598,0
166,5.796431521,0.038297809,0
166,4.510327467,0.403459427,0
166,6.037659017,-0.52130814,0
166,6.277970614,0.03973613,0
166,5.419747653,-0.033487236,0
166,5.759825377,1.821055632,0
166,5.335270592,0.339141287,0
166,5.949016484,0.418647384,0
166,5.768666586,-0.464625127,0
166,6.017419345,-0.327219327,0
166,6.145866732,0.269787495,0
166,5.898918062,-0.113829084,0
166,5.226257589,1.327361337,0
166,5.428855998,1.936434021,0
166,6.076117262,1.235707023,0
166,6.030906974,1.07006757,0
166,6.038929536,0.128986642,0
166,5.782456217,0.245227152,0
166,5.86896893,0.683790937,0
166,5.243169702,1.911587019,0
166,5.302569628,1.439273294,0
166,6.320943042,2.007760842,0
166,5.161299745,-0.221649147,0
166,5.945907529,0.614284914,0
167,4.41369636,-0.736249312,0
167,5.233429408,-0.461965519,0
167,4.360286291,-1.176436943,0
167,6.011930812,0.585719961,0
167,5.767073142,0.488275546,0
167,3.910467534,-1.778383804,0
167,5.584477437,0.390225681,0
167,4.672343576,-0.659238014,0
167,4.832581372,-0.086797233,0
167,5.272272134,-0.211775844,0
167,5.219915705,0.980597506,0
167,4.549743818,-1.880510648,0
167,4.323738673,0.40667633,0
167,4.982221517,-0.742485304,0
167,5.125506076,0.504124986,0
167,5.13139733,0.092972707,0
167,5.107527037,-0.618219177,0
167,4.274572866,-1.934432074,0
167,4.913495018,-2.232442903,0
167,5.237415674,0.058608007,0
167,5.167135242,-0.93183239,0
167,5.275948403,1.278237387,0
167,5.506738783,1.202986255,0
167,5.55121031,0.248125061,0
167,4.723146015,0.165552778,0
167,4.569411529,-0.531749227,0
167,4.828568808,-0.751291753,0
167,4.947948676,0.69518109,0
167,4.523809835,-1.709000636,0
167,4.868411785,-0.834076684,0
167,4.779665065,-1.72659588,0
167,5.283406616,0.828828828,0
167,5.07778752,0.520241606,0
167,5.813720534,0.757412412,0
167,4.286699942,-1.581328292,0
167,3.424040644,-2.183632032,0
167,4.583161044,-1.78530944,0
167,4.589419061,-0.919309567,0
167,4.835845603,-0.559431202,0
167,4.305027819,-1.003767851,0
167,4.938268851,-0.65841485,0
167,5.267397536,0.217162818,0
167,5.337657286,0.30701364,0
167,4.876239126,-0.222435053,0
167,4.365621705,-0.447230974,0
167,4.480601067,-1.794144242,0
167,5.263140161,0.157133482,0
167,4.937623923,0.437498174,0
167,4.79425592,-0.815985432,0
167,5.294651935,-0.799469464,0
168,5.143747069,0.098526826,1
168,3.966491901,0.810766006,1
168,4.73032963,0.920787769,1
168,4.607675472,0.593635314,1
168,3.139213101,1.86686298,1
168,4.689054879,1.241499339,1
168,6.007743386,1.712268444,1
168,4.635443929,0.078508833,1
168,4.732565023,-0.867432391,1
168,4.427081421,-1.28562883,1
168,6.065157569,1.314938748,1
168,6.614714559,0.303171739,1
168,7.818748722,1.421789915,1
168,5.766613536,0.4236942,1
168,3.515270679,0.604479247,1
168,7.374849692,1.091944833,1
168,5.828043988,0.207650648,1
168,3.780613159,-0.329989748,1
168,4.946710486,2.035345905,1
168,4.812858957,0.554335825,1
168,4.92736541,-1.837521611,1
168,6.152923564,-1.629493016,1
168,4.47466063,0.397890403,1
168,6.931008439,0.60443485,1
168,6.060989015,0.52480715,1
168,4.885943166,-1.989184614,1
168,3.245800834,0.770739474,1
168,5.466515245,0.590956653,1
168,5.050976491,1.067381724,1
168,4.283495301,-0.955550031,1
168,5.315223931,1.707773025,1
168,4.156430052,0.616952201,1
168,4.073009468,-1.102711638,1
168,3.906750397,-0.823242509,1
168,6.271761265,2.616646191,1
168,5.209278434,0.153999144,1
168,4.121756494,-0.879367427,1
168,4.627080569,-0.015213913,1
168,5.565259987,0.094847027,1
168,4.058402854,-0.161460824,1
168,5.643567272,2.015999871,1
168,4.453537922,-0.274843926,1
168,5.208280494,-0.231135766,1
168,4.922130587,1.920907563,1
168,4.303521672,0.125048432,1
168,5.164573891,0.58176646,1
168,7.007507758,1.037490482,1
168,4.549023139,-1.014276585,1
168,3.840661609,-0.328551174,1
168,4.40335991,-0.373258789,1
169,5.468299411,1.020980877,0
169,5.514034752,-0.617640597,0
169,3.261633421,1.588471799,0
169,5.408628319,0.346703059,0
169,3.703181819,-0.957156992,0
169,2.240832056,-0.063558872,0
169,6.762014491,1.803775346,0
169,5.107018863,0.961833155,0
169,4.717255895,-0.665470324,0
169,3.553503353,0.772079439,0
169,5.437120221,0.185100709,0
169,4.980906768,-1.298513964,0
169,5.861698291,0.816231201,0
169,2.466311039,-0.334375291,0
169,6.950817748,0.430026569,0
169,7.641285629,1.882462039,0
169,5.410055189,-0.719618747,0
169,3.542038012,0.632201815,0
169,5.857512201,0.186993625,0
169,3.04975681,-0.641656905,0
169,4.845343008,-1.061766599,0
169,4.947586719,0.400223968,0
169,3.709457584,-0.114914857,0
169,5.051459936,0.082681148,0
169,7.126395384,0.707373524,0
169,6.349262205,0.456105026,0
169,1.349214549,-0.178711343,0
169,2.729291902,-0.854516904,0
169,4.949688234,0.837197795,0
169,5.018495129,-0.239989577,0
169,7.344853139,2.49898367,0
169,6.918051109,-0.048534664,0
169,4.670960314,-1.242116535,0
169,3.882658031,-0.408967621,0
169,2.155213456,2.353833777,0
169,8.466743836,1.896670125,0
169,3.687667317,-0.313150377,0
169,4.946044814,-1.555000966,0
169,5.232020454,-2.095326507,0
169,2.949397131,0.841565994,0
169,5.351918804,-1.181832914,0
169,4.081346531,1.311810099,0
169,4.626572449,0.952990749,0
169,4.638465999,-0.420795492,0
169,6.26598049,1.066376253,0
169,1.693879713,1.118435122,0
169,5.164011667,1.222844168,0
169,3.550316047,0.475731674,0
169,3.409083114,-0.200046673,0
169,2.835662479,-1.972071055,0
170,6.604024364,0.133799765,0
170,5.078407452,-0.926013469,0
170,5.297036217,0.429075696,0
170,7.279864907,3.370545357,0
170,4.424086519,0.531898352,0
170,5.452129085,0.032146778,0
170,5.115476293,0.175404059,0
170,5.300142607,0.679761333,0
170,6.744896418,1.546545155,0
170,5.360736135,-1.291047446,0
170,5.905660372,1.332117331,0
170,3.826313915,-0.305470881,0
170,5.735045422,1.567640057,0
170,5.105178185,1.275660605,0
170,7.216040123,2.148043134,0
170,5.849190667,1.638931318,0
170,6.347618386,2.828276743,0
170,5.371291778,2.112879281,0
170,5.402345195,1.012884599,0
170,6.860778398,2.022890759,0
170,5.825146384,1.309146534,0
170,5.139815809,0.971195957,0
170,8.519797507,2.893566896,0
170,6.523890175,1.874703205,0
170,6.461183834,2.110339257,0
170,5.496843813,0.145840817,0
170,6.1624031,-0.458341575,0
170,6.772218736,1.166818696,0
170,3.629595914,0.466894427,0
170,5.03135369,1.497241805,0
170,6.05576723,1.707489622,0
170,6.473560317,1.271958253,0
170,6.913856283,-0.434809695,0
170,6.09039927,0.43640638,0
170,6.202097393,1.237870645,0
170,4.489895912,1.440157686,0
170,7.77220088,-1.075746308,0
170,6.045799224,1.852333345,0
170,6.267199445,0.991067887,0
170,6.216305811,1.195652209,0
170,6.564707832,0.537735203,0
170,6.395055834,0.389584531,0
170,6.374679093,0.399535652,0
170,5.45545863,1.155070354,0
170,7.261663018,-1.076714031,0
170,5.450191657,0.206403612,0
170,7.841004221,1.638337802,0
170,6.171705738,1.161047301,0
170,5.307271531,0.698023012,0
170,6.660873993,0.700886271,0
171,6.081760377,-1.320349626,0
171,5.702578911,-1.193227951,0
171,5.441868488,-0.617817241,0
171,5.558468992,-1.153985874,0
171,5.250805336,0.047907563,0
171,5.728992413,-0.018384512,0
171,5.003802873,-1.426606332,0
171,4.513315873,-0.414496044,0
171,3.939340534,-2.006590355,0
171,6.126843591,-0.185641811,0
171,4.327702746,-2.76653725,0
171,5.872769814,0.370901207,0
171,6.202590881,-0.550044481,0
171,5.946710972,0.01914447,0
171,7.028713692,1.12476572,0
171,5.777549298,-1.055505195,0
171,6.421802633,0.170397749,0
171,4.287051681,-2.029277821,0
171,7.189445884,-0.186754247,0
171,3.941434828,-0.703410848,0
171,3.848475703,-1.03287484,0
171,4.839064889,0.866985243,0
171,7.6001294,0.619074408,0
171,4.989507878,-0.480307683,0
171,5.867349274,0.289470569,0
171,6.59614403,-1.741951082,0
171,4.909432,-0.408585509,0
171,5.377908907,-0.426181149,0
171,5.997358635,1.281585916,0
171,5.008822296,-2.122650751,0
171,5.300706959,-1.300656635,0
171,4.398652106,-1.11815257,0
171,4.874464125,-0.016773882,0
171,5.153180382,0.237611591,0
171,6.847300103,-0.738650943,0
171,5.902462905,0.34744469,0
171,5.924114475,-0.202799717,0
171,5.384455637,-0.586597798,0
171,5.404898628,-0.34942509,0
171,4.519346571,-0.820661371,0
171,7.159982465,-0.169778253,0
171,3.530714369,0.835692452,0
171,6.011412907,-1.13027483,0
171,5.640023986,-1.609374572,0
171,4.275225836,-2.185119952,0
171,5.561669414,-2.310596808,0
171,6.280921584,-1.937528344,0
171,5.854730921,-0.138573401,0
171,5.172014716,-1.6038788,0
171,5.776649783,-0.975261038,0
172,3.982551511,-2.242838764,0
172,4.416902784,-2.219788592,0
172,5.541509954,0.505998223,0
172,4.973123742,-1.564581826,0
172,3.75094076,-1.715091021,0
172,5.236987012,-1.448473306,0
172,3.78491238,-2.111383416,0
172,3.979073132,-0.857321039,0
172,4.904073819,-0.341634681,0
172,5.142434939,-0.279528506,0
172,5.644398487,1.070760817,0
172,4.790653107,-1.532055278,0
172,4.54920777,-0.60171013,0
172,4.980232223,-1.041040243,0
172,4.861473258,1.050553251,0
172,4.540311962,-1.22742083,0
172,3.9403359,-1.049315931,0
172,5.455583289,0.07889789,0
172,5.050134854,0.042412689,0
172,4.125936529,-0.966865645,0
172,4.466661614,0.036559964,0
172,4.688952779,-2.574561178,0
172,4.167824566,-1.393984298,0
172,5.140853565,0.88176337,0
172,4.733514749,-1.489665326,0
172,5.077418582,0.160155586,0
172,3.749759712,-2.037878021,0
172,3.897538986,-1.025423588,0
172,5.101672468,1.315763061,0
172,4.035917147,-0.372061448,0
172,5.37745298,-0.812988215,0
172,4.509910523,-0.043243204,0
172,5.059367563,0.051179491,0
172,4.810965678,-0.458389983,0
172,4.906598272,-0.421816347,0
172,4.355415399,-1.026894855,0
172,4.395013824,0.574569979,0
172,4.096495082,-0.97732409,0
172,5.391427226,0.219281567,0
172,4.919744975,-1.00733519,0
172,4.703068409,-1.31562936,0
172,4.866448619,-1.574521789,0
172,5.356084283,0.946307209,0
172,4.703698138,-0.543219277,0
172,4.720936467,0.674132823,0
172,4.165058632,-1.879967151,0
172,5.116399306,-1.297765252,0
172,4.980673826,0.360194618,0
172,4.429631549,-2.15467258,0
172,4.582550382,-0.199647631,0
173,4.114979911,0.284508186,0
173,4.205992747,0.350696505,0
173,4.320043608,0.26616929,0
173,4.31749845,-0.321111765,0
173,4.45662029,1.002988363,0
173,4.137367804,-0.251685066,0
173,3.940552825,0.837580213,0
173,5.360873155,1.466654722,0
173,5.475509587,1.596806674,0
173,5.13754735,1.761334849,0
173,3.666743416,0.089107436,0
173,4.050584477,1.488131134,0
173,5.977732231,-1.440660402,0
173,6.128533423,0.483750213,0
173,3.825814107,1.456740435,0
173,5.418854524,2.748738818,0
173,5.710310992,1.653966032,0
173,4.148369325,-1.300678746,0
173,6.883015532,1.667965898,0
173,5.548039713,0.296716773,0
173,5.622127121,2.046769799,0
173,5.676210188,0.972510507,0
173,4.764221495,1.749860808,0
173,6.050955161,1.372954545,0
173,3.896644914,0.987712302,0
173,6.43988368,2.386013573,0
173,5.022173405,0.470097844,0
173,3.895711945,1.167819865,0
173,5.04899423,2.132753621,0
173,5.9468693,1.666201778,0
173,5.388741491,2.070223121,0
173,3.887337598,-0.521971438,0
173,5.082090304,0.21377534,0
173,5.567848304,1.137785323,0
173,6.004869036,1.520808188,0
173,5.760821772,1.31872251,0
173,4.465842615,1.349264848,0
173,3.661732475,1.415206367,0
173,5.236437151,0.069402069,0
173,4.280358207,-0.495125045,0
173,4.965296898,0.76419288,0
173,4.839064037,1.446548697,0
173,5.424715375,0.568857912,0
173,6.381206543,-0.685397999,0
173,4.729411177,1.283651903,0
173,6.052639014,1.004302255,0
173,3.968235136,1.075917392,0
173,5.543420243,1.142848787,0
173,5.687282835,1.318231438,0
173,5.409625326,2.248194938,0
174,6.458973686,0.201691234,0
174,6.614600094,2.160806905,0
174,5.288005901,-0.424935088,0
174,5.600321209,-0.162393389,0
174,6.472226281,-0.565350497,0
174,5.313863686,-1.196826853,0
174,5.388988774,-0.371949565,0
174,5.64107989,-0.532689103,0
174,5.298483424,0.135018572,0
174,6.088537337,1.204285045,0
174,5.728039009,0.308028823,0
174,5.318038569,1.089740493,0
174,5.433624357,0.285590455,0
174,5.024948538,-1.415461894,0
174,6.025008505,-0.455442653,0
174,6.161828561,1.53813639,0
174,6.045777966,-0.814172154,0
174,6.060230417,0.239021459,0
174,5.012076721,0.253384818,0
174,5.290708898,0.664567133,0
174,6.070801232,-0.30515842,0
174,5.138979369,0.422579174,0
174,5.327020395,0.538328978,0
174,5.379388127,0.422635744,0
174,5.406896906,1.581382845,0
174,5.956908157,-0.808729732,0
174,4.810836289,0.25777109,0
174,5.544813286,-0.462151694,0
174,4.828560291,-0.065887858,0
174,5.756928984,0.353121558,0
174,6.124249125,-2.187782959,0
174,5.831147434,1.368916895,0
174,5.279517584,0.136766097,0
174,4.772058743,0.009959145,0
174,4.724675118,-0.272879996,0
174,5.786089663,-0.932824193,0
174,4.872869843,-0.885369514,0
174,4.523517973,0.183326638,0
174,3.994408238,-0.424976823,0
174,4.277200985,0.29880128,0
174,5.138303387,-1.718800018,0
174,5.538368022,0.785149132,0
174,5.827185384,-0.839455393,0
174,5.163044496,-1.657432146,0
174,5.422451129,-0.675261715,0
174,5.825315684,-1.380205112,0
174,5.814053677,3.042319511,0
174,6.062688572,-0.772772641,0
174,4.638943213,-0.209895093,0
174,5.512372426,-0.24769492,0
175,3.974273144,0.090577519,0
175,5.730337363,-0.013845698,0
175,4.883303594,-1.646206909,0
175,5.051574635,1.896337069,0
175,5.175391442,0.220642087,0
175,3.860924262,-1.07537414,0
175,4.632996534,-1.140233647,0
175,5.7205851,-0.203185475,0
175,5.349392572,0.244979038,0
175,5.08358348,-1.542948808,0
175,5.136915279,-1.305784618,0
175,4.741364988,-0.180461907,0
175,5.107223398,0.746815333,0
175,4.740703387,-1.188722795,0
175,4.381908836,0.104219974,0
175,4.772068093,-1.084873878,0
175,4.447518149,-2.057426974,0
175,5.430873903,-0.216379639,0
175,5.60192107,-0.535744126,0
175,6.358184449,0.902017015,0
175,4.501751957,-0.815791258,0
175,5.505315864,-0.431849998,0
175,4.651043731,-1.388350136,0
175,5.01560926,-1.458308755,0
175,4.69297657,0.632247064,0
175,4.723556943,-1.822070354,0
175,4.053974174,-1.435552321,0
175,5.769204989,-0.087074842,0
175,5.304157902,0.574407809,0
175,4.133820569,-1.675123698,0
175,5.484688244,0.371121852,0
175,5.152395351,-0.401826044,0
175,4.663851147,-0.553012219,0
175,5.172306028,-0.668249158,0
175,4.472701873,1.645019367,0
175,4.733205177,-0.813347616,0
175,4.572749938,-0.579076693,0
175,5.240077484,-0.721517741,0
175,4.407743982,0.589682186,0
175,5.287667644,0.442985199,0
175,5.128437313,-0.761893099,0
175,5.172642337,-1.130035531,0
175,5.542664676,-0.927698143,0
175,6.056182498,0.920027753,0
175,4.815705666,0.622702241,0
175,4.847245284,0.081594184,0
175,4.018774063,-0.726520977,0
175,5.169848478,-1.677647592,0
175,5.081623749,0.737948418,0
175,4.780657293,-0.794292552,0
176,5.428311722,0.133011866,1
176,6.449300696,1.257507302,1
176,5.811103441,0.294618619,1
176,6.600485586,2.172399727,1
176,5.686008136,1.989086135,1
176,6.156182564,1.444572206,1
176,6.230431847,0.63152739,1
176,6.411871983,1.543862349,1
176,5.698364165,1.513600627,1
176,5.880689137,1.627738916,1
176,6.339554164,1.139728582,1
176,6.228019813,1.538758413,1
176,5.019029147,-0.854739733,1
176,5.712612119,0.053651415,1
176,6.536929112,1.359088978,1
176,5.183809861,-0.377222977,1
176,5.933012265,1.02097347,1
176,6.313412864,1.919448454,1
176,5.564650247,1.809177511,1
176,5.572811024,0.599437516,1
176,5.24378576,1.131926585,1
176,6.477960533,2.377644617,1
176,5.10908779,-0.290544845,1
176,6.779630798,2.055859424,1
176,4.944557981,-0.953442612,1
176,5.849771927,-0.264971118,1
176,5.85143642,2.151479445,1
176,5.612332113,1.831000963,1
176,5.39675364,0.787799439,1
176,5.649171919,1.434403114,1
176,5.561214444,1.671554553,1
176,6.442705869,1.641414403,1
176,6.442803009,1.818377928,1
176,5.710239525,0.395493534,1
176,5.698983826,0.408769341,1
176,6.026717953,2.511288361,1
176,5.94284272,1.784413258,1
176,6.467950822,3.856054219,1
176,5.441502769,2.040443296,1
176,4.837374591,0.136316625,1
176,5.83225041,1.638522218,1
176,5.287266354,-0.51080395,1
176,5.39122663,-0.46349816,1
176,5.099786713,0.152375287,1
176,5.515750987,2.428643872,1
176,6.553482391,0.530525023,1
176,5.678474342,0.573204761,1
176,5.375455391,-0.277873253,1
176,5.01387781,0.212482428,1
176,5.644301544,1.834083433,1
177,4.139237662,-0.41704053,0
177,4.270989694,-0.567693017,0
177,4.1872908,-0.488902917,0
177,4.097598809,-0.373772005,0
177,3.874416176,-0.79636317,0
177,4.507246291,-0.984838708,0
177,4.584555106,-0.220629298,0
177,3.948678218,-0.427532978,0
177,3.962466848,-1.05229623,0
177,4.455818999,-0.444233723,0
177,3.754168276,-1.221776726,0
177,4.98803289,1.057036579,0
177,4.824271065,0.586044931,0
177,4.791973462,0.537198926,0
177,4.621914115,0.308843257,0
177,4.90454617,0.523314315,0
177,5.254542974,1.090937016,0
177,3.833094867,-1.076987677,0
177,4.427109232,-0.404125112,0
177,4.573718597,0.61038255,0
177,3.385949719,-1.657424779,0
177,4.113633662,-0.270294556,0
177,3.801488753,-1.3688501,0
177,4.703787671,0.330975597,0
177,4.166335248,-0.895261488,0
177,4.005759153,-0.872210641,0
177,4.789295593,0.358039737,0
177,4.724873732,-0.546421814,0
177,4.068773798,-0.148018453,0
177,5.300157005,2.16402449,0
177,4.07254301,-1.507491432,0
177,3.594207562,-1.740791139,0
177,5.029931197,-0.45000942,0
177,4.670050508,0.332571585,0
177,4.631466481,-0.40226923,0
177,4.026814432,-0.860001239,0
177,4.304767015,-0.883963002,0
177,3.794452557,-1.210985803,0
177,4.350083433,-0.186359432,0
177,4.772236769,0.495506474,0
177,4.294702897,-0.007783362,0
177,3.758012945,-1.132751641,0
177,4.186393809,-1.549416527,0
177,4.581773339,-0.591403485,0
177,4.763279211,0.274613556,0
177,4.325202458,0.067681952,0
177,4.667146086,-0.420813707,0
177,4.391094615,-0.215185202,0
177,4.927578391,0.297360448,0
177,4.647986841,-0.116904866,0
178,5.52096008,1.124921916,0
178,8.099130501,-2.024190562,0
178,5.782654238,-1.769322799,0
178,7.531758707,-1.396964092,0
178,4.672278395,-0.50890303,0
178,4.073935131,-1.523199021,0
178,7.306174707,-1.989731117,0
178,4.319559984,-1.463779845,0
178,6.153053186,-1.159205628,0
178,6.844115462,0.255263954,0
178,6.195514787,-0.356674579,0
178,6.474092533,-1.79802769,0
178,4.076283132,-1.81150213,0
178,3.936193173,-2.63393607,0
178,6.404494222,-1.354016384,0
178,5.14312145,-1.798144624,0
178,6.563747225,-1.324517948,0
178,8.428532316,-2.328907602,0
178,5.901358573,-3.52379214,0
178,6.096596692,-1.298465713,0
178,6.288867245,-1.076251714,0
178,8.906230925,-0.734164485,0
178,6.120821903,-0.458687221,0
178,4.900854728,-0.010532594,0
178,5.935243464,-0.592189274,0
178,4.473803822,0.028347346,0
178,8.092797265,-1.512521387,0
178,5.645014484,-1.187080759,0
178,5.422460529,0.022498677,0
178,5.126565628,-0.673036569,0
178,3.94972571,-0.197689464,0
178,4.057915896,-0.818075426,0
178,8.048513848,-0.28071333,0
178,8.741825328,-2.437195959,0
178,6.209841096,-2.069077332,0
178,7.263298457,-1.67512995,0
178,5.092927908,-2.328620652,0
178,6.743358018,-1.546806408,0
178,3.24197109,-1.357971003,0
178,6.24319433,0.47662058,0
178,8.540077414,-1.905825246,0
178,5.818429593,0.338329422,0
178,5.350495426,0.323746423,0
178,5.958787203,-0.969699048,0
178,5.47253148,-2.495396212,0
178,5.779875868,-2.745891451,0
178,6.097862148,-2.64719092,0
178,5.478489589,-1.540738695,0
178,5.380706927,-0.915201923,0
178,7.610998588,-1.476770793,0
179,3.736071687,-0.18088278,0
179,3.886914565,0.65116929,0
179,3.475660833,0.705547068,0
179,3.519322517,-1.69292107,0
179,4.042396841,1.751427078,0
179,4.043035486,1.232441593,0
179,3.890298164,1.097249014,0
179,4.403026827,2.526199417,0
179,3.211950562,-0.351446588,0
179,3.506453339,1.544225093,0
179,4.098997211,0.439622248,0
179,3.698834347,1.061526852,0
179,3.699720587,-0.296612016,0
179,4.104971598,-0.116334246,0
179,3.904847143,1.100510577,0
179,4.400332925,0.320349233,0
179,3.613189264,-0.746928349,0
179,3.950262962,1.222226683,0
179,3.655513704,1.170941248,0
179,3.772531427,-1.284879657,0
179,3.899249605,0.391560535,0
179,3.983123619,-0.364056439,0
179,4.152090541,0.62536468,0
179,4.172308567,-0.885884043,0
179,3.791362948,0.483304812,0
179,3.787926696,1.098097225,0
179,3.497032229,1.299141981,0
179,4.128011289,-0.021480395,0
179,3.417840369,-0.674154755,0
179,4.206352374,1.178136123,0
179,3.648127814,0.158697117,0
179,4.210773366,1.986358353,0
179,4.130691951,0.655135169,0
179,3.948266227,1.520809191,0
179,3.446466023,-1.185636405,0
179,4.025932822,1.156083213,0
179,3.810322817,0.382853621,0
179,3.310577881,-1.608830342,0
179,3.975869232,1.131203783,0
179,3.446587687,0.043297514,0
179,4.442180058,1.647758368,0
179,3.699638274,2.233795598,0
179,3.436399831,2.118642364,0
179,3.543371249,0.233534398,0
179,4.039503272,1.638681055,0
179,3.702526989,-0.24294075,0
179,3.773281391,-0.260284562,0
179,3.193261671,0.516480197,0
179,4.454819646,0.633243406,0
179,4.03168286,-0.194594077,0
180,5.293965549,1.356022104,0
180,3.834061166,-0.257279882,0
180,5.644104674,1.970356464,0
180,4.156613572,-0.790176495,0
180,4.465745103,-0.304587757,0
180,4.16083119,0.042635145,0
180,4.280247405,-1.00700152,0
180,5.319449533,1.766252688,0
180,3.854229665,-0.28079958,0
180,5.281580024,1.09846677,0
180,5.701879817,2.273998111,0
180,4.431395975,1.111357009,0
180,4.788253607,0.655379348,0
180,4.171804333,0.511859544,0
180,4.177832876,-0.720513962,0
180,4.773667815,0.284878926,0
180,5.207420799,1.317359146,0
180,5.083188153,1.061385706,0
180,3.230105523,-0.395105398,0
180,3.950745949,-1.734362891,0
180,5.750595719,0.501001292,0
180,4.945294403,0.894534003,0
180,3.913871686,0.559202453,0
180,4.235379804,0.68666245,0
180,4.914103293,1.569711986,0
180,4.226704597,-0.709483113,0
180,4.747518631,1.325022072,0
180,4.31372209,-0.132724419,0
180,4.594582447,0.773439446,0
180,4.632529383,0.161329753,0
180,4.153795208,-0.104313513,0
180,5.414920068,0.954576305,0
180,4.252242349,-0.997087082,0
180,4.510618946,0.072747605,0
180,4.356775637,-0.871132058,0
180,4.847936082,1.149912679,0
180,4.44230621,0.335929824,0
180,4.115295353,1.657891369,0
180,4.769106287,0.716724026,0
180,4.441273115,0.567802258,0
180,3.466722595,-0.234536092,0
180,5.097737526,0.446126329,0
180,4.877427316,0.786824434,0
180,4.419219963,0.231860937,0
180,6.124827284,1.708663902,0
180,3.920378716,-1.04877842,0
180,4.778042086,0.848649377,0
180,4.708880383,0.376257428,0
180,4.301935593,-0.222641225,0
180,4.769887707,-0.174279871,0
181,6.442886215,0.110615305,1
181,4.035359538,-0.650793321,1
181,4.886807571,1.340275825,1
181,3.313905594,-1.41367836,1
181,4.16935659,-0.358540902,1
181,5.419531236,0.921971897,1
181,4.360269401,-0.313080905,1
181,5.407678875,-2.492149056,1
181,3.928561796,-1.192104514,1
181,4.440113251,0.321484691,1
181,4.683013119,0.053816501,1
181,5.933228034,-1.125769585,1
181,4.262505457,0.744732633,1
181,7.389678635,1.920259393,1
181,6.44344529,-0.047525216,1
181,5.275729467,1.597169891,1
181,5.974197521,0.843153003,1
181,7.759594194,1.028024989,1
181,5.741489579,-0.196150326,1
181,6.667563577,0.746458219,1
181,3.292532456,-2.297102438,1
181,4.606216144,0.170799287,1
181,5.454300209,0.497171565,1
181,2.806251143,-0.302319359,1
181,7.085364741,0.00254441,1
181,4.897492517,-0.277537282,1
181,6.088397164,-0.186387679,1
181,6.42898736,-0.59492434,1
181,5.016921977,0.505662893,1
181,4.615365064,-0.742774867,1
181,5.3355692,0.192922771,1
181,6.913418369,0.528613564,1
181,4.636729953,-0.590318652,1
181,6.605121948,1.009160582,1
181,4.312558995,-0.08577759,1
181,4.963092964,-1.421248133,1
181,5.520945552,-2.339170202,1
181,5.392440056,-1.099553396,1
181,4.381220803,-0.742841967,1
181,5.822848718,-1.070195797,1
181,5.975250205,-1.575545186,1
181,4.470159562,-0.169866947,1
181,6.07843718,0.789339216,1
181,6.127006094,-1.099536789,1
181,6.836411635,0.811858341,1
181,5.015233065,0.301708368,1
181,4.263653975,-0.105491812,1
181,4.794300102,-0.053211784,1
181,4.76983868,-0.430069867,1
181,5.178085569,0.078791385,1
182,4.903514575,-0.575685631,0
182,6.689360247,0.256527849,0
182,6.329734529,-0.789093214,0
182,4.444715785,-0.017421247,0
182,3.039547369,-0.704106685,0
182,4.446358544,-1.015811504,0
182,5.164856446,1.411169972,0
182,5.072319105,-1.018902335,0
182,6.031586701,0.131733808,0
182,5.451413238,1.629773526,0
182,5.202134419,0.40492607,0
182,5.046426557,-1.32493889,0
182,5.588859944,0.005508715,0
182,6.550418185,-0.409543263,0
182,4.650471515,-0.678866573,0
182,4.318787758,-0.344914683,0
182,2.759399449,1.56920056,0
182,4.842782451,0.579769846,0
182,5.371524041,-0.395740179,0
182,3.929374374,0.244971473,0
182,5.868991358,0.408414609,0
182,5.467365052,1.521996037,0
182,6.478480186,0.719174165,0
182,3.778809925,1.576165039,0
182,3.201558171,-1.865387619,0
182,5.56437817,-0.977525882,0
182,5.539227199,0.318234275,0
182,5.460709958,0.829133946,0
182,5.953326816,0.055864687,0
182,5.780139034,1.434519776,0
182,3.607255849,-0.671044377,0
182,5.295194478,0.02183602,0
182,4.701490723,-0.303246812,0
182,4.530856202,-1.37023307,0
182,5.089685569,-1.807694804,0
182,6.991341724,1.46059885,0
182,5.494372141,-0.845498699,0
182,4.529761424,-0.916861403,0
182,5.389789939,0.71839531,0
182,4.739720716,-0.190403508,0
182,4.76233461,0.633193264,0
182,4.434400798,1.106607764,0
182,4.226674713,-0.644929866,0
182,5.121657126,-0.768626513,0
182,5.717212449,-0.288606335,0
182,6.10947903,-1.323458596,0
182,6.394306123,-1.609633825,0
182,6.330714457,-0.652853241,0
182,6.095417041,1.740590629,0
182,5.165082102,1.360824486,0
183,6.741677128,0.166353865,1
183,5.030781995,-0.605977061,1
183,7.331521304,0.293116385,1
183,8.109328472,0.853134242,1
183,5.578538238,0.347145194,1
183,4.539395307,-0.227224883,1
183,8.020602622,1.0912576,1
183,7.171745994,-0.71994553,1
183,3.012559419,1.529956178,1
183,8.31279364,0.527695072,1
183,5.461424013,0.470202221,1
183,4.453296425,-0.272462533,1
183,6.486457313,1.155836899,1
183,4.4710483,0.704847566,1
183,6.901222265,-0.224855326,1
183,9.335444905,-0.444821248,1
183,8.516170209,-1.004668005,1
183,6.972027159,0.32486573,1
183,3.079437257,0.762060225,1
183,4.188985151,0.152902488,1
183,4.639854195,1.168857621,1
183,8.209366235,0.652280897,1
183,7.754123018,1.59685049,1
183,5.99642119,2.15551405,1
183,7.318299269,0.817343539,1
183,5.379142584,0.501284067,1
183,6.263366744,0.690541761,1
183,10.18026826,1.189596848,1
183,6.715197672,0.06372672,1
183,5.967420599,2.003798753,1
183,4.852645466,-1.070159519,1
183,5.500151923,1.275942635,1
183,2.923631968,1.250985121,1
183,4.014263151,-0.195602004,1
183,7.240921147,0.845212047,1
183,6.398472078,1.036997315,1
183,3.890873034,-0.111104057,1
183,7.879348571,-0.253203259,1
183,7.621534521,1.814841964,1
183,7.444630117,0.480389913,1
183,6.719534845,-0.04787809,1
183,3.182787634,0.507514236,1
183,4.649486857,-0.315681944,1
183,6.145944416,1.383651439,1
183,6.896428299,-1.112997511,1
183,2.463140436,2.206404364,1
183,7.57447534,0.054650964,1
183,4.265409836,-0.219143648,1
183,5.611715743,0.168924247,1
183,8.096293883,1.093400579,1
184,7.188986692,0.204231907,1
184,3.019812457,-1.245325587,1
184,4.250387841,-1.283536992,1
184,5.871210342,0.512102679,1
184,5.860258764,-1.220944036,1
184,3.676584085,-0.561939109,1
184,6.190483855,0.08585452,1
184,3.669976244,-1.107550328,1
184,5.748462756,0.434636432,1
184,4.139261757,-1.283639517,1
184,6.844297318,-0.157327569,1
184,5.400614528,-0.481034624,1
184,6.258972951,0.790123248,1
184,11.05153284,1.606377587,1
184,6.45791247,-0.17432075,1
184,6.018245748,0.961513215,1
184,5.377459725,-0.382023453,1
184,5.062123453,0.829029462,1
184,8.156936067,-0.190401398,1
184,6.183244353,-0.051386529,1
184,3.142593243,-0.826433493,1
184,5.220399531,-1.069602614,1
184,6.083656965,0.082370159,1
184,8.068928388,1.352646797,1
184,9.294458842,0.007067896,1
184,7.325771738,-0.417869113,1
184,5.123919151,-0.622298342,1
184,6.600494298,0.245373919,1
184,6.714157866,-1.263161744,1
184,3.731265109,-1.304403659,1
184,4.56191929,-0.072319019,1
184,8.512688594,-1.246903272,1
184,4.691197446,-1.011004104,1
184,6.0186106,-0.247572285,1
184,6.863060942,0.177231553,1
184,5.714226509,-1.235668283,1
184,6.387998963,-1.855289235,1
184,5.818257916,-0.354667915,1
184,5.41102556,0.563488797,1
184,2.154913432,-0.600945723,1
184,4.151005089,-1.505339545,1
184,7.576312009,-1.170821386,1
184,3.211639217,0.918036306,1
184,4.337683119,-1.733671747,1
184,6.816960659,0.250643049,1
184,7.075380981,1.093792429,1
184,5.160749504,-1.911546404,1
184,7.734329526,-0.112412083,1
184,6.161459906,-1.706360647,1
184,9.166748718,-0.30156999,1
185,5.255441097,-1.413496224,0
185,5.884566,-0.727940186,0
185,5.465390046,-1.041925308,0
185,6.388550859,-1.874731076,0
185,7.207560944,0.106894319,0
185,6.751544382,-0.833991157,0
185,6.008989046,-1.760316036,0
185,5.430611209,-1.448801266,0
185,6.561337269,0.16249845,0
185,7.55359915,-1.203684162,0
185,5.982413974,-1.863596567,0
185,5.990063795,-0.765790926,0
185,5.600798649,-1.927972892,0
185,6.677470652,0.061124169,0
185,6.22258023,0.228914371,0
185,6.216145047,-0.913072501,0
185,6.51986068,-0.52009469,0
185,6.703129966,-1.271291153,0
185,5.652632755,0.468240478,0
185,6.731636139,-0.463175019,0
185,4.71544438,-1.096664963,0
185,4.460197293,-0.98061778,0
185,6.322903751,-1.273526973,0
185,6.414616267,-2.480704968,0
185,7.09899688,-0.758359286,0
185,5.777833525,-1.364056885,0
185,6.450141707,-0.6733017,0
185,5.842125174,-0.868972641,0
185,7.197370276,-2.180275748,0
185,6.018103666,0.18428114,0
185,7.099849552,-0.577025931,0
185,4.813629392,-2.839481802,0
185,6.751725275,-0.629128561,0
185,5.093094473,-1.401637592,0
185,6.345782284,0.119817895,0
185,5.389533856,1.055832932,0
185,5.509380477,-0.215146004,0
185,4.916118137,-0.886286124,0
185,4.550073019,-0.204135633,0
185,5.806192719,-0.121989962,0
185,5.034284036,-1.046480695,0
185,6.07128223,-0.945567486,0
185,5.420300688,0.057105733,0
185,6.797682587,-0.804775529,0
185,4.882698777,0.486159328,0
185,6.868914059,-0.357103635,0
185,6.026042459,-0.360010303,0
185,5.953918112,-2.149708953,0
185,7.012760939,-1.232851771,0
185,6.103918828,-1.529017893,0
186,4.890496846,0.386020736,0
186,3.157763887,-1.099673889,0
186,4.647457186,0.188781043,0
186,3.647888258,-0.622746201,0
186,4.276553239,-0.015502512,0
186,3.313553872,-1.572886544,0
186,3.735744516,-0.430095596,0
186,4.037137742,0.302790099,0
186,4.874187261,0.316667991,0
186,5.623810213,0.508992482,0
186,3.991995234,-0.584213496,0
186,4.38554595,0.881349089,0
186,3.361905052,-1.514571366,0
186,3.90172409,-0.959864078,0
186,5.030937685,0.516290681,0
186,3.930762659,-0.743627193,0
186,4.032383097,0.150872416,0
186,4.981520042,0.820009981,0
186,4.915461623,-0.614354491,0
186,3.505393774,-1.893585233,0
186,4.846361776,0.657046761,0
186,4.419161211,-0.16033057,0
186,3.906693202,-0.183100755,0
186,3.152228961,-2.290046749,0
186,4.265224266,-0.039108544,0
186,2.057862722,-1.766593379,0
186,3.966452649,-0.743063817,0
186,4.08562961,-1.571843984,0
186,3.159293435,-1.364385693,0
186,3.181606302,-1.484282265,0
186,4.44013442,-0.599535084,0
186,3.852195295,-1.698122652,0
186,3.240857321,-1.767000848,0
186,4.00892095,-0.892616443,0
186,4.657781244,0.328140808,0
186,4.521212328,-0.088660071,0
186,3.766225186,-0.833335069,0
186,3.946392421,-0.444975604,0
186,4.304935098,-0.5573757,0
186,3.157863073,-1.60938112,0
186,6.051631137,1.602367648,0
186,5.019608383,0.366775409,0
186,5.532851264,1.324851525,0
186,4.115658127,-0.331956208,0
186,3.799878145,0.345847996,0
186,4.356901864,0.574271469,0
186,3.251082244,-1.206050094,0
186,4.351041392,-1.674228506,0
186,3.800362281,-0.850656893,0
186,4.37933189,-0.618843875,0
187,5.103479911,0.039431447,1
187,3.267247449,-1.268074459,1
187,3.699323553,-0.171309694,1
187,7.711347336,-1.280367723,1
187,6.417737622,0.546349722,1
187,6.455049083,0.382083173,1
187,5.30873262,-1.51095549,1
187,6.069500122,-0.581397414,1
187,8.152729759,0.272239088,1
187,4.970369637,1.203025218,1
187,7.197139694,1.247782746,1
187,5.31107781,0.065980201,1
187,2.911599925,-1.851255173,1
187,5.898731958,0.689298351,1
187,3.449906529,-2.199080195,1
187,4.77897022,-1.177988994,1
187,6.158198003,-1.20427048,1
187,6.239815693,0.496036448,1
187,5.255314249,-0.819056716,1
187,4.523625107,-0.189992118,1
187,4.726854648,0.220084197,1
187,4.041711639,0.455780885,1
187,6.338281081,-0.124342333,1
187,6.260776344,-1.2973573,1
187,6.290995632,-0.728268062,1
187,6.953534021,-0.318106272,1
187,3.618264504,-1.313210216,1
187,6.762014285,1.880924626,1
187,5.695060472,-0.514029074,1
187,10.51346057,-0.570376822,1
187,6.829969873,-0.170622933,1
187,6.573601611,0.309218699,1
187,2.183592722,-1.882651547,1
187,3.984843352,-1.29335324,1
187,7.760028625,0.657293199,1
187,7.20887438,-0.090412523,1
187,4.137149287,-2.020810708,1
187,8.231488521,-0.210221316,1
187,5.670939058,-0.009655272,1
187,3.87457444,-1.037216972,1
187,5.697074913,-1.858912753,1
187,5.303455517,-0.324805908,1
187,4.592443935,-0.312469734,1
187,9.089555811,1.494671038,1
187,7.217622159,-0.116075128,1
187,5.626627394,-0.204042863,1
187,4.391015716,-2.124264488,1
187,6.185565223,0.463352424,1
187,6.214536957,0.069691874,1
187,5.955579941,-0.338649213,1
188,4.051230348,-1.01239902,0
188,6.65598258,-1.159688803,0
188,7.610509959,1.079773419,0
188,4.494240732,-0.401390443,0
188,6.269417606,-0.223863515,0
188,5.408943619,-0.218132675,0
188,3.703304523,-2.07123662,0
188,4.364384351,-0.531123855,0
188,4.515728876,-1.003843745,0
188,4.233581435,1.817689198,0
188,6.857910908,-0.315909628,0
188,8.053845262,0.531078051,0
188,5.056335311,0.355199376,0
188,6.081131083,1.141270069,0
188,4.962507093,0.887090206,0
188,5.757919034,1.27795601,0
188,6.510432116,0.243270692,0
188,6.757782934,-0.568428634,0
188,5.883828967,-0.459532751,0
188,4.864735611,0.200075997,0
188,5.88362685,-0.159657378,0
188,5.281095691,0.33142328,0
188,4.784196159,1.12805437,0
188,7.126956489,0.205364111,0
188,4.791628625,1.119808529,0
188,8.487330411,-0.056099809,0
188,4.279940757,0.488148425,0
188,6.961560409,-1.483497859,0
188,7.037658941,0.810045047,0
188,5.810665716,0.525503892,0
188,5.366831654,0.000349881,0
188,5.299989533,-2.138758984,0
188,6.80298634,1.071357557,0
188,6.741350194,0.982757658,0
188,5.834788928,-0.101835925,0
188,4.629469576,-1.593870757,0
188,4.694104841,0.072671487,0
188,6.345884003,-1.352798567,0
188,5.342280273,-0.392990487,0
188,6.843975114,-0.060647889,0
188,4.757974758,-0.387537176,0
188,5.099771089,-0.77492121,0
188,7.433040526,-0.792532048,0
188,6.323024985,-0.206331294,0
188,3.260333362,-1.958624582,0
188,3.838543057,-0.917138313,0
188,5.499328712,-1.42686396,0
188,4.749366421,-0.768635707,0
188,6.975886122,-0.379570286,0
188,4.925007106,-2.010667037,0
189,5.263239374,-0.071177302,0
189,4.478230079,-1.163141393,0
189,4.516688821,-2.163980872,0
189,6.133028269,0.787110084,0
189,4.729241109,-0.201019678,0
189,4.570147944,-1.404826326,0
189,5.019919188,-0.921854213,0
189,4.264875362,-0.554371564,0
189,5.7947371,0.344338824,0
189,4.702505576,0.948998482,0
189,4.519945307,0.12436216,0
189,5.113815357,-1.153298243,0
189,5.049594641,-0.647239163,0
189,4.894581616,-2.46893187,0
189,4.503655846,0.687202708,0
189,3.570485146,0.165828195,0
189,4.13495539,1.507736709,0
189,4.916798666,0.723273313,0
189,4.276572386,-1.51306852,0
189,5.582661374,-1.006611703,0
189,5.154079773,-0.148969308,0
189,4.250251747,0.138035883,0
189,4.932105046,0.868216236,0
189,4.487246469,0.912808649,0
189,5.721697786,0.116111996,0
189,4.576010533,0.97978401,0
189,4.635794971,-0.51567327,0
189,4.618618529,-0.594166148,0
189,4.403764154,-1.103285529,0
189,4.858693255,-0.032351441,0
189,4.497423473,0.400401857,0
189,5.536198256,0.336911736,0
189,3.859184862,-1.572941403,0
189,4.940403708,1.049046457,0
189,4.297184313,1.785559954,0
189,4.02426708,-1.532846184,0
189,5.981046669,-0.130828934,0
189,6.448597882,-0.380215213,0
189,4.759757449,0.721299837,0
189,3.773407681,0.229251682,0
189,4.070877878,0.57546449,0
189,5.786188737,-0.640525982,0
189,5.088719243,0.22936576,0
189,5.340217643,-0.900923078,0
189,4.681468361,-0.801628004,0
189,4.302112323,1.509776327,0
189,4.607083485,-2.531244806,0
189,5.060702411,0.225722251,0
189,4.498837155,1.128207031,0
189,5.484871615,0.257538517,0
190,4.454588613,-0.819100136,0
190,4.707346939,-0.226079817,0
190,4.807245484,0.84524221,0
190,5.925754898,0.748189224,0
190,4.929470168,-2.136112049,0
190,4.957512059,0.970970152,0
190,5.109152266,1.51442188,0
190,4.387113007,-1.515944901,0
190,4.779106422,0.410888098,0
190,5.115932969,1.151112531,0
190,4.558381958,-0.999092223,0
190,4.246640007,0.5093257,0
190,4.138647218,0.076647179,0
190,4.871239811,1.382779904,0
190,4.634059601,-0.974336527,0
190,4.37827147,-0.822858066,0
190,4.610461345,0.331304004,0
190,4.582664723,-1.493844365,0
190,4.16850043,-0.859449232,0
190,3.649061195,-1.186246583,0
190,2.882983185,0.959178913,0
190,5.315409867,-0.281526077,0
190,3.662200247,-0.829986499,0
190,4.165893874,-0.866285476,0
190,5.523625869,1.191667808,0
190,4.71867975,-0.71829296,0
190,5.288892375,-2.104172979,0
190,4.962274105,-0.975997835,0
190,5.000433811,0.441459494,0
190,3.52801996,0.537798103,0
190,3.850517627,-0.397829652,0
190,3.705003299,-0.90196487,0
190,4.682453878,-0.670238734,0
190,4.5419447,1.197223126,0
190,5.007833586,1.903720227,0
190,4.924936893,-1.013011087,0
190,4.806005575,-0.398550726,0
190,4.812624377,-0.24804735,0
190,3.308092943,-0.997766568,0
190,4.862258579,-0.540871119,0
190,4.729429275,-2.957131534,0
190,5.529002219,0.502305267,0
190,4.67987805,-1.20055819,0
190,4.291487185,-0.839939307,0
190,4.707936924,1.251594629,0
190,3.755597744,-0.753591539,0
190,5.1908358,-0.962852364,0
190,4.947727054,0.4260612,0
190,4.508784454,0.463654465,0
190,4.438055452,1.455609521,0
191,4.738632235,-0.44005183,0
191,4.313401303,-1.669545401,0
191,4.958314851,-1.751579798,0
191,5.31217123,-1.518950244,0
191,5.005407771,-0.200647597,0
191,4.684932942,-1.853050585,0
191,4.723745481,-0.512861896,0
191,4.72648479,-2.859487125,0
191,4.089427279,-0.370956421,0
191,5.573071321,-1.149282738,0
191,5.997242925,-1.011936984,0
191,4.00035797,-1.22131527,0
191,3.92389657,-0.880728807,0
191,4.311990516,1.419424047,0
191,4.369797575,-2.130664288,0
191,3.574586899,-1.203752147,0
191,4.838169121,-1.190717883,0
191,5.396384465,-0.359922504,0
191,4.061987124,-0.063210396,0
191,5.453035719,0.378330702,0
191,5.277218011,-2.060400225,0
191,4.890888016,0.488286397,0
191,4.929889258,1.047518079,0
191,4.227054341,-2.585438552,0
191,4.716651791,-0.440714201,0
191,4.76078854,-1.299721448,0
191,4.836197031,-0.903651786,0
191,4.786974892,-1.482220512,0
191,4.152220009,-0.267271495,0
191,4.814104095,-0.309105813,0
191,2.982781205,-2.124646284,0
191,4.413252145,-0.722707202,0
191,4.65080683,-0.724118719,0
191,4.963914014,-0.653547536,0
191,5.029515935,-0.832942903,0
191,4.428943683,-2.093711324,0
191,5.801599815,-0.714193192,0
191,5.363211477,-1.036012671,0
191,4.834990935,-2.158143749,0
191,4.806241746,-0.372515599,0
191,4.369935232,-0.708032199,0
191,4.687223405,0.736040214,0
191,4.138467126,-0.236350172,0
191,5.67874024,-0.024509149,0
191,4.551069591,-1.322160657,0
191,4.547912108,-0.607237178,0
191,4.914174793,-2.837750485,0
191,5.141745452,-0.772776838,0
191,4.598556506,-1.516255782,0
191,5.917030309,1.104447279,0
192,4.128312795,1.146235106,0
192,4.348460923,1.70241689,0
192,4.644901037,1.217229693,0
192,5.329982484,-0.206667417,0
192,4.529874746,0.579349969,0
192,4.17133696,-0.327087892,0
192,4.624421945,0.30528701,0
192,4.409690691,1.636197645,0
192,3.545207484,1.839443038,0
192,5.072010528,0.538712009,0
192,4.760281251,0.139811096,0
192,4.677802478,-0.364742619,0
192,4.222180046,0.99559724,0
192,3.666110617,-0.806759833,0
192,4.746025038,0.522806771,0
192,4.938603155,-0.190958268,0
192,4.47190781,-0.665239109,0
192,4.425275978,-1.755782059,0
192,4.273294925,-0.32122525,0
192,5.067239783,0.086207354,0
192,4.069673148,0.846950884,0
192,3.763782668,0.529633345,0
192,4.897972519,0.214749574,0
192,4.408458558,0.916525503,0
192,5.006009011,0.231354824,0
192,5.353987959,1.201057085,0
192,4.454056714,1.757258995,0
192,4.614654653,0.334261061,0
192,4.697470954,0.071798121,0
192,5.719049032,-1.051916086,0
192,3.803033624,-0.324201133,0
192,4.831492513,1.820655515,0
192,3.531918459,0.753802759,0
192,5.373749274,1.37184637,0
192,4.803459657,0.718021044,0
192,4.53726784,-0.016156767,0
192,5.060832016,-0.375174343,0
192,4.69959277,0.397221537,0
192,5.318978138,2.150778336,0
192,5.083015972,0.074572873,0
192,4.01262566,-0.785231328,0
192,4.64818726,-1.144219319,0
192,4.657651149,0.144401939,0
192,4.083558411,0.11306881,0
192,4.824733529,0.994334247,0
192,4.986973984,-0.360903034,0
192,4.039415739,2.068627078,0
192,3.683999572,2.430574097,0
192,3.985039313,0.206254094,0
192,4.254136398,1.881248266,0
193,3.965914894,1.162256784,0
193,2.679209866,-0.59874576,0
193,3.626350904,0.715308129,0
193,3.226525607,-0.161343478,0
193,2.441286294,-0.945659037,0
193,2.646505631,-0.65968693,0
193,2.654231229,-1.153034422,0
193,2.626118219,-0.441744762,0
193,3.863765445,0.605268262,0
193,3.511580714,0.50456143,0
193,3.307797016,-0.047175044,0
193,4.146707789,1.195560759,0
193,3.129425312,0.299933203,0
193,4.361496697,1.302850671,0
193,4.573663028,1.51743217,0
193,2.44055841,-1.412719698,0
193,3.513935823,0.411156177,0
193,2.535461765,-0.655769715,0
193,2.858718057,-0.435663944,0
193,2.74919096,-1.0237022,0
193,3.188501435,-0.226880017,0
193,2.399494406,-0.926241652,0
193,3.832004879,0.623414182,0
193,2.311010154,-1.595074643,0
193,2.87349628,-0.021014243,0
193,2.457681264,-0.727106651,0
193,3.022263526,-0.426470034,0
193,2.284182149,-1.039967934,0
193,2.484736352,-1.039001703,0
193,2.221939714,-1.097191243,0
193,3.486966352,-0.138391783,0
193,1.979768179,-1.318174147,0
193,4.605522105,1.740531462,0
193,2.803074452,-0.237949682,0
193,3.628551792,0.050298302,0
193,2.374801193,-1.701218271,0
193,2.353733468,-0.379529821,0
193,3.207348862,-0.249227989,0
193,4.042159096,0.232334058,0
193,4.13267352,0.775650229,0
193,3.108048143,-0.294797831,0
193,1.823910505,-1.866341403,0
193,3.31568092,0.268644923,0
193,4.650701032,1.782442941,0
193,3.561972117,0.38380313,0
193,3.414506598,0.057592955,0
193,3.692264657,0.976880854,0
193,3.619708449,0.230515668,0
193,2.977587715,-0.500200505,0
193,4.097847723,0.960317322,0
194,2.516573425,0.151656741,0
194,8.887011186,-0.924901998,0
194,6.950748078,-0.142818861,0
194,5.266917333,0.321218085,0
194,2.690756895,-0.41676653,0
194,2.440183723,1.153340504,0
194,3.790984764,-1.534837178,0
194,6.845229662,0.919836413,0
194,4.907924501,-0.231486746,0
194,6.528915334,-0.513989593,0
194,7.596020746,-0.364325369,0
194,9.192411116,-0.714399147,0
194,3.359360994,-0.753261801,0
194,7.431663606,-0.591503432,0
194,7.043325707,-0.820745889,0
194,5.621507587,0.829186254,0
194,5.636541322,-1.265133449,0
194,6.584161036,-1.051417642,0
194,11.34356257,-1.305971057,0
194,8.908880292,-0.654736079,0
194,4.519321019,-0.620341498,0
194,8.530610862,0.068147544,0
194,8.948078736,-0.293950139,0
194,6.588969206,-0.330622517,0
194,3.34099836,-0.89523739,0
194,6.899983514,1.367907159,0
194,4.862784162,0.239179674,0
194,2.33067976,-1.378223015,0
194,2.662980993,-1.515186251,0
194,6.509209428,-0.423953043,0
194,5.183986264,1.433656068,0
194,5.574333943,1.285856853,0
194,4.787393121,0.012533225,0
194,7.911358187,-0.240840811,0
194,2.480659265,-2.393261259,0
194,7.124155374,-0.227148867,0
194,7.334729303,-3.246951992,0
194,7.169406198,-0.466579521,0
194,6.805537879,-0.032342058,0
194,2.66012886,0.251385427,0
194,5.009564514,1.191295374,0
194,14.32927254,0.245989062,0
194,7.452628696,-0.622348858,0
194,6.057348996,-0.826314777,0
194,6.37020423,-0.498332489,0
194,2.740875997,0.781518593,0
194,11.72341948,-0.356197227,0
194,5.294614234,-1.396552932,0
194,6.273129044,0.203412443,0
194,7.933659137,0.134049328,0
195,4.327588026,0.37323064,1
195,6.775786323,-0.383650475,1
195,5.439513346,0.440554317,1
195,5.157691552,-1.684469974,1
195,6.499248355,-1.010316687,1
195,6.095149415,0.372302376,1
195,5.518871196,-0.383646811,1
195,6.4161721,2.041658567,1
195,5.399402696,0.555829125,1
195,5.287501018,-0.283165181,1
195,6.255510891,-0.986093654,1
195,4.646123529,-1.387962503,1
195,6.319440817,0.703007623,1
195,5.71935664,0.882314334,1
195,6.038888591,0.586647281,1
195,5.956292116,0.351572152,1
195,6.704114505,0.526668632,1
195,5.051060449,-0.689956409,1
195,5.809694274,-0.493725107,1
195,5.244851401,-0.424854626,1
195,5.958323323,-1.094976103,1
195,6.13391587,1.283990007,1
195,5.722309864,-0.951588961,1
195,5.63573726,0.727610602,1
195,6.132536412,1.055377788,1
195,5.556792018,-0.02689852,1
195,5.202223111,1.066928985,1
195,5.527792952,-0.066416954,1
195,6.145463958,0.450065947,1
195,5.317109767,-0.220312281,1
195,5.785891843,0.7021529,1
195,5.034171418,0.923074884,1
195,6.099862002,0.628696193,1
195,5.214620075,-1.892054714,1
195,5.153520932,-0.088556016,1
195,6.181896485,-1.21685202,1
195,5.299886072,-1.034784712,1
195,5.566019129,-0.039116297,1
195,4.652442446,0.329703393,1
195,5.018243398,-1.756350701,1
195,5.336687582,-0.165548427,1
195,6.920958612,-0.34998949,1
195,5.735592768,1.808378632,1
195,5.766521472,-1.974741972,1
195,6.175009788,-0.017456936,1
195,6.550994062,0.134729605,1
195,5.757085285,-0.775596367,1
195,5.323298739,0.924566341,1
195,5.502256217,-2.304384886,1
195,5.46041725,-1.616750246,1
196,4.534905415,1.353395972,0
196,6.830768254,0.736778361,0
196,4.221924947,1.114827817,0
196,3.853090751,-0.097021829,0
196,5.154927786,-0.14518097,0
196,4.591831349,1.148556384,0
196,5.503651051,-0.059297119,0
196,5.232411063,1.210589322,0
196,6.187453942,1.599153207,0
196,5.449801473,-0.154706168,0
196,5.197490357,0.305412757,0
196,5.591609236,0.207058058,0
196,4.700009011,0.32282768,0
196,5.567874389,-0.86854696,0
196,7.165846813,0.512220635,0
196,2.889740541,0.515633156,0
196,4.255322966,-0.716359113,0
196,4.479609974,-0.222330671,0
196,3.807820904,1.262801834,0
196,4.37087897,-0.850137994,0
196,4.921298805,-0.67988981,0
196,3.77899718,0.132200243,0
196,5.255928545,1.398182771,0
196,4.891458802,-0.732003688,0
196,6.240661203,0.757034447,0
196,5.141079307,-0.189819535,0
196,6.669207379,1.384757129,0
196,5.578966425,1.744872098,0
196,5.485899646,0.862159578,0
196,3.43874463,0.126373053,0
196,5.504303997,1.297118825,0
196,4.500103386,1.902361436,0
196,5.570592586,0.898038214,0
196,5.175419283,0.523827327,0
196,5.29151383,0.291415821,0
196,6.524610657,1.709364202,0
196,5.423357831,-0.055444021,0
196,5.898639831,-0.019201424,0
196,6.330787264,0.499431745,0
196,7.259489228,2.119776416,0
196,4.689990433,-0.569085745,0
196,5.179404989,1.606367408,0
196,5.808271352,0.797810536,0
196,3.929452484,0.951072872,0
196,5.181783474,1.081280031,0
196,5.727379395,0.858520228,0
196,5.132267193,-1.247927612,0
196,4.895665723,-0.32235135,0
196,5.99891013,2.332635674,0
196,7.082414828,0.557189712,0
197,5.498527829,2.034065823,1
197,6.900392735,1.575083902,1
197,5.120250356,0.984083834,1
197,5.879505704,1.421237242,1
197,5.979995762,2.325780713,1
197,5.982774526,0.882370177,1
197,5.421747862,2.005834262,1
197,7.070095185,3.294160098,1
197,5.756851994,1.969398035,1
197,4.612575772,0.619167581,1
197,4.995084768,0.924610496,1
197,5.580004004,2.313787614,1
197,4.750731811,-0.489216466,1
197,6.111493541,1.354096328,1
197,6.253314495,1.230644305,1
197,6.076989403,1.403493,1
197,5.885886121,1.072485497,1
197,6.366081858,3.239194937,1
197,5.560653385,1.343837205,1
197,6.898951553,2.062227409,1
197,6.570450979,1.506261214,1
197,5.608412005,1.686468194,1
197,5.383699076,0.647072553,1
197,3.996210821,-0.25465388,1
197,6.232242696,2.523031102,1
197,6.225170322,2.945199193,1
197,5.415787279,1.475018998,1
197,5.429724593,0.65463362,1
197,5.851909163,2.01875743,1
197,6.021149834,1.054364675,1
197,4.37464249,0.418496168,1
197,4.418259327,-1.076601763,1
197,5.872792657,2.672882109,1
197,5.703078633,0.938261908,1
197,5.741927283,0.885213598,1
197,5.241278175,0.975826599,1
197,5.300479141,0.722456717,1
197,5.011019734,0.335218681,1
197,6.37342195,1.990696835,1
197,5.563615398,1.182854649,1
197,6.20291714,1.237961942,1
197,5.381894176,0.501120135,1
197,6.305677183,-0.307783423,1
197,6.206719868,2.45601803,1
197,6.951587737,2.787306572,1
197,6.605391743,2.354097209,1
197,6.299663599,2.234490988,1
197,4.868610504,0.721139169,1
197,6.14393532,2.135374708,1
197,4.5982184,-0.555936103,1
198,2.882743202,-0.15224869,0
198,3.824538053,-0.14837095,0
198,3.044594968,0.254087042,0
198,5.65129375,1.895633356,0
198,4.340543106,2.487619477,0
198,6.311517747,1.244680834,0
198,3.450267707,0.679290299,0
198,4.061240958,1.259139427,0
198,5.621500112,-1.305056257,0
198,4.180745247,0.392258519,0
198,5.543617578,0.00298376,0
198,3.834624449,-0.259918264,0
198,5.442422998,1.268539406,0
198,4.228636832,1.540981123,0
198,4.569073913,0.378112326,0
198,5.444865325,1.977121405,0
198,3.903100912,3.312246026,0
198,4.626213027,2.867168693,0
198,4.619352238,1.368258782,0
198,6.374564791,1.864064232,0
198,5.919592688,2.637304986,0
198,4.428314222,-0.290242093,0
198,5.579162613,1.82879505,0
198,2.877128351,-1.324909994,0
198,5.699195252,1.828232799,0
198,4.327641577,1.243354744,0
198,5.205523797,0.868514614,0
198,3.610377287,1.453656058,0
198,3.909974407,0.517101913,0
198,4.55278071,0.430944359,0
198,6.600704039,2.544005766,0
198,4.881561057,2.146324325,0
198,4.99219496,0.02246423,0
198,4.821572345,0.892073362,0
198,5.634500241,0.156710561,0
198,4.278879933,1.533697415,0
198,4.878778198,2.247709106,0
198,5.397384955,1.789055624,0
198,5.97331389,-0.490619521,0
198,6.599501107,0.516381319,0
198,4.774897079,1.12267944,0
198,4.945571569,0.796355338,0
198,5.076005943,0.690786657,0
198,5.047214232,0.900877416,0
198,3.654295739,1.581044066,0
198,6.261266272,2.391116533,0
198,5.789907391,0.981372045,0
198,5.672787638,1.998854761,0
198,5.671048378,0.026076637,0
198,6.30288707,2.828595227,0
199,5.260272108,0.926664941,0
199,4.155109156,-1.128629035,0
199,4.651915898,3.301645859,0
199,5.485584183,0.480523584,0
199,4.21771422,1.867333714,0
199,4.356573123,1.665951834,0
199,5.033329253,0.729257044,0
199,5.189737336,-1.017755985,0
199,4.106561569,0.94330393,0
199,5.349816725,2.283910232,0
199,4.866577933,0.548044146,0
199,5.31271927,3.160775183,0
199,5.429550336,0.607738703,0
199,4.610626887,-0.584865819,0
199,5.50854901,1.217713556,0
199,4.840198256,-0.193461438,0
199,4.512475949,0.999673129,0
199,5.166252157,0.909479453,0
199,5.260340671,0.563373444,0
199,5.613073988,1.042664441,0
199,5.891756276,-0.582124668,0
199,5.499474042,0.315756528,0
199,4.561212095,1.725262557,0
199,4.551363239,0.632736066,0
199,4.681799562,1.633494053,0
199,4.939560534,-0.007883865,0
199,4.620272178,0.857660643,0
199,5.218757866,-0.05320521,0
199,4.902798147,0.053337931,0
199,4.038664938,0.920463572,0
199,4.763065203,2.333219554,0
199,4.325859189,0.690080738,0
199,5.106857539,1.876102891,0
199,5.385237573,1.158979473,0
199,5.949367056,2.015839787,0
199,4.979647283,1.289850127,0
199,5.428622887,1.156965302,0
199,4.983273237,1.438631972,0
199,4.852702639,0.910876166,0
199,4.435319295,0.488851257,0
199,5.613083485,0.044094258,0
199,4.284050831,-1.919766746,0
199,4.77741027,0.607718211,0
199,4.880315055,1.681289849,0
199,3.830886469,1.409773725,0
199,4.520021405,1.259904501,0
199,5.013475128,-0.167813306,0
199,4.832191783,0.581697529,0
199,5.356903916,2.277490252,0
199,4.768713148,0.358808009,0
200,4.653493539,0.398241224,0
200,5.991653642,-0.287437458,0
200,4.582675881,1.1802795,0
200,5.743376778,0.514432379,0
200,4.228173605,-1.616319636,0
200,4.504857125,1.750081296,0
200,4.41985004,0.851186996,0
200,4.794422041,0.674027947,0
200,4.470969617,1.713340927,0
200,4.84649661,-1.422971149,0
200,4.834113087,1.377022069,0
200,4.61853985,1.320992262,0
200,4.909428484,0.728654831,0
200,5.861980806,2.900502776,0
200,4.685394691,0.83923704,0
200,5.199017911,1.438045478,0
200,4.832699435,0.31469399,0
200,5.132739659,-1.045615822,0
200,6.41644068,0.868629038,0
200,4.396068755,2.031943971,0
200,4.59483848,0.371177654,0
200,5.179489495,1.010921214,0
200,4.635217194,-1.078911661,0
200,4.484947839,-0.083584077,0
200,5.723889612,2.8009644,0
200,5.329469331,1.317083535,0
200,4.546142808,0.148446994,0
200,5.198030274,-0.102387487,0
200,3.933884629,-1.667734783,0
200,5.867270599,-0.025643437,0
200,4.960171766,-2.142530734,0
200,5.87886504,1.274131078,0
200,5.630495354,1.424050038,0
200,4.60749437,-0.833033492,0
200,5.888159836,-0.46839227,0
200,5.911603995,2.306525046,0
200,4.278955741,-0.305006043,0
200,5.495459606,0.038678015,0
200,4.54677596,1.154968353,0
200,4.780118299,-0.265870828,0
200,5.489939112,0.055521072,0
200,4.803450256,1.036637863,0
200,5.136685633,1.036218605,0
200,5.713538457,-0.125493331,0
200,5.352132352,-0.381638376,0
200,5.643902346,1.09548841,0
200,3.969252793,1.195742993,0
200,5.542501081,-0.005720628,0
200,5.510124142,1.361016817,0
200,5.181918429,0.664776506,0