7.000750921,0,0,1,8,0.102375367,0.775784982,2,1,-0.762436107,-2.068656099,-1.810034256,-0.986495736,-0.608959305,-1.397747097,-1.213358617,-0.773802949,1,1,1,2
11.7965272,1,2,6,11.7965272,-0.436138497,-0.091221021,2,1,0.434709398,-0.138936982,0.655113479,0.036045184,0.523673124,-0.132430078,0.868040497,0.036535338,3,2,3,3
7.702489825,0,0,12,8,0.781471588,-0.520510652,1,0,0.571330136,-0.39957406,-0.228754808,0.330872327,0.730072515,-0.353867804,-0.210168534,0.374236752,3,2,2,3
9.592880486,0,1,6,9.592880486,-0.248535553,-0.743387324,1,0,0.512672964,0.522257673,-0.296200247,-0.127984693,0.638721126,0.633733641,-0.266410245,-0.122419954,3,3,2,2
10.43687266,0,1,0,10.43687266,-0.456996884,0.950254884,2,1,0.50048763,-0.175898742,0.036608762,0.430020594,0.620267627,-0.165733759,0.037183237,0.50446821,3,2,2,3
10.27266186,0,1,3,10.27266186,-0.05611166,1.348640657,2,1,0.137414866,0.213935254,0.503046083,-0.931785505,0.145702307,0.231718512,0.624127434,-0.737935471,2,3,3,2
7.823596086,0,0,8,8,0.551793768,2.522621899,2,1,-0.077698221,0.296905853,1.262355828,-1.323655972,-0.075297476,0.331629439,2.177406112,-0.983918344,2,3,4,1
8.672187663,0,1,12,8.672187663,-0.972624336,0.557528289,2,1,-2.765313922,-0.953781478,-1.277156413,-1.253446324,-1.661405553,-0.752421971,-0.926189589,-0.941578437,1,2,1,1
7.584918755,0,0,5,8,0.656164071,-0.177355886,1,0,1.258337081,1.57651157,0.747271125,0.548361976,2.166685272,2.777552119,1.030492135,0.671783811,4,5,3,3
9.239534388,0,1,1,9.239534388,0.70538493,-0.739135843,1,0,-0.371981476,-1.096034865,-0.05244836,1.281333313,-0.327171571,-0.84403097,-0.051331356,2.0390255,2,1,2,4
12.19797336,1,2,1,12.19797336,0.158159073,-1.109183788,1,0,-1.001955861,0.520178415,-0.498175986,0.637147018,-0.762625056,0.630731059,-0.42342461,0.806190257,1,3,2,3
9.670162704,0,1,1,9.670162704,-0.540717673,-0.454764537,0,0,-1.282720277,-0.303435497,-1.49081122,-2.77144134,-0.929374353,-0.275563471,-1.045443528,-1.743947063,1,2,1,1
9.67403826,0,1,2,9.67403826,0.271834615,-0.234019612,1,0,-0.082360817,0.941704123,-0.472676822,0.568807835,-0.079673484,1.329522937,-0.40442855,0.702047212,2,4,2,3
11.76317243,1,2,6,11.76317243,-0.165855491,-0.087764348,1,0,-0.369199929,-0.548194667,-0.003797265,0.489664161,-0.324983292,-0.468655625,-0.003791157,0.587140808,2,2,2,3
9.76608588,0,1,7,9.76608588,0.017453967,-0.69747039,1,0,1.982696379,1.101568845,0.05509242,1.316945629,4.673302012,1.645909843,0.056399078,2.12182757,5,4,2,5
8.996178501,0,1,7,8.996178501,1.358199434,-0.367897892,1,0,-0.309565136,-0.30993498,0.408920086,-0.573604152,-0.277304383,-0.280969928,0.487161481,-0.487610081,2,2,3,2
11.70532491,1,2,13,11.70532491,0.296663459,0.522251605,1,0,-0.820801796,0.412354425,-0.781815154,0.235141664,-0.647524702,0.480613126,-0.621850506,0.256700541,1,3,1,3
6.340988216,0,0,0,8,-2.3737037,-3.139974463,0,0,-1.534665465,-1.074919982,-1.943913895,-0.844973586,-1.069195815,-0.830651265,-1.280633758,-0.679852756,1,1,1,2
11.47839485,1,2,0,11.47839485,0.755346671,-0.056027218,1,0,-0.527894808,0.136642671,0.198799429,0.192552401,-0.445295811,0.143805196,0.216396716,0.206907628,2,3,2,3
7.794719819,0,0,18,8,-0.261956488,-1.419939481,1,0,0.947927338,-0.90198049,-0.359893448,0.305966595,1.42616357,-0.718160176,-0.317639316,0.342896865,4,2,2,3
8.286000175,0,0,6,8.286000175,0.04457994,-0.248674706,1,0,0.094556907,0.490416845,-0.878920264,0.115961429,0.098441773,0.588205399,-0.68517892,0.121102239,2,3,1,3
8.264276611,0,0,5,8.264276611,-2.25918069,-0.649146562,0,0,-1.024497264,-0.599531685,-1.665027568,-0.157807256,-0.776502032,-0.506766065,-1.138473599,-0.149523199,1,2,1,2
10.42949697,0,1,6,10.42949697,-0.310928555,0.059878896,2,1,-0.460718159,-0.754158446,-0.047543117,0.483618443,-0.395444117,-0.617433567,-0.046621478,0.578609174,2,2,2,3
10.40777945,0,1,16,10.40777945,0.353530542,0.313745865,1,0,0.185856572,-0.349654842,-0.007007143,0.653098274,0.201190367,-0.31364583,-0.006986406,0.831171138,2,2,2,3
9.408233817,0,1,2,9.408233817,-1.445356168,-0.076538486,2,1,-1.080035708,-1.287579337,-1.881738,-1.17891223,-0.810306034,-0.962247921,-1.249602797,-0.895859261,1,1,1,1
9.689499254,0,1,6,9.689499254,-0.896080157,-0.945659298,0,0,-0.280012545,0.974454299,0.413194621,1.133582523,-0.253107503,1.391893375,0.49316128,1.712952723,2,4,3,4
12.06293996,1,2,9,12.06293996,2.436237845,0.909118583,1,0,2.339721168,2.63425032,1.064705161,3.101932551,6.429267997,6.567064762,1.685254564,8.937249824,5,5,4,5
10.19621868,0,1,0,10.19621868,-0.644691482,-0.267986947,0,0,-1.602921025,-1.582029249,-0.373486753,-0.970013961,-1.105710246,-1.13423641,-0.328354514,-0.763055303,1,1,2,2
9.369226234,0,1,10,9.369226234,1.41819689,1.31432826,1,0,0.264212676,1.851789852,0.50173807,1.11546511,0.295778143,3.580521444,0.622153127,1.674856834,3,5,3,4
9.928296927,0,1,3,9.928296927,-0.80718923,0.592980093,2,1,0.391593816,-1.509500789,-0.425995848,-0.85468158,0.463051473,-1.092860209,-0.369074222,-0.68642237,3,1,2,2
2.89311722,0,0,31,8,0.501846706,-1.635768276,1,0,-0.19567649,-2.358921729,-2.276397974,-1.518243756,-0.18175766,-1.545013267,-1.44084416,-1.097880319,2,1,1,1
10.78270856,0,1,2,10.78270856,0.770882635,0.260078966,1,0,-0.351468089,1.781658888,-0.981443779,-1.189103171,-0.310960521,3.364855746,-0.74991618,-0.902158949,2,5,1,1
11.39785876,1,2,13,11.39785876,-0.490039969,-1.384726995,0,0,-0.089543954,0.808645966,0.623648912,1.726487494,-0.086385763,1.088580644,0.815169762,3.200619083,2,4,3,5
11.34986771,1,2,6,11.34986771,-0.575429591,2.217170735,2,1,-0.90517174,-0.552516194,-0.662195281,-0.389936017,-0.701954287,-0.471892222,-0.540821815,-0.346172357,1,2,2,2
9.446085666,0,1,14,9.446085666,-0.004324414,-0.794798478,1,0,1.243531288,0.352929911,0.290839867,0.26119727,2.127452628,0.402447886,0.329329204,0.287913203,4,3,3,3
11.02228045,1,2,7,11.02228045,0.450766744,1.566332544,2,1,0.919610077,-0.695622438,0.178500166,-0.178360856,1.366644014,-0.576225577,0.192619692,-0.167926829,4,2,2,2
7.396827929,0,0,9,8,1.39994753,0.771660275,1,0,0.00978272,-0.854377321,-0.060162375,-0.304700044,0.009823486,-0.686216762,-0.058702081,-0.276616702,2,2,2,2
7.680215888,0,0,5,8,-0.61702323,-1.353469672,0,0,0.092712796,-0.047445287,0.148815731,0.70187238,0.096445996,-0.046632924,0.158561423,0.909164646,2,2,2,4
13.97232622,1,2,6,13.97232622,0.946201253,0.354417155,1,0,-0.130258515,0.516241727,1.102478598,2.076091424,-0.12378527,0.625057569,1.773937504,4.324235221,2,3,4,5
8.711866332,0,1,14,8.711866332,-1.637430601,-0.741686633,0,0,-1.357793614,-0.192532006,0.532559087,0.26933461,-0.971918037,-0.180489923,0.669220372,0.297779205,1,2,3,3
8.358198535,0,1,18,8.358198535,0.527734911,-0.891149411,1,0,-0.676881765,-0.032467385,-0.610178503,-0.215452975,-0.550963625,-0.032082426,-0.504435348,-0.200600499,1,2,2,2
10.88719756,0,1,5,10.88719756,0.934628098,-0.359608696,1,0,1.732397822,0.262547327,0.910049579,0.315544689,3.66460098,0.289546155,1.346831341,0.354885228,5,3,4,3
9.847447051,0,1,4,9.847447051,0.30424955,-2.771119668,1,0,-1.942948186,-0.398875425,-0.269668544,1.827895365,-1.280154535,-0.353311086,-0.24454379,3.50616425,1,2,2,5
10.11552535,0,1,2,10.11552535,0.147774141,0.363378412,1,0,-0.088941327,-0.167444362,-0.883193712,-0.285880051,-0.085823994,-0.158179542,-0.687919417,-0.260873641,2,2,1,2
11.58139906,1,2,27,11.58139906,-0.281661579,-0.014624287,2,1,0.435449011,1.53920779,-0.901335239,-0.388964914,0.52473138,2.677482904,-0.699511449,-0.345395156,3,5,1,2
10.2436943,0,1,19,10.2436943,2.105292888,1.673574174,1,0,0.469863574,0.246957527,0.449564849,0.303726005,0.574668464,0.270783905,0.545048744,0.340103965,3,3,3,3
11.49844572,1,2,13,11.49844572,0.396255512,1.826068274,2,1,1.342302152,1.728894624,0.48486267,0.530212686,2.397184072,3.207686462,0.596863854,0.645259482,5,5,3,3
7.142213074,0,0,0,8,1.032466262,0.572294828,1,0,-0.498164132,0.373004769,0.524593713,0.20493599,-0.423415829,0.428498664,0.6569465,0.221230356,2,3,3,3
10.19972358,0,1,6,10.19972358,0.802592319,-0.911882755,1,0,-0.206366379,-0.820914736,-0.108684946,0.725733311,-0.191002153,-0.663487899,-0.104102378,0.94821495,2,2,2,4
8.473411276,0,1,1,8.473411276,-0.097697164,-1.328972286,1,0,-1.45013487,-0.281248104,0.064588805,0.328994311,-1.023200932,-0.256976342,0.066388742,0.371854635,1,2,2,3
9.84946397,0,1,2,9.84946397,-2.480728635,-0.136193788,2,1,0.86901941,0.642731466,-0.447589033,-1.204180383,1.263395155,0.81490666,-0.385523358,-0.911450569,4,3,2,1
7.29290065,0,0,18,8,-0.250850454,0.919184963,2,1,-0.516897832,0.648745788,0.136629549,-0.262017112,-0.437235703,0.824329271,0.144821027,-0.240697521,2,3,2,2
8.608406132,0,1,9,8.608406132,-0.456603181,-1.953533586,1,0,-1.015898219,-1.445900235,-0.166804105,0.301026787,-0.771219178,-1.056065726,-0.156476063,0.336745172,1,1,2,3
10.08292928,0,1,26,10.08292928,-1.404882278,-0.183878427,2,1,0.446693338,2.030805507,-0.163781245,0.011630391,0.54089715,4.167272032,-0.153801955,0.011681214,3,5,2,3
13.89691912,1,2,3,13.89691912,-1.389584384,-1.483858824,0,0,0.133065043,-1.231503719,-1.705035466,-0.78826089,0.140828189,-0.92820337,-1.159355004,-0.641081539,2,1,1,2
9.741821383,0,1,7,9.741821383,-1.268977632,-0.554288176,0,0,-2.145038351,-2.114796672,-1.841954633,-2.441791338,-1.378644485,-1.421604017,-1.229555294,-1.585894407,1,1,1,1
11.90615467,1,2,0,11.90615467,0.902236954,0.202097646,1,0,0.131309878,-0.589651739,0.95896935,-1.0186363,0.138866466,-0.499488136,1.449714877,-0.794622387,2,2,4,2
9.141569105,0,1,8,9.141569105,-1.021104224,-1.25596584,0,0,-0.270333576,0.658062036,-0.866926788,-0.223265053,-0.24509587,0.838997367,-0.677467372,-0.207397184,2,3,1,2
8.983515254,0,1,3,8.983515254,0.426714753,0.273469785,1,0,-0.652734002,-0.707499273,-0.151190534,-0.751348663,-0.534258134,-0.584651502,-0.142606695,-0.615473592,2,2,2,2
9.806067913,0,1,23,9.806067913,1.523261376,1.724601269,1,0,0.131094911,0.744549915,0.369629948,1.5407832,0.138626398,0.979429848,0.43296633,2.681668352,2,4,3,5
9.809177817,0,1,11,9.809177817,-1.409898676,-1.251188196,0,0,-1.206130983,-1.704479729,0.004779932,-0.010420059,-0.885133647,-1.202760698,0.004789653,-0.010379692,1,1,2,2
8.291075795,0,0,1,8.291075795,0.629873985,0.220623658,1,0,-1.110909795,-1.009295542,-1.047700624,-2.274535836,-0.828867722,-0.788590542,-0.790690938,-1.502871649,1,2,1,1
12.35329551,1,2,30,12.35329551,0.008479351,0.971399869,2,1,1.902269954,1.829418904,0.745849799,1.392578298,4.330745282,3.510878138,1.027898439,2.30328369,5,5,3,5
6.889953542,0,0,0,8,0.349779354,-0.369766931,1,0,-1.321351699,-0.554287893,-0.753145097,-0.594042137,-0.95136506,-0.473217589,-0.60274757,-0.502725527,1,2,1,2
12.7155897,1,2,23,12.7155897,-0.297885464,0.052897005,2,1,-0.007624243,-0.957056594,0.229907069,0.377125517,-0.007599706,-0.754571276,0.253615307,0.433890662,2,2,2,3
8.937143275,0,1,4,8.937143275,0.743045688,-0.743989461,1,0,-0.365884185,-0.395597979,-0.817281777,-0.948578108,-0.322370731,-0.350697107,-0.64522063,-0.749003172,2,2,1,2
8.399278344,0,1,1,8.399278344,0.605623122,0.662843866,1,0,-0.421939371,0.025326935,-0.162590918,0.660024147,-0.365965331,0.025568497,-0.152747511,0.842097881,2,3,2,3
7.149627057,0,0,6,8,-1.033836335,0.235855604,2,1,0.304013595,1.043651003,1.226447427,1.012878377,0.346199662,1.527785079,2.082697642,1.466656676,3,4,4,4
11.05547767,1,2,1,11.05547767,-0.163879253,0.231654061,2,1,-0.85076195,0.007099287,-0.585078208,-0.559398187,-0.667025793,0.00711821,-0.486607232,-0.477035484,1,3,2,2
7.660588772,0,0,5,8,0.200977487,0.001179672,1,0,0.968744164,1.281100166,-0.388450618,0.453957224,1.470725275,2.038488897,-0.340065767,0.537248938,4,4,2,3
8.96440108,0,1,1,8.96440108,-1.007936372,-1.625318053,0,0,-1.729378589,-0.869990133,-0.791587004,-0.173280688,-1.171976872,-0.696743192,-0.628317945,-0.16339839,1,2,1,2
10.41591541,0,1,2,10.41591541,-1.123702458,-0.701269376,0,0,0.078617964,0.727398118,-2.315929625,0.135187242,0.081293509,0.950961713,-1.459300391,0.142196307,2,4,1,3
9.163167864,0,1,18,9.163167864,-1.574594929,-2.009832792,0,0,-0.651220516,-1.059666127,-0.619569654,-0.916799183,-0.533205951,-0.820939669,-0.511059642,-0.728013429,2,1,2,2
12.53397304,1,2,2,12.53397304,-0.588216645,0.380374954,2,1,1.066935674,-0.055909078,0.211961464,0.935312081,1.690423455,-0.054788466,0.232028072,1.317493451,4,2,2,4
9.114474337,0,1,2,9.114474337,-0.854313351,0.262956559,2,1,-0.764612313,-0.231986165,-0.429311432,-0.611249782,-0.610411317,-0.214951012,-0.371610841,-0.515364014,1,2,2,2
6.876843688,0,0,1,8,0.837113297,-0.432123839,1,0,-0.03392144,-0.022517831,-0.886334748,-1.182816653,-0.033446785,-0.022331172,-0.689931306,-0.898274694,2,2,1,1
10.50295885,0,1,3,10.50295885,-0.247640373,-0.285157166,1,0,-0.218265163,0.028122313,-0.356038416,1.095858461,-0.201220881,0.02842028,-0.314587006,1.634083039,2,3,2,4
9.631089471,0,1,33,9.631089471,-0.399883897,1.142761879,2,1,-0.776290148,0.357102147,0.177663503,0.252371059,-0.618184095,0.407832546,0.191648228,0.277275699,1,3,2,3
12.47760123,1,2,2,12.47760123,0.357778101,0.377039059,1,0,0.031950816,0.937734445,0.313811504,1.3834068,0.032387928,1.322046716,0.358864697,2.280868545,2,4,3,5
9.098093387,0,1,2,9.098093387,-1.351715271,-0.487729966,0,0,1.06083089,0.57529463,-0.223025563,1.171064154,1.676296565,0.711734086,-0.205288493,1.793056609,4,3,2,4
10.66397965,0,1,3,10.66397965,0.370527638,-0.079636604,1,0,0.599337617,1.919234057,0.316202292,1.297215915,0.775194965,3.795369616,0.361970417,2.075747895,3,5,3,5
9.032521132,0,1,7,9.032521132,1.088554699,1.430016666,2,1,0.001940214,0.786963289,-0.245664347,0.011945463,0.001941814,1.051164173,-0.224475169,0.01199908,2,4,2,3
8.553926539,0,1,8,8.553926539,-0.468157062,0.230245312,2,1,1.013413513,0.684605134,0.115495817,-0.977743162,1.568700207,0.881273746,0.12132024,-0.76810156,4,4,2,2
6.828018918,0,0,0,8,-0.079800788,-0.273409462,1,0,1.432826505,0.887661003,0.603784999,1.10589206,2.661513878,1.22927857,0.782451292,1.654890127,5,4,3,4
10.19193549,0,1,20,10.19193549,0.238049753,0.184798917,1,0,-0.162489184,0.237846694,-0.794322666,-0.504630397,-0.152657352,0.259914291,-0.630124617,-0.435723886,2,3,1,2
8.998499702,0,1,6,8.998499702,0.938169333,-0.522359011,1,0,-0.105745045,-0.232357322,0.557405109,0.636182535,-0.101397004,-0.215271709,0.708003445,0.804688044,2,2,3,3
8.374543108,0,1,24,8.374543108,0.11027127,-0.782206753,1,0,-0.493949068,-0.799804204,-0.605875012,-0.379596447,-0.420290631,-0.649028394,-0.501391472,-0.337879927,2,2,2,2
5.986766896,0,0,1,8,0.387629273,-0.600788041,1,0,-0.541097437,-0.381346004,-1.34199066,0.438618321,-0.454922346,-0.339285793,-0.963027748,0.516181666,2,2,1,3
12.08200547,1,2,1,12.08200547,0.451041194,0.760375195,2,1,-0.105503257,2.065079881,0.245949312,1.149317241,-0.101174253,4.285744119,0.273184276,1.746367366,2,5,2,4
7.462012683,0,0,0,8,0.358606203,0.582663369,1,0,-0.041732583,0.095854243,-1.246824,-1.434386394,-0.041018947,0.099355131,-0.908747918,-1.049351828,2,3,1,1
8.183928371,0,0,0,8.183928371,0.373347356,-2.434523633,1,0,-0.192729631,-0.088412828,0.604688263,1.139814798,-0.179198425,-0.085679134,0.783928129,1.726151056,2,2,3,4
11.93552317,1,2,1,11.93552317,-0.825227922,-0.103945238,2,1,0.856045159,0.833397399,0.660644756,1.105226092,1.237542177,1.131915814,0.877468797,1.653505275,4,4,3,4
7.005975353,0,0,3,8,2.272728885,1.3736112,1,0,-0.863270961,-0.861558013,-0.725472885,-0.49480964,-0.675110754,-0.691064214,-0.584124135,-0.428221594,1,2,1,2
12.58035221,1,2,7,12.58035221,0.382940653,0.091498095,1,0,-0.02837347,0.02284509,-0.917750753,-0.199635508,-0.028039787,0.023041548,-0.709942976,-0.186749765,2,3,1,2
9.038935119,0,1,7,9.038935119,0.132292825,-0.32358433,1,0,0.225026981,0.66780203,1.903887332,0.57284434,0.247713341,0.854427029,4.337456688,0.708070168,2,3,5,3
10.59450184,0,1,1,10.59450184,-0.273362816,-0.204920328,1,0,-0.340485238,-0.028605782,0.610008916,0.041667394,-0.302210723,-0.028306023,0.792648524,0.042322992,2,2,3,3
9.400403458,0,1,13,9.400403458,1.313375883,1.570416169,2,1,1.685512945,2.70535116,0.390112177,1.049985069,3.49373262,6.896709144,0.461005242,1.540507088,5,5,3,4
10.65472028,0,1,21,10.65472028,-0.701291569,0.182761168,2,1,-0.29102546,1.147795261,2.298243387,0.927332039,-0.262170666,1.743121839,6.204126068,1.30254089,2,4,5,4
8.925690469,0,1,3,8.925690469,-0.743672735,-0.394628859,0,0,0.441493679,-0.238005755,0.066827638,-1.126353716,0.533403678,-0.22014442,0.068755529,-0.863116564,3,2,2,1
9.599719917,0,1,11,9.599719917,-0.420033532,1.0263157,2,1,-0.073944571,-0.008100271,-0.296371758,0.260850192,-0.071763516,-0.00807583,-0.266550553,0.287493647,2,2,2,3
5.120142036,0,0,5,8,0.977627869,-1.001496124,1,0,-0.911531059,-1.94452711,-0.076655005,-0.615838032,-0.705996943,-1.332663105,-0.074316308,-0.518720607,1,1,2,2
9.329588405,0,1,2,9.329588405,2.56125931,0.183252934,1,0,0.092912468,-0.553914727,-1.30129734,0.719223884,0.096661941,-0.472938506,-0.939975682,0.937502891,2,2,1,4
10.43772578,0,1,11,10.43772578,0.245904548,-0.931105023,1,0,0.530891633,0.536808755,0.535114025,0.533816378,0.666644612,0.654862536,0.673173616,0.650500814,3,3,3,3
12.22408793,1,2,7,12.22408793,1.053920264,0.100288687,1,0,0.56994536,0.519115653,1.97211341,0.723701663,0.727867056,0.629197963,4.627184835,0.944866869,3,3,5,4
6.215148772,0,0,11,8,-0.579296435,0.09053395,2,1,0.181789464,0.007922169,-0.677937867,-0.931462861,0.196445483,0.007945736,-0.551690749,-0.737722305,2,3,1,2
9.534431451,0,1,3,9.534431451,-0.529098856,-1.297206492,0,0,-1.623366999,-2.466205132,-0.65017933,-1.048838674,-1.116543792,-1.59784599,-0.532481757,-0.814022571,1,1,2,1
7.348814716,0,0,3,8,0.213155304,-0.571925046,1,0,0.408105039,-1.01444484,-0.198264341,0.083572394,0.486019798,-0.791917612,-0.184001231,0.086228195,3,2,2,3
8.317340951,0,1,8,8.317340951,1.102311537,0.755090649,1,0,0.018905889,-0.330716284,0.065610728,-1.000492241,0.01905847,-0.298142809,0.067468517,-0.782891764,2,2,2,2
8.976819174,0,1,11,8.976819174,0.970897425,-0.864093728,1,0,0.592298081,0.654320934,0.418214089,0.170952762,0.763760623,0.83309655,0.500232932,0.18222767,3,3,3,3
11.24303298,1,2,19,11.24303298,0.222310338,-0.295102269,1,0,0.227056303,-0.245602822,0.257967439,-0.588325972,0.250164723,-0.226675231,0.288014038,-0.49850951,2,2,3,2
10.06387857,0,1,4,10.06387857,-1.308702503,-0.512107053,0,0,0.257454774,1.222670492,0.305081871,-0.183550676,0.287378451,1.906233734,0.347575652,-0.172539452,3,4,3,2
9.816840697,0,1,24,9.816840697,-0.397160534,0.268225371,2,1,2.377302499,0.568000999,0.070947814,0.618239475,6.638396769,0.700845227,0.073122853,0.776911635,5,3,2,3
7.191502101,0,0,12,8,-0.030890774,-0.140543035,1,0,0.040196396,0.197421028,0.155703636,-0.454394224,0.040889566,0.212523516,0.166389626,-0.397030667,2,3,2,2
12.1540001,1,2,40,12.1540001,0.62088749,0.574909766,1,0,1.641417373,0.7195898,0.992395382,1.007864783,3.337913957,0.938103876,1.522196855,1.456803435,5,4,4,4
10.38099369,0,1,0,10.38099369,-0.656159407,-0.651005399,0,0,-1.795006315,-0.612991392,-0.263265594,-0.574028547,-1.205698334,-0.516638767,-0.239217654,-0.487925123,1,2,2,2
7.814284653,0,0,17,8,-0.08205801,-1.646561172,1,0,-1.792427126,-1.099027356,-1.09512219,-1.576273293,-1.204381354,-0.845921309,-0.819396228,-1.130974781,1,1,1,1
11.35306232,1,2,8,11.35306232,0.413108381,0.683155905,2,1,-1.768587759,-1.218743531,-0.985866115,-0.240059547,-1.19217673,-0.920393338,-0.752662793,-0.221912541,1,1,1,2
10.00330597,0,1,23,10.00330597,-0.465436573,0.951007762,2,1,1.014199584,0.290778674,0.210237532,-0.084076517,1.570453458,0.324050313,0.229971048,-0.08159634,4,3,2,2
10.92507153,0,1,0,10.92507153,-0.164664753,-0.45586832,1,0,0.402569329,0.80937689,-0.532915451,1.033262931,0.47828531,1.089850808,-0.448962957,1.507024086,3,4,2,4
10.63524555,0,1,0,10.63524555,-1.171943856,0.551506433,2,1,-0.542221794,-0.033768967,-0.060436291,-0.758237259,-0.455739655,-0.033352957,-0.058963005,-0.620275592,2,2,2,2
9.128878428,0,1,57,9.128878428,0.60800364,0.611510455,1,0,0.46380985,0.549394492,1.203591577,0.184291146,0.565784849,0.673302365,2.023673869,0.197423057,3,3,4,3
9.145820824,0,1,7,9.145820824,2.600641551,2.188177444,1,0,-1.483029176,0.223632222,-1.315474904,-0.635252324,-1.041204102,0.243095266,-0.948033343,-0.53286227,1,3,1,2
9.956360485,0,1,3,9.956360485,-0.000569736,1.784647553,2,1,-0.408452849,-0.077639264,-0.076195403,-0.857547447,-0.355585708,-0.075514025,-0.073883801,-0.688358098,2,2,2,2
11.16158413,1,2,11,11.16158413,0.516673233,0.123132992,1,0,0.353509456,-0.940325208,0.302466218,-0.3250235,0.411221268,-0.743570419,0.344208686,-0.293455522,3,2,3,2
12.17951333,1,2,13,12.17951333,0.17544845,-0.694456509,1,0,2.219858448,1.407422451,0.603971958,1.313107849,5.79445893,2.33980595,0.782756884,2.112823962,5,5,3,5
7.144134707,0,0,16,8,0.769466547,-0.174066187,1,0,-0.335476703,-0.078218633,1.037698443,0.191605958,-0.298203902,-0.076062505,1.623337086,0.205818189,2,2,4,3
12.02583951,1,2,7,12.02583951,-1.534374488,0.072407797,2,1,0.535374795,-0.579572219,-0.294658803,-0.914685544,0.673577552,-0.492035788,-0.265148639,-0.726610607,3,2,2,2
11.5797441,1,2,0,11.5797441,0.823752778,0.088595847,1,0,-1.146728399,-0.437522168,-0.351026885,-1.96478211,-0.850203428,-0.38385406,-0.31060998,-1.343375738,1,2,2,1
11.1979478,1,2,2,11.1979478,-0.381468465,1.073988932,2,1,1.269812322,0.647810194,1.121323256,2.775286951,2.197379596,0.822861075,1.81910293,7.231345073,4,3,4,5
12.93332333,1,2,8,12.93332333,0.270116802,-0.044951331,1,0,1.975997499,1.714253582,0.358902704,1.979175781,4.644073289,3.164837599,0.418464821,3.992583304,5,5,3,5
10.35429586,0,1,10,10.35429586,-0.378890975,-0.535909423,1,0,0.717224123,-0.009593139,-0.464826869,0.283273314,0.976257321,-0.009558902,-0.398536485,0.314810564,3,2,2,3
12.87749336,1,2,12,12.87749336,2.207591278,-0.090704677,1,0,1.237180248,0.599081001,1.586914172,3.324584807,2.110750604,0.747608986,3.15168558,10.24325555,4,3,5,5
9.351723075,0,1,0,9.351723075,-1.32048879,-1.133898831,0,0,-0.787543563,-0.51304786,-0.984646566,0.581535817,-0.625644471,-0.442130848,-0.751905725,0.721093162,1,2,1,3
13.61950817,1,2,20,13.61950817,-1.277304958,-1.299142902,0,0,-0.760302444,-0.187507847,-0.783156422,-0.937583401,-0.607534597,-0.176047394,-0.622739513,-0.74176272,1,2,1,2
8.577731766,0,1,13,8.577731766,0.492179526,0.32786836,1,0,-0.325092737,0.875619008,-0.205898909,1.316884125,-0.289863064,1.207390051,-0.190599167,2.121683126,2,4,2,5
10.43383999,0,1,0,10.43383999,-0.284069256,-0.266079959,1,0,0.51296589,-2.140941132,-0.39299107,-0.08909636,0.639166923,-1.435044034,-0.343602117,-0.086321653,3,1,2,2
13.92074384,1,2,0,13.92074384,-0.660966799,0.293757058,2,1,0.857082997,0.059213782,0.25101104,0.304478296,1.239600933,0.060541658,0.279412403,0.341041211,4,3,2,3
8.806607657,0,1,9,8.806607657,-1.025435315,-0.90954332,0,0,-0.233305541,0.417077479,0.308074777,-0.949539487,-0.214032859,0.486962798,0.351437023,-0.74963521,2,3,3,2
10.87680143,0,1,7,10.87680143,1.586630291,-0.18667283,1,0,-0.999139934,-0.495242977,-0.058336096,0.253271407,-0.760884982,-0.428553252,-0.056961023,0.278357786,1,2,2,3
12.78594437,1,2,40,12.78594437,1.504480646,0.588638476,1,0,1.068716495,1.083551487,1.846126112,2.266176546,1.69455632,1.608728848,4.102176432,5.022413092,4,4,5,5
10.40764387,0,1,7,10.40764387,-0.236512834,-1.552533526,1,0,-0.977166357,-1.739934786,-0.900557861,-0.566482571,-0.747256079,-1.222304596,-0.699016101,-0.48231601,1,1,1,2
10.95271489,0,1,2,10.95271489,0.299610116,-0.32124763,1,0,0.333403992,-0.602260272,0.170650091,0.157152824,0.38449445,-0.5087714,0.183531248,0.16665916,3,2,2,3
12.81124556,1,2,3,12.81124556,1.248130993,1.018423301,1,0,0.435965626,-0.354493251,-0.609246746,-0.150436691,0.525470936,-0.317584558,-0.503776757,-0.142869601,3,2,2,2
7.501879889,0,0,20,8,-2.127282441,-0.601505671,0,0,-1.500375766,-0.994245679,0.044869761,-0.445354233,-1.0506438,-0.77883978,0.045734425,-0.389982335,1,2,2,2
9.964804491,0,1,25,9.964804491,0.600568991,0.592298478,1,0,1.499284233,0.169562484,0.336157059,0.919756939,2.866519059,0.180652199,0.388128562,1.28841414,5,3,3,4
10.37473143,0,1,12,10.37473143,1.208953889,-0.637380559,1,0,0.945011283,2.794001898,1.551323274,-0.259353295,1.419976193,7.32267029,3.033782051,-0.238429993,4,5,5,2
6.514907016,0,0,5,8,1.313191365,-0.574168361,1,0,0.08007583,-1.348917937,-1.245895261,-0.922510762,0.082852471,-0.99898753,-0.908211739,-0.73179994,2,1,1,2
10.86284954,0,1,1,10.86284954,0.251102343,1.209816064,2,1,0.564189753,0.899253641,1.024813567,1.912644039,0.718726001,1.250503699,1.594226645,3.774050073,3,4,4,5
7.013914978,0,0,7,8,-1.163318596,0.291550077,2,1,-0.572363844,0.062778336,-1.835901478,-1.350272767,-0.477506852,0.06427178,-1.226491567,-0.999793302,2,3,1,1
13.05319858,1,2,27,13.05319858,0.868330853,0.879070763,1,0,1.853419753,1.103596213,1.458966041,-0.024558282,4.131390424,1.650118298,2.741016678,-0.024336628,5,4,5,2
9.349882945,0,1,0,9.349882945,0.744331234,-1.126848683,1,0,-1.35673998,-0.654407601,-0.202137826,-0.376461708,-0.971326353,-0.546720008,-0.187352663,-0.335358213,1,2,2,2
7.019663942,0,0,10,8,-0.203762591,-0.495589428,1,0,-1.510651014,-1.197649367,-0.595676409,-1.979596158,-1.056218021,-0.907429874,-0.494156924,-1.351187516,1,1,2,1
10.62720326,0,1,11,10.62720326,0.800137621,0.929270448,1,0,-0.194100617,-0.463224943,0.455450461,1.578190463,-0.180389661,-0.403890175,0.553587808,2.78210333,2,2,3,5
13.55317332,1,2,5,13.55317332,1.168327969,-1.236896288,1,0,1.648140095,0.114951891,1.206506727,-0.306397538,3.361368648,0.120002735,2.031148182,-0.278029509,5,3,4,2
10.74623521,0,1,37,10.74623521,0.852700604,1.16293906,2,1,0.906761531,1.292075622,1.606247234,1.888832967,1.340050028,2.063826728,3.216949728,3.697610219,4,5,5,5
7.758825221,0,0,12,8,-2.166124988,-0.873286839,0,0,-1.356995699,-1.431069551,-0.098847511,0.800039744,-0.97146997,-1.047414663,-0.095027427,1.073668678,1,1,2,4
13.15032701,1,2,8,13.15032701,1.993837106,0.811007971,1,0,1.079542527,1.354633037,1.064514441,1.338937863,1.719797285,2.211285272,1.684812991,2.173799592,4,5,4,5
8.228340377,0,0,5,8.228340377,-0.328395131,0.442415525,2,1,0.748154061,0.604208646,1.312158413,-0.481244656,1.032104773,0.755415864,2.312846814,-0.417810121,3,3,5,2
7.244332059,0,0,9,8,-0.369302021,0.709080667,2,1,1.164896416,2.086137333,1.034581783,1.239809646,1.925935378,4.359533953,1.616270372,1.944571299,4,5,4,4
8.272437864,0,0,1,8.272437864,-0.341859843,-1.322175835,1,0,-1.039001769,-0.006311932,-0.619461675,0.121672096,-0.785382802,-0.00629707,-0.510983616,0.127337067,1,2,2,3
8.887409463,0,1,14,8.887409463,-1.379245928,-0.861882399,0,0,-0.25524992,0.411865665,1.618242587,0.857383737,-0.232522459,0.479957201,3.257880149,1.174551475,2,3,5,4
8.28805474,0,0,4,8.28805474,-0.036780696,0.641132307,2,1,0.802960459,-0.023305209,1.379935784,-0.198892928,1.134361016,-0.023105395,2.505032329,-0.186096539,3,2,5,2
8.717513049,0,1,10,8.717513049,-0.282508753,-0.261128913,1,0,-0.421534668,-0.682878853,-1.309854517,-1.083638039,-0.365654836,-0.567147009,-0.944842453,-0.83618443,2,2,1,1
9.788177226,0,1,8,9.788177226,0.690978539,-1.251653592,1,0,-2.276271998,-0.704734112,-0.969942568,-2.356018968,-1.440785156,-0.582692786,-0.742755818,-1.54357236,1,2,1,1
12.46442765,1,2,18,12.46442765,0.422156119,-0.235371201,1,0,-0.836448285,-0.985342101,-1.586977357,-1.251658755,-0.657733342,-0.773052263,-1.097229313,-0.940491416,1,2,1,1
8.065375259,0,0,22,8.065375259,-0.910413377,0.701054657,2,1,-0.619035948,-0.933535624,-1.570426596,-1.46309378,-0.51068384,-0.739091408,-1.0883945,-1.066061053,2,2,1,1
7.550897178,0,0,0,8,-1.665214693,0.413078599,2,1,1.082962529,-0.677097218,-1.284677138,1.135960669,1.727812694,-0.563015125,-0.930493402,1.717983348,4,2,1,4
7.891733108,0,0,2,8,-0.211302615,-0.40620566,1,0,0.113539444,0.186527745,-0.273833201,-0.377747165,0.11916564,0.19998531,-0.247997682,-0.33639272,2,3,2,2
8.51993819,0,1,4,8.51993819,-0.364533597,0.647557274,2,1,-1.502213334,1.707546294,-1.527789606,-1.186651022,-1.051641607,3.145317557,-1.065487073,-0.900644546,1,5,1,1
10.17006619,0,1,4,10.17006619,1.278403289,1.101863373,1,0,0.496599435,-0.611909347,0.241576822,-0.101802675,0.614416638,-0.51584687,0.267824975,-0.098214152,3,2,2,2
10.48149536,0,1,2,10.48149536,-0.039190495,0.033551838,1,0,0.085883016,1.058286927,-0.296425291,0.163991717,0.089081336,1.557254064,-0.266594344,0.174355165,2,4,2,3
10.67472772,0,1,3,10.67472772,-0.148087256,0.14401845,2,1,-0.704378479,-0.429536843,-0.086358609,-0.027175668,-0.569801621,-0.377584839,-0.083413581,-0.02690482,1,2,2,2
9.095474407,0,1,1,9.095474407,-0.878224462,-0.877432906,0,0,-0.599749284,-1.188588539,-2.038221497,-0.748455598,-0.49704965,-0.901841197,-1.327028058,-0.61345366,2,1,1,2
10.41390695,0,1,20,10.41390695,-0.032827355,-0.197363498,1,0,-0.670069907,0.125112567,-0.505788427,0.170058954,-0.5462667,0.131105857,-0.429053988,0.181214621,2,3,2,3
5.255233526,0,0,12,8,0.165181175,1.237765927,2,1,-1.955116549,-0.627585874,-0.48170719,-0.666268005,-1.286186718,-0.527289648,-0.411180737,-0.555253828,1,2,2,2
10.62480774,0,1,38,10.62480774,-0.343528459,0.615353028,2,1,0.567531317,1.567526724,0.22116278,-0.881292197,0.724028055,2.753265408,0.243056757,-0.704332778,3,5,2,2
7.429827311,0,0,21,8,0.816599031,1.244127536,2,1,1.71106179,1.222786103,0.583731477,0.089098055,3.586171153,1.906491077,0.749930359,0.092119432,5,4,3,3
14.11642527,1,2,1,14.11642527,0.506452138,0.929176255,2,1,0.116193219,-0.495777558,1.250347367,1.151047823,0.122089159,-0.42896232,2.145462356,1.750061224,2,2,4,4
10.52030241,0,1,0,10.52030241,-1.621213223,-2.178204208,0,0,-1.083134309,-1.885457493,-0.646940434,-1.561453776,-0.812176224,-1.30120886,-0.530227088,-1.122559975,1,1,2,1
8.99169239,0,1,0,8.99169239,0.095174682,0.0500341,1,0,-0.866812942,-1.721887833,-0.104512119,-0.837919015,-0.677394027,-1.212372751,-0.100260751,-0.675066658,1,1,2,2
9.627627375,0,1,0,9.627627375,-0.958458636,-0.504437686,0,0,-2.22480442,-0.828532127,-0.957021181,-1.388558471,-1.416576589,-0.668682275,-0.734681343,-1.022463599,1,2,1,1
12.1356709,1,2,3,12.1356709,-0.114610966,0.378562003,2,1,0.786658699,1.382917048,0.187651228,0.822717426,1.103498767,2.279674807,0.203289178,1.113135277,3,5,2,4
9.88110587,0,1,14,9.88110587,-0.238560948,-0.543866902,1,0,0.180738501,-0.143203314,-0.13526844,-0.945677746,0.195221973,-0.136311477,-0.128314323,-0.747095354,2,2,2,2
9.081466012,0,1,8,9.081466012,-2.281255927,-1.851996501,0,0,-1.608555323,-1.168990158,-0.922023017,-1.340051139,-1.108700368,-0.889710658,-0.712649001,-0.993708068,1,1,1,1
15.97759112,1,2,4,15.97759112,0.945288279,0.319707114,1,0,1.423829284,1.72627762,3.244109834,1.907696184,2.634483426,3.200003313,13.06024677,3.758089923,5,5,5,5
4.57796951,0,0,4,8,-0.206489073,-0.893048036,1,0,-0.976195894,-0.399127708,-0.82813092,0.644307455,-0.746652075,-0.353512141,-0.652313305,0.817372218,1,2,1,3
9.06810099,0,1,25,9.06810099,1.645467986,2.470843507,2,1,0.68849686,0.389682039,1.153940181,1.889920623,0.925560991,0.450415025,1.898754392,3.70108174,3,3,4,5
12.29340594,1,2,3,12.29340594,-1.235149516,-0.324760734,0,0,-1.992120832,-1.832837689,-1.56634191,-1.106894943,-1.304448191,-1.272915059,-1.0862092,-0.850884307,1,1,1,1
9.437450669,0,1,3,9.437450669,-0.225059194,-1.091830923,1,0,-0.02360687,-0.738498425,-0.83069486,-0.853373485,-0.023374925,-0.60648703,-0.653985714,-0.685538272,2,2,1,2
8.670163095,0,1,2,8.670163095,-0.146320852,-0.417335246,1,0,-0.099284813,1.213618764,-0.471691789,0.199348041,-0.095432191,1.886138173,-0.403690352,0.214751702,2,4,2,3
11.03634412,1,2,1,11.03634412,0.232279721,1.254758642,2,1,0.11555425,-0.42270461,-1.189140359,-0.476983122,0.121384648,-0.372203868,-0.875199226,-0.414527432,2,2,1,2
11.15233975,1,2,18,11.15233975,2.255588637,0.832605532,1,0,1.028628899,-0.211820851,0.429017571,-0.344561047,1.602817759,-0.197430624,0.51554999,-0.309489611,4,2,3,2
7.040607614,0,0,9,8,-1.330814131,-1.364152742,0,0,-0.796719846,-0.898147784,-0.463013385,-0.433379112,-0.631706353,-0.715604828,-0.397172307,-0.380604042,1,2,2,2
14.01311495,1,2,10,14.01311495,1.291947421,1.550852485,2,1,2.424655369,3.190490699,2.679568295,2.508843422,6.909007825,9.442251528,8.510127937,6.010925165,5,5,5,5
12.3450738,1,2,8,12.3450738,0.247188748,0.85732077,2,1,0.097168272,-1.548003778,-0.036732624,0.433444002,0.101273187,-1.114901092,-0.036177378,0.509124063,2,1,2,3
9.416393652,0,1,4,9.416393652,-0.099811543,-0.429932944,1,0,0.449656716,0.018187516,-0.404067138,0.710954592,0.545181721,0.018311937,-0.352195753,0.923958533,3,3,2,4
9.968316141,0,1,0,9.968316141,0.456593427,-1.674979829,1,0,-0.57435776,0.026263142,-0.663213503,0.195063577,-0.478937156,0.026522933,-0.541526782,0.20980179,2,3,2,3
9.456646417,0,1,4,9.456646417,0.502080483,-0.196592547,1,0,-0.555564296,-0.506318949,0.054131725,-0.192255971,-0.465408894,-0.437010847,0.055392926,-0.180246169,2,2,2,2
6.376307345,0,0,8,8,0.169254423,0.132470917,1,0,0.653413551,-0.612281981,0.19876203,1.089696248,0.865150993,-0.516119618,0.216352541,1.621364978,3,2,2,4
12.55201386,1,2,12,12.55201386,0.281881436,0.250994071,1,0,0.594364787,-0.648726963,-0.20541089,-1.236807696,0.76711107,-0.542620136,-0.190178342,-0.931442762,3,2,2,1
9.850647266,0,1,18,9.850647266,0.729319939,-0.391747372,1,0,-0.058597569,-1.157552845,0.145836417,-0.337285927,-0.057210444,-0.882604407,0.155189252,-0.30353635,2,1,2,2
8.05716525,0,0,2,8.05716525,-0.81335747,0.045643916,2,1,-1.252445554,-1.354581878,0.098844906,-0.673747913,-0.911990617,-1.002354483,0.103094372,-0.560617771,1,1,2,2
8.242206294,0,0,13,8.242206294,-1.105651756,-1.845127919,0,0,-2.019064438,0.21542963,0.535877624,-2.348115516,-1.317667738,0.233466646,0.674356673,-1.539646044,1,3,3,1
11.34381767,1,2,2,11.34381767,0.221611291,-0.425885243,1,0,0.191543674,-1.081679611,-0.546438203,0.28687654,0.207852026,-0.834942548,-0.45880115,0.319240391,2,1,2,3
14.75021432,1,2,9,14.75021432,-0.045990404,-0.12406388,1,0,0.849237543,1.371594697,1.04375544,0.968229321,1.224077771,2.25216806,1.637117139,1.379943072,4,5,4,4
9.629910199,0,1,10,9.629910199,-0.099007185,-0.701781521,1,0,0.198986077,1.454277849,0.980758251,1.245498095,0.216617196,2.457077105,1.496758511,1.957378895,2,5,4,4
6.95472681,0,0,4,8,-0.881423313,-1.217954733,0,0,0.750118114,-0.181160553,-0.092174073,0.328825382,1.03569592,-0.170416846,-0.088834674,0.371640514,3,2,2,3
9.316194792,0,1,1,9.316194792,-1.135858866,-2.053570959,0,0,-1.372632992,0.123076978,-1.426599327,-0.962746538,-0.98023534,0.128874876,-1.010235832,-0.758300631,1,3,1,2
9.071261242,0,1,4,9.071261242,0.059789046,-0.067181708,1,0,0.689066579,-0.740077048,1.354549436,0.419552247,0.926555547,-0.607593038,2.431967558,0.490298019,3,2,5,3
13.15314137,1,2,2,13.15314137,0.960063354,1.607847373,2,1,1.77455412,0.679050101,1.687108505,1.013987989,3.822920746,0.872366302,3.499458791,1.468841402,5,4,5,4
8.552453661,0,1,6,8.552453661,0.195496526,0.315560871,1,0,-0.002134697,-0.33769721,0.712303732,0.670733412,-0.002132764,-0.303873448,0.967494444,0.859089744,2,2,3,3
9.34264782,0,1,29,9.34264782,1.667574086,0.731520285,1,0,0.582160458,0.586280099,-0.221845574,-0.423970692,0.747404074,0.728233163,-0.204281318,-0.37320221,3,3,2,2
12.03262732,1,2,33,12.03262732,0.583390068,-1.22593506,1,0,-0.688074771,0.910356103,0.584311504,0.590142328,-0.558655305,1.270973097,0.750863859,0.734062087,1,4,3,3
11.5340732,1,2,6,11.5340732,0.834043971,-0.738049785,1,0,0.173517738,0.222194475,-0.474012719,0.479411121,0.186844425,0.241403504,-0.405429165,0.572692191,2,3,2,3
8.793445925,0,1,9,8.793445925,1.708342432,-0.04450931,1,0,-0.328202968,-0.755757091,-0.423232905,-1.632071102,-0.292366131,-0.618547913,-0.366957351,-1.162436937,2,2,2,1
11.07058222,1,2,3,11.07058222,0.68390402,0.626032959,1,0,0.327485513,-0.312834332,0.574218883,0.497039874,0.376709292,-0.283376179,0.734680969,0.597596087,3,2,3,3
7.909417457,0,0,5,8,-0.59370975,-0.655467022,0,0,-2.36090417,-0.734971246,0.392974555,0.419345966,-1.480155631,-0.604013766,0.464960549,0.490019802,1,2,3,3
10.03091491,0,1,17,10.03091491,0.640174244,-0.199459021,1,0,0.066376307,0.36186884,0.565596046,0.66304418,0.068278045,0.414003368,0.720955672,0.846877776,2,3,3,3
7.655453736,0,0,0,8,-1.049585139,-0.399592928,0,0,-0.934337523,-0.675544145,-0.35867324,-0.372490752,-0.720428676,-0.561903815,-0.316673839,-0.332158675,1,2,2,2
3.544297234,0,0,1,8,0.042095048,0.740004455,2,1,-0.387449254,-0.543027561,-0.738586851,0.014404242,-0.339284783,-0.464778698,-0.592972921,0.014482234,2,2,1,3
5.764180793,0,0,6,8,-0.170906918,-0.722631694,1,0,-1.874959273,-3.324773613,-2.716021817,-1.776088436,-1.246197636,-1.994941234,-1.63988126,-1.242101721,1,1,1,1
6.48822375,0,0,0,8,-0.758265727,-1.458604753,0,0,-0.740575956,-0.160758406,-0.50753307,-1.084791024,-0.594311443,-0.152179193,-0.430341494,-0.836915269,1,2,2,1
12.12641013,1,2,13,12.12641013,1.492395628,0.176312539,1,0,-0.001702511,0.520366131,-0.578228839,0.348698726,-0.001701281,0.631001963,-0.48171066,0.397002938,2,3,2,3
9.691185269,0,1,17,9.691185269,0.842654171,0.651486754,1,0,0.517327889,1.115719077,2.099738286,1.170810486,0.645817556,1.675388066,5.205144746,1.792508592,3,4,5,4
6.396203141,0,0,7,8,-0.097084896,0.082353822,1,0,-1.482969605,-1.647031978,-0.760970905,-0.904115732,-1.04117162,-1.170814528,-0.607981063,-0.719582553,1,1,1,2
7.975695986,0,0,4,8,-1.246962816,-1.277736355,0,0,-0.911315845,-1.021392019,-1.73514033,-1.34752967,-0.705860263,-0.796399004,-1.174955209,-0.99816162,1,2,1,1
10.85873214,0,1,1,10.85873214,-2.077027098,-0.561540745,0,0,-0.748538055,0.475264651,0.532185002,0.566690453,-0.599659817,0.566877076,0.668642219,0.698894197,1,3,3,3
5.430680619,0,0,1,8,-0.13450828,0.727498321,2,1,-0.939294594,-1.286118134,-0.993647588,-1.308835492,-0.723551871,-0.961366429,-0.757486829,-0.975037601,1,1,1,1
8.938890334,0,1,22,8.938890334,-0.801360981,-0.695703159,0,0,-0.543984487,0.175985196,1.29683912,-0.721093061,-0.457020195,0.187943639,2.270672506,-0.594254456,2,3,5,2
6.84863183,0,0,15,8,0.304250255,0.954500597,2,1,-0.03236401,-0.514712407,-1.48678711,-0.393374939,-0.031931361,-0.443395293,-1.043252246,-0.348921925,2,2,1,2
9.274291591,0,1,7,9.274291591,-1.534690482,-1.032386567,0,0,-0.537442442,-1.072646125,0.558690491,0.32533262,-0.452262781,-0.829206033,0.710030506,0.367218974,2,1,3,3
8.699701874,0,1,4,8.699701874,-1.667722624,0.397151287,2,1,-2.214815199,0.481437456,-0.580812119,-0.76500191,-1.411854088,0.575539854,-0.483559044,-0.624980825,1,3,2,2
11.45961707,1,2,2,11.45961707,-1.293140038,-1.02988915,0,0,-0.327657723,-0.292047669,0.068099982,-0.41228822,-0.291927624,-0.266049067,0.070102579,-0.363969464,2,2,2,2
6.731165906,0,0,2,8,-0.427507324,-2.598885788,1,0,-0.357520788,-0.202363883,-1.302932638,-0.574461695,-0.31576142,-0.189147526,-0.940906536,-0.488246612,2,2,1,2
12.39177152,1,2,34,12.39177152,0.320107855,-0.073881064,1,0,0.957162919,0.824290555,1.473172131,0.609602625,1.445848731,1.115893772,2.784836193,0.763656437,4,4,5,3
7.051138385,0,0,73,8,-0.79626838,-1.023009662,0,0,0.540219136,-1.264646741,-0.169262804,-0.052296805,0.681096576,-0.948379051,-0.158647228,-0.051313556,3,1,2,2
13.30240032,1,2,23,13.30240032,0.615000241,-0.538585014,1,0,-0.263576125,-0.069189261,0.612626034,1.036856086,-0.239476411,-0.067490555,0.796951182,1.514190631,2,2,3,4
8.579952962,0,1,1,8.579952962,0.076026438,-1.61307431,1,0,-1.480904084,-2.429489946,-0.387916632,-0.691104533,-1.040045113,-1.579856636,-0.339649349,-0.573011505,1,1,2,2
11.54297899,1,2,15,11.54297899,1.010139348,0.520877696,1,0,1.266895073,2.185085842,0.27348159,1.107103087,2.189552579,4.716667868,0.307374612,1.657409796,4,5,3,4
9.670106052,0,1,6,9.670106052,0.069546121,-0.530271055,1,0,1.395071193,0.703835186,-0.109918893,-0.109047272,2.549219635,0.912354581,-0.105236211,-0.104951694,5,4,2,2
12.90661048,1,2,9,12.90661048,1.467941104,2.48902177,2,1,1.619422802,0.562523062,1.827612282,1.085551948,3.261925449,0.692701292,4.028655142,1.612837584,5,3,5,4
13.14227808,1,2,14,13.14227808,0.299413421,1.377503024,2,1,-0.154574881,2.024349993,0.538974298,0.41890824,-0.145625085,4.14518286,0.679161696,0.489429558,2,5,3,3
8.364600391,0,1,2,8.364600391,0.626394157,-1.491769157,1,0,0.22182807,0.116764374,1.078388687,0.299041687,0.243857416,0.121977318,1.717097567,0.334279029,2,3,4,3
14.94931505,1,2,2,14.94931505,0.166391295,-1.084921124,1,0,-1.062745322,1.114401949,0.492640419,0.570828944,-0.799839949,1.672633837,0.608477541,0.705060958,1,4,3,3
8.747597546,0,1,5,8.747597546,0.23280025,0.242066677,1,0,0.487182261,0.678688817,1.445215037,0.861995606,0.60031997,0.871788085,2.699012381,1.182821801,3,4,5,4
11.71547669,1,2,3,11.71547669,0.608195434,-1.321105449,1,0,-1.068136603,-0.645033828,-0.384002677,-0.806441997,-0.803108898,-0.53995031,-0.336593762,-0.65358512,1,2,2,2
14.02100654,1,2,39,14.02100654,-0.625766997,0.340450971,2,1,-0.326841515,-0.628548176,-0.76030365,0.048430053,-0.291270962,-0.527989967,-0.607535402,0.049316725,2,2,1,3
13.33368421,1,2,3,13.33368421,0.742654996,1.861367292,2,1,2.074663268,1.217586084,1.206460136,1.816033815,5.08777339,1.894933069,2.031028603,3.469590407,5,4,4,5
10.44681298,0,1,20,10.44681298,1.024337505,0.67034455,1,0,0.929322979,-0.219499116,0.405810735,0.211596574,1.386917933,-0.204124326,0.482810035,0.228986436,4,2,3,3
9.217294556,0,1,13,9.217294556,1.073259995,1.640548577,2,1,-0.557913126,-0.266295195,-0.471697165,-1.148242805,-0.467105468,-0.244332676,-0.403694382,-0.876804989,2,2,2,1
13.2564576,1,2,1,13.2564576,0.037129002,1.821223991,2,1,0.651281143,0.649167495,-0.206919436,1.385806547,0.861531742,0.82499133,-0.191478771,2.286722473,3,3,2,5
6.725874544,0,0,3,8,0.536091807,0.771472699,2,1,0.322566877,-0.243641562,-2.381753209,-1.093749437,0.370267669,-0.224991736,-1.489773169,-0.842586298,3,2,1,1
8.173978536,0,0,12,8.173978536,-1.111415536,-0.436800318,0,0,-0.309414073,-0.783076033,1.394825763,-0.435319639,-0.277181688,-0.637502681,2.548499352,-0.382127002,2,2,5,2
10.81161273,0,1,1,10.81161273,-0.884133265,-0.441684591,0,0,-0.693662169,-0.922895745,-0.027091537,-0.757511559,-0.562482839,-0.732054942,-0.026786987,-0.619770214,1,2,2,2
10.14848384,0,1,5,10.14848384,1.090019598,0.742923252,1,0,-0.594926268,0.790743095,-0.796134863,-0.97756877,-0.493623624,1.057650282,-0.631320483,-0.767987821,2,4,1,2
6.614048177,0,0,2,8,-0.991302395,-1.156013442,0,0,-0.500174859,0.36888192,-1.079207777,-1.619694895,-0.424904601,0.42311915,-0.80980605,-1.155488233,2,3,1,1
8.277776637,0,0,3,8.277776637,-0.411823598,0.197527921,2,1,0.973172322,-1.986885906,-1.153444101,-0.892687056,1.480293637,-1.355024424,-0.854180453,-0.711959103,4,1,1,2
7.715219106,0,0,16,8,1.737646227,0.453935042,1,0,-0.466065079,-0.934854787,-0.217241134,-2.050119944,-0.399467268,-0.739962321,-0.200344349,-1.388112751,2,2,2,1
8.446510691,0,1,4,8.446510691,-3.097068829,-2.115921982,0,0,-1.658422116,-1.234071483,-1.381649251,-1.45296665,-1.135009316,-0.929772135,-0.985274378,-1.060178131,1,1,1,1
7.324137361,0,0,23,8,0.625237009,1.115697306,2,1,1.681126617,1.234084216,-0.306888965,1.666806126,3.478022806,1.931722495,-0.275129289,3.028222525,5,4,2,5
12.99394557,1,2,7,12.99394557,-0.689638549,-1.609268952,0,0,-0.153722374,1.018937306,0.775384895,-1.153747319,-0.144865399,1.478603838,1.082377958,-0.880235487,2,4,3,1
9.369483057,0,1,29,9.369483057,-0.110444157,-0.660827109,1,0,0.524863812,0.21939579,-0.849127712,-0.221447715,0.657361437,0.238115315,-0.665967072,-0.205818624,3,3,1,2
10.48277464,0,1,3,10.48277464,-0.678672778,0.083563223,2,1,-0.776499772,0.419542739,-0.473758241,-1.091234803,-0.618323331,0.490285194,-0.405238602,-0.840995758,1,3,2,1
9.950249348,0,1,3,9.950249348,-1.642556284,0.975720911,2,1,0.059493275,-0.901780914,0.001033157,-0.594070628,0.061018594,-0.718027185,0.001033611,-0.502746519,2,2,2,2
12.15675309,1,2,0,12.15675309,2.21244048,1.499036794,1,0,1.688306683,0.12372507,0.11078742,0.533386689,3.503762909,0.129584818,0.116140725,0.649875202,5,3,2,3
10.48799536,0,1,0,10.48799536,-0.70011822,0.278110538,2,1,-2.45509542,-0.824821553,-1.445186834,-1.232967894,-1.523357541,-0.666153514,-1.020481063,-0.929098019,1,2,1,1
10.96294844,0,1,2,10.96294844,1.715534368,1.297645945,1,0,1.806835326,2.586713695,2.448490685,2.323697299,3.947220867,6.352502489,7.048275999,5.246609063,5,5,5,5
9.189134012,0,1,2,9.189134012,-1.641462819,-0.93170642,0,0,-0.602653506,-1.427659155,-0.625856696,-0.845356389,-0.49910945,-1.045421426,-0.515480609,-0.680112172,2,1,2,2
11.07499534,1,2,1,11.07499534,-0.856514859,-0.211550327,2,1,-0.181579704,-0.651675734,-0.32497651,-0.608490392,-0.169472097,-0.544749364,-0.289769446,-0.513342658,2,2,2,2
10.29274802,0,1,6,10.29274802,1.249185917,-0.740226049,1,0,-0.435440712,0.430579865,-1.28061388,-0.912539637,-0.376289638,0.505228084,-0.928169174,-0.725185493,2,3,1,2
11.20735189,1,2,14,11.20735189,0.202054387,1.73566335,2,1,0.144714508,1.410356907,1.503923674,0.76641248,0.15392157,2.347061528,2.881187604,1.016167114,2,5,5,4
9.0748964,0,1,25,9.0748964,0.018871238,-0.37117815,1,0,0.149471853,0.772127454,0.788280897,0.930344347,0.159305185,1.025854134,1.106552792,1.308176658,2,4,3,4
6.373498794,0,0,3,8,-0.318144857,-0.848790733,1,0,-0.633768046,0.550754677,-0.745812777,-0.372173386,-0.521028243,0.675304408,-0.597830881,-0.331902714,2,3,1,2
7.144931209,0,0,0,8,-0.991514793,-0.319708793,0,0,0.550564168,0.27524065,0.386096168,0.754047275,0.69724954,0.30497532,0.455471123,0.995326723,3,3,3,4
9.052995413,0,1,0,9.052995413,0.65301265,0.983643021,2,1,-0.187622311,0.502106889,0.00654074,0.183310498,-0.174751693,0.604808597,0.00655895,0.196300919,2,3,2,3
10.86984382,0,1,4,10.86984382,1.38468253,1.900222588,2,1,0.398010157,0.600142121,0.326814829,-0.542143629,0.471940963,0.749222409,0.375829428,-0.464114704,3,3,3,2
9.476790024,0,1,10,9.476790024,0.436179369,0.243482332,1,0,0.276716931,0.29945014,-0.004528606,0.09621398,0.311443107,0.334786182,-0.004519925,0.099741406,3,3,2,3
9.998200916,0,1,3,9.998200916,-0.339736794,0.07497309,2,1,-1.963198572,0.329859144,-1.142402273,-0.946525648,-1.290185728,0.372951223,-0.847637652,-0.747653254,1,3,1,2
10.02550295,0,1,7,10.02550295,0.289295461,0.29015589,1,0,-1.856666879,0.114880083,-0.56646219,0.458466121,-1.236986833,0.119924559,-0.473266482,0.543483241,1,3,2,3
14.08121907,1,2,19,14.08121907,1.318909696,0.230174676,1,0,0.705998432,1.349225388,1.719662927,2.19739924,0.956313437,2.198332589,3.61765241,4.762327437,3,5,5,5
9.019009079,0,1,3,9.019009079,-1.542212212,-1.477570063,0,0,-1.300593423,-1.118494943,-1.530901327,-1.491014745,-0.939574877,-0.858183619,-1.067166192,-1.08221588,1,1,1,1
12.52750878,1,2,1,12.52750878,-0.847888163,-0.58087355,0,0,0.927600632,0.165980167,0.460582811,1.029849401,1.383312119,0.176599954,0.561066723,1.500230006,4,3,3,4
7.779671968,0,0,4,8,0.747116001,1.020678981,2,1,0.207036095,0.363447582,-0.082718886,0.718084429,0.226158786,0.416051627,-0.080008921,0.935632331,2,3,2,4
11.57196919,1,2,39,11.57196919,-1.124062157,-0.583454407,0,0,-0.323801593,-0.442244033,0.621855528,-0.441448606,-0.288822757,-0.387551159,0.812195014,-0.386928878,2,2,3,2
9.277687241,0,1,0,9.277687241,-1.296285584,0.729509234,2,1,0.122322999,-0.644291473,-1.076000661,-0.340407269,0.128866827,-0.539413231,-0.807868178,-0.30609305,2,2,1,2
11.16415954,1,2,10,11.16415954,0.565479243,-0.282236537,1,0,0.670497602,-0.744103645,0.044295608,-0.309320181,0.894363613,-0.610411555,0.045138173,-0.280459254,3,2,2,2
7.791711393,0,0,27,8,1.068244928,1.40249867,2,1,0.595209064,0.433409474,-0.05596356,1.563970824,0.768481327,0.509077052,-0.054695552,2.74368596,3,3,2,5
14.47060673,1,2,10,14.47060673,-1.229412732,1.39871574,2,1,-0.003072244,1.80493131,1.675192381,1.316326172,-0.003068243,3.43555915,3.456843413,2.120372975,2,5,5,5
6.815263928,0,0,10,8,-1.063612527,0.37694619,2,1,-1.31050496,-0.96695067,-0.27173426,-1.041896573,-0.94521196,-0.761052335,-0.246257975,-0.809577197,1,2,2,1
9.548076626,0,1,13,9.548076626,0.47914764,-0.328567832,1,0,-0.455737334,-1.167756463,-0.81053728,-1.844824336,-0.391687534,-0.888945102,-0.640798255,-1.279383464,2,1,1,1
6.914997719,0,0,2,8,-0.424188037,-1.102888596,1,0,-1.251456226,-1.847427988,-2.382483303,-1.399718066,-0.911420279,-1.280786664,-1.490109385,-1.029035774,1,1,1,1
12.06968421,1,2,43,12.06968421,-1.162189696,-1.505273347,0,0,1.412846894,2.159461302,1.585497604,1.658453576,2.601718956,4.62251935,3.146937512,3.004525497,5,5,5,5
6.831808957,0,0,9,8,-0.921861856,-0.325896412,0,0,-0.3342889,-0.672914826,0.254971547,0.318379045,-0.297252118,-0.560021038,0.284303591,0.358448173,2,2,3,3
8.617212651,0,1,2,8.617212651,-0.875575246,-1.883432033,0,0,-1.236495471,0.180471968,-0.317461371,-0.260087641,-0.90277784,0.193057286,-0.283703887,-0.239055403,1,3,2,2
8.006504724,0,0,2,8.006504724,-1.866793378,-0.52845115,0,0,-1.045774317,-1.244651854,-1.092168161,-1.066831035,-0.789516638,-0.936226109,-0.817619353,-0.825506141,1,1,1,1
11.09008781,1,2,3,11.09008781,0.236309242,-1.761311606,1,0,-0.361388215,-1.453491414,-1.089734274,0.148365653,-0.318821217,-1.060483279,-0.816154238,0.1568263,2,1,1,3
9.55965415,0,1,63,9.55965415,1.207988417,1.616338214,2,1,1.31826987,-0.090091277,1.333309998,1.773882683,2.329800281,-0.087256365,2.371836661,3.341420536,5,2,5,5
11.05210104,1,2,6,11.05210104,-0.461302946,0.029310349,2,1,0.642793361,1.646733527,1.127599782,0.512371885,0.847184873,2.971451005,1.834284106,0.619494857,3,5,4,3
9.405715055,0,1,10,9.405715055,0.549117505,0.212770996,1,0,-0.786143615,-0.175832419,0.031646204,-0.588874356,-0.624717971,-0.165674641,0.032074991,-0.498914362,1,2,2,2
12.8954914,1,2,16,12.8954914,-0.830314201,0.785115952,2,1,1.009332194,1.196093469,0.982564749,-0.526516666,1.559613572,1.847527019,1.500693089,-0.452338481,4,4,4,2
8.35233008,0,1,25,8.35233008,0.343677628,-0.169363607,1,0,0.265986191,0.24735228,0.142126419,-0.157325554,0.297990223,0.271256446,0.151001714,-0.149089238,3,3,2,2
9.303438263,0,1,0,9.303438263,-2.551046017,-0.449824782,0,0,-1.593178383,-2.022310416,-0.717404577,-1.235508171,-1.10053129,-1.373603547,-0.578659023,-0.930649457,1,1,1,1
12.82859855,1,2,42,12.82859855,-0.507795611,0.991515019,2,1,1.012477402,1.71439992,1.213821483,0.163499265,1.566613634,3.165264248,2.04997207,0.173799727,4,5,4,3
8.968707908,0,1,16,8.968707908,0.584857862,0.433640892,1,0,0.099720918,0.32215094,-0.832094033,0.018736363,0.104046927,0.363200549,-0.654897762,0.018868419,2,3,1,3
10.52217486,0,1,10,10.52217486,0.095879417,0.697151865,2,1,-1.299452124,-0.404740865,-0.263107286,-0.60168865,-0.938924882,-0.357979733,-0.239085723,-0.50835146,1,2,2,2
9.552348522,0,1,4,9.552348522,0.799714682,0.062723454,1,0,-0.31754567,-0.649590347,-1.552128528,-0.651934058,-0.28377206,-0.54324379,-1.078589848,-0.544935787,2,2,1,2
8.059813886,0,0,9,8.059813886,0.575708691,-0.228691251,1,0,-0.918867421,-0.266331026,0.20723326,-0.204083994,-0.710650618,-0.244363089,0.226393278,-0.190657339,1,2,2,2
11.59281497,1,2,1,11.59281497,-1.564625734,-0.798110322,0,0,0.412918943,-0.217553174,0.190537333,1.510266375,0.492773715,-0.202430551,0.206670954,2.601226274,3,2,2,5
9.015638091,0,1,14,9.015638091,0.626928873,0.46678925,1,0,-0.376355574,0.027610526,0.668074955,0.301015134,-0.330606542,0.027897722,0.890197531,0.336730686,2,3,3,3
10.56907282,0,1,10,10.56907282,0.510345402,1.557504704,2,1,1.456509068,0.213796841,0.323062726,1.691403178,2.733481915,0.231556689,0.370915887,3.098617997,5,3,3,5
9.741352086,0,1,12,9.741352086,-0.876733397,0.143342832,2,1,0.605112589,1.735115752,0.867157498,1.389786605,0.784622262,3.225993119,1.259669511,2.296448671,3,5,4,5
7.504213947,0,0,0,8,-1.229658607,-3.058662929,0,0,-1.776810492,-0.869336823,-1.961016433,-1.99080159,-1.19639289,-0.696303702,-1.289106584,-1.357083482,1,2,1,1
9.498454944,0,1,9,9.498454944,-1.44497702,-0.184404987,2,1,-2.187929798,-1.167792318,-0.431486141,-0.487150071,-1.399104528,-0.888967354,-0.37327246,-0.422349703,1,1,2,2
8.920694986,0,1,4,8.920694986,-0.266470186,-1.131756647,1,0,-0.494001448,-0.403119632,-0.494279327,0.227813524,-0.420329503,-0.356690504,-0.420535707,0.248025127,2,2,2,3
8.396642379,0,1,5,8.396642379,-0.680226192,-0.398720639,0,0,-0.359868321,-1.12455146,-0.555252949,-0.489674771,-0.317619441,-0.861986156,-0.46518388,-0.424287166,2,1,2,2
9.447439294,0,1,0,9.447439294,0.422797374,1.278107915,2,1,0.778658915,0.384633573,0.246555658,0.107956707,1.088492984,0.443754179,0.273928984,0.112406369,3,3,2,3
9.453967549,0,1,14,9.453967549,2.495864662,2.041026885,1,0,0.378723911,-0.445877033,0.062771918,0.162187011,0.445358416,-0.390390684,0.064471292,0.172320591,3,2,2,3
13.72258826,1,2,9,13.72258826,-0.475326852,-0.445586199,0,0,-0.008647628,-0.841478517,-0.323592944,-0.874567846,-0.008616091,-0.677482844,-0.288654576,-0.69982029,2,2,2,2
10.711967,0,1,8,10.711967,0.180337978,1.522656524,2,1,-0.32408491,0.810762118,-0.12779838,-0.019528258,-0.289051094,1.092259578,-0.121555581,-0.019387531,2,4,2,2
10.92154954,0,1,23,10.92154954,0.990682567,0.840490147,1,0,-0.83477236,-0.042550431,0.274880163,0.317518047,-0.656642433,-0.041894518,0.309132023,0.357365107,1,2,3,3
9.281092005,0,1,0,9.281092005,-0.734279761,-0.030474113,2,1,1.378901912,1.254682696,-0.348975694,0.802514098,2.502031115,1.978146242,-0.308979246,1.077947775,5,4,2,4
10.84464328,0,1,28,10.84464328,-1.979828477,0.450157575,2,1,1.107078989,0.763442457,1.096893877,0.309113563,1.784906215,1.011146594,1.760671222,0.346826936,4,4,4,3
11.26974106,1,2,24,11.26974106,-1.129796773,-0.242248099,0,0,1.38406397,1.027794021,1.306649573,2.217895044,2.517037791,1.496145768,2.297627963,4.838934223,5,4,5,5
13.95809133,1,2,23,13.95809133,0.846189581,-0.195533898,1,0,-0.317590885,-0.212813639,-1.133974758,0.401344474,-0.283808625,-0.198297688,-0.842630673,0.465890315,2,2,1,3
10.79284149,0,1,15,10.79284149,-0.779971146,0.674975584,2,1,0.511622246,-0.015485609,-1.387787493,-0.090653284,0.637122911,-0.015396824,-0.98869873,-0.087784097,3,2,1,2
10.84134107,0,1,3,10.84134107,-0.465024352,1.545921499,2,1,0.314799544,1.004990618,-0.098754304,0.094848743,0.360147466,1.451168155,-0.094941139,0.098275996,3,4,2,3
13.84719726,1,2,8,13.84719726,-0.222701155,0.203202113,2,1,2.075450099,0.402190995,0.483019139,-0.110448991,5.091427506,0.467018394,0.594121579,-0.10625175,5,3,3,2
9.831656222,0,1,1,9.831656222,0.092188216,1.03508101,2,1,-2.032456842,-1.831844398,-1.253918605,-1.195707817,-1.324214764,-1.272378426,-0.912839549,-0.906233369,1,1,1,1
11.26444406,1,2,3,11.26444406,0.37571207,0.615683964,2,1,0.012076244,-0.556438283,1.326439326,0.078015538,0.012138399,-0.474825046,2.352577867,0.080327769,2,2,5,3
8.297404351,0,0,23,8.297404351,-1.30355017,-1.153593949,0,0,0.341907443,-0.272478966,-0.460802971,-1.286904888,0.395745363,-0.249573095,-0.395508009,-0.961841087,3,2,2,1
9.983886609,0,1,44,9.983886609,0.239993395,-1.908618197,1,0,0.732567492,0.569345733,1.146150795,0.293718278,1.003796141,0.7028489,1.879560743,0.327682461,3,3,4,3
12.66331374,1,2,6,12.66331374,0.720749716,1.57988914,2,1,0.541564515,0.28237094,0.721203997,0.854804833,0.68318986,0.313702928,0.983369449,1.169937061,3,3,3,4
11.55953345,1,2,8,11.55953345,-0.483573634,-0.043706765,2,1,0.091472708,0.479505991,0.666748849,0.800225115,0.095105653,0.572825427,0.887920406,1.073989026,2,3,3,4
7.838640049,0,0,5,8,-0.806209306,-1.040533891,0,0,-0.729225523,0.025871512,0.151018608,0.111463982,-0.58666055,0.026123597,0.161060152,0.116210221,1,3,2,3
9.575246097,0,1,6,9.575246097,-0.354575598,0.080936715,2,1,-0.056892984,0.820560849,-2.144114205,-0.374470154,-0.055583526,1.109358084,-1.378202004,-0.333754268,2,4,1,2
10.25151322,0,1,8,10.25151322,-0.309537178,0.401731683,2,1,0.165192445,-1.686517457,-0.488141851,0.489113226,0.177247395,-1.192809568,-0.415975354,0.586361906,2,1,2,3
10.81128335,0,1,19,10.81128335,1.025777286,-0.309149254,1,0,-0.718975527,-0.913832909,0.223478564,0.049473388,-0.579724375,-0.726044471,0.245845633,0.050398836,1,2,2,3
8.930180932,0,1,2,8.930180932,0.262152853,-0.040622208,1,0,-0.888223615,-2.381231223,-1.576156422,-1.343099329,-0.691140179,-1.55606717,-1.091456677,-0.995524201,1,1,1,1
9.967371533,0,1,1,9.967371533,-0.307984164,-0.326674379,1,0,1.300040342,2.084125702,1.817304495,1.777334839,2.279447604,4.352451587,3.988113013,3.351812647,5,5,5,5
8.991390996,0,1,2,8.991390996,-1.194307536,-2.752135929,0,0,-0.100967092,-0.571397358,0.644012886,-0.06943243,-0.096988115,-0.485971097,0.849240431,-0.067722082,2,2,3,2
8.374477508,0,1,4,8.374477508,1.267863757,0.201283465,1,0,0.497958458,-0.27120071,0.106660569,-0.751007604,0.616459663,-0.248491193,0.111617683,-0.615235564,3,2,2,2
11.95805771,1,2,4,11.95805771,-0.328493405,-1.33461284,1,0,2.18947626,1.393100122,0.243180465,-1.02800349,5.64108705,2.304562473,0.269788308,-0.800656069,5,5,2,2
11.35045759,1,2,43,11.35045759,0.548343034,0.453614953,1,0,1.116893949,-0.903826778,0.439935801,0.190659841,1.808431312,-0.719390119,0.531164587,0.204729862,4,2,3,3
11.47676599,1,2,2,11.47676599,-0.888677374,-0.962987199,0,0,0.313642765,1.305793415,1.410018138,1.497938035,0.358645726,2.095717915,2.593320528,2.5691056,3,5,5,5
9.286013724,0,1,55,9.286013724,0.673065319,0.451139128,1,0,-0.417947649,-1.232319236,0.101653106,-0.960087981,-0.362900186,-0.928701711,0.106150416,-0.756558875,2,1,2,2
9.874091224,0,1,1,9.874091224,-0.338506769,0.912332912,2,1,-0.402742378,0.14960548,0.235455432,-0.382954057,-0.351170352,0.158209889,0.260354293,-0.340576978,2,3,2,2
11.95150859,1,2,20,11.95150859,-0.769253302,0.691520967,2,1,-0.042979082,0.013046277,-1.003502821,-0.525275786,-0.042222981,0.013110243,-0.763580363,-0.451400305,2,3,1,2
9.495114921,0,1,16,9.495114921,-0.516105497,-0.916478103,0,0,-0.566438584,-1.320934054,-1.274484628,-0.453170367,-0.4732495,-0.982289551,-0.924658664,-0.396078008,2,1,1,2
7.138306785,0,0,2,8,0.199714173,-0.212076946,1,0,-2.8747712,-2.102941794,-2.337502431,-1.321678706,-1.708681121,-1.415491345,-1.469322645,-0.98273525,1,1,1,1
11.53992551,1,2,12,11.53992551,2.34444142,0.658709503,1,0,0.971885765,1.086944557,1.227681759,0.291604051,1.477510405,1.615700718,2.085912901,0.325069388,4,4,4,3
11.21691964,1,2,13,11.21691964,-1.721498978,-1.152774832,0,0,-0.246828278,0.15641807,0.054923327,-0.445599429,-0.225454709,0.165834577,0.056221925,-0.390173864,2,3,2,2
13.06707622,1,2,30,13.06707622,0.903916364,0.557225368,1,0,2.111565699,1.479995146,2.510003977,1.477966853,5.261170714,2.522741129,7.417362411,2.517528581,5,5,5,5
9.980518235,0,1,0,9.980518235,0.497007102,-0.231954603,1,0,-0.215254164,-1.198515949,-0.609686966,-0.846860659,-0.198642022,-0.907963734,-0.504087947,-0.681131287,2,1,2,2
9.771051829,0,1,7,9.771051829,1.409201587,0.726097414,1,0,1.210250043,-1.540476431,-0.713488037,-0.502833678,2.040768904,-1.110605675,-0.576000329,-0.434353533,4,1,1,2
9.420139944,0,1,9,9.420139944,-1.037604473,1.058165527,2,1,0.170337148,-0.842254694,-0.365175518,-0.132287142,0.183170161,-0.678009366,-0.321811785,-0.126360243,2,2,2,2
8.893606301,0,1,11,8.893606301,1.204832744,-0.421783186,1,0,-0.953838305,-0.275502555,0.738887057,0.396577637,-0.732687481,-0.252129434,1.015233186,0.459550147,1,2,3,3
6.99617786,0,0,1,8,-0.01921768,0.129264948,1,0,-0.595960966,-1.059692931,0.96318937,0.749290446,-0.494359184,-0.820956768,1.458766861,0.987352725,2,1,4,4
10.12202696,0,1,8,10.12202696,0.134213783,0.532668349,2,1,1.288206979,1.573626575,1.032467934,1.303857625,2.247109732,2.769740953,1.611486643,2.091202562,5,5,4,5
11.03995569,1,2,14,11.03995569,-0.468274857,-1.108168163,0,0,0.63762223,0.846253657,-0.487975601,-0.21631379,0.838490288,1.154689035,-0.415851651,-0.201350841,3,4,2,2
12.36660321,1,2,2,12.36660321,1.523938157,0.456242088,1,0,1.176279577,1.0423302,1.586498615,0.417679472,1.954404679,1.52513827,3.150292233,0.487773583,4,4,5,3
10.19235423,0,1,6,10.19235423,-0.953029705,-1.256660103,0,0,-0.389239358,-0.726705787,-1.474084023,-0.482650609,-0.34068065,-0.598206776,-1.036321783,-0.418891886,2,2,1,2
11.37464711,1,2,1,11.37464711,0.825326538,-0.073313981,1,0,-0.137543631,0.296554405,0.540458121,1.513160035,-0.130366037,0.331193831,0.681468251,2.608796824,2,3,3,5
8.341123532,0,1,4,8.341123532,-2.349691998,-1.570980055,0,0,-0.739924035,-2.291954827,-0.498473171,0.054920963,-0.593872853,-1.511613949,-0.423644732,0.056062469,1,1,2,3
9.854157392,0,1,24,9.854157392,-0.086891439,0.249342912,2,1,0.632748112,0.346466095,-0.075212617,-1.129788264,0.830326962,0.394136249,-0.072958454,-0.865269353,3,3,2,1
11.62744136,1,2,1,11.62744136,2.079055131,0.80058988,1,0,1.922981951,1.744108974,1.856888955,1.780843003,4.417235494,3.252562612,4.145335806,3.362392461,5,5,5,5
12.02686676,1,2,24,12.02686676,-1.249980854,-1.135945829,0,0,-0.618940178,-0.993869516,-0.719615385,-0.133648132,-0.510616396,-0.778595552,-0.580158124,-0.12760452,2,2,1,2
9.856454539,0,1,20,9.856454539,0.616171464,0.543295307,1,0,-0.356896482,-0.384090056,-0.216715589,-0.046129674,-0.31526692,-0.341488565,-0.199894291,-0.045360945,2,2,2,2
11.91468614,1,2,1,11.91468614,0.458861596,0.050385043,1,0,0.09160724,-1.04960423,0.826205656,0.075108465,0.095250994,-0.814512295,1.179033678,0.077250552,2,1,3,3
11.03790112,1,2,16,11.03790112,-1.511375259,0.30625334,2,1,0.382788415,0.235399351,1.325435018,0.778898675,0.450926383,0.257006425,2.349770596,1.03737665,3,3,5,4
9.52509973,0,1,8,9.52509973,0.518308388,-0.511527243,1,0,-0.622574294,-0.924499491,0.464395293,-0.495937068,-0.513173836,-0.733116918,0.5666421,-0.429084361,2,2,3,2
7.765666767,0,0,10,8,-0.928482483,-3.00171807,0,0,-1.178649687,-0.141269207,-0.605833482,-2.83546053,-0.86904293,-0.13455311,-0.501362072,-1.773853081,1,2,2,1
14.42439611,1,2,3,14.42439611,-0.293001442,0.480592863,2,1,0.446725322,0.418201701,1.271412007,0.243247791,0.54094334,0.488477207,2.201678497,0.266349577,3,3,4,3
6.614511864,0,0,11,8,0.555738031,0.708275374,1,0,-0.531915337,-0.382741364,-0.152800963,0.147886478,-0.448233089,-0.34040625,-0.144043829,0.156291897,2,2,2,3
6.379613875,0,0,2,8,1.519941373,0.746907193,1,0,-1.761531116,-2.155343112,-1.731241689,-1.426353898,-1.188552972,-1.442423907,-1.172940318,-1.04465817,1,1,1,1
12.46363401,1,2,12,12.46363401,-0.691203365,-1.659325242,0,0,-1.971305367,-0.423330555,-0.087376954,-0.826176744,-1.294191041,-0.372697511,-0.084364531,-0.667077412,1,2,2,2
9.795889388,0,1,2,9.795889388,0.652422247,0.084545747,1,0,-0.315769501,-0.768321575,1.476485539,-0.316796558,-0.282334996,-0.627286123,2.795119099,-0.286659078,2,2,5,2
9.860431815,0,1,5,9.860431815,-0.695498153,0.002483578,2,1,0.221725155,0.917125039,1.325166918,0.68226721,0.243733532,1.283521178,2.349021534,0.877521043,2,4,5,4
10.1488346,0,1,3,10.1488346,1.861080902,3.313107663,2,1,-0.328136432,0.239937383,-0.100794794,-0.673983943,-0.292312627,0.262402384,-0.096828845,-0.560786806,2,3,2,2
11.30397022,1,2,2,11.30397022,0.566251695,1.299957225,2,1,0.411286561,1.689733346,0.275426884,1.098585595,0.490480561,3.09381005,0.309819564,1.639726263,3,5,3,4
9.075483898,0,1,5,9.075483898,-1.940077191,-1.17031648,0,0,1.036554464,0.130382204,0.290631115,0.056880008,1.620741347,0.13689668,0.329063327,0.058104801,4,3,3,3
10.85474458,0,1,25,10.85474458,0.295011778,1.413501397,2,1,1.522206069,0.259337642,2.031395941,1.262224335,2.939452533,0.285666442,4.88968303,1.995280293,5,3,5,4
10.26959049,0,1,5,10.26959049,1.89769859,-1.817429792,1,0,-0.976060665,-1.079218856,-1.474356228,-1.586846489,-0.746567896,-0.833381234,-1.036470502,-1.136963242,1,1,1,1
9.068994797,0,1,6,9.068994797,-0.49575074,-0.904449498,0,0,-1.470769022,-2.282178503,-2.436165026,-1.778971428,-1.034509908,-1.506710191,-1.514725577,-1.243674754,1,1,1,1
11.19746837,1,2,3,11.19746837,-1.38857473,-0.415570446,0,0,-1.773076301,-1.656967165,-2.25068927,-0.628642052,-1.194479058,-1.176364527,-1.428777563,-0.528058272,1,1,1,2
13.07047275,1,2,2,13.07047275,-0.047043557,0.867206785,2,1,-0.0841388,0.442306827,0.654384863,0.370590802,-0.081338217,0.521227758,0.866801544,0.425347061,2,3,3,3
9.686569247,0,1,20,9.686569247,0.460557538,0.798322147,2,1,0.178243292,-1.80711975,0.061993499,0.491347152,0.19232136,-1.258989963,0.063650686,0.589521962,2,1,2,3
8.5888536,0,1,19,8.5888536,-0.66568432,-0.81635048,0,0,0.726557514,0.610855294,0.925081699,1.333144991,0.992970616,0.765574327,1.378046949,2.16004741,3,3,4,5
9.29499493,0,1,9,9.29499493,0.771759314,1.054032575,2,1,-0.179724182,-0.616639924,-1.679234726,-1.488887363,-0.167846805,-0.519306671,-1.145908544,-1.080988308,2,2,1,1
10.5839102,0,1,15,10.5839102,-0.304126551,1.214187126,2,1,0.0137765,-0.33062887,-0.634146057,-0.147001692,0.013857422,-0.29807093,-0.521292883,-0.139758796,2,2,2,2
11.11196661,1,2,11,11.11196661,-0.210198178,-0.490616453,1,0,0.571580283,0.591962346,-0.742872169,0.810264054,0.730471165,0.736813985,-0.595855439,1.091393255,3,3,1,4
7.914457532,0,0,14,8,-0.770203642,-0.021417358,2,1,-1.644487271,-0.55361305,-1.219930052,0.775358076,-1.127685354,-0.47271286,-0.893169335,1.031345536,1,2,1,4
13.60277477,1,2,0,13.60277477,0.748051789,0.428062987,1,0,0.370582057,0.803414281,1.217393381,0.483331941,0.434259494,1.079506176,2.059200085,0.578205722,3,4,4,3
10.92807117,0,1,14,10.92807117,-0.276906538,-0.465028641,1,0,-0.20018426,-1.139949417,1.357128362,0.71459616,-0.185663398,-0.871627524,2.439330411,0.929914314,2,1,5,4
10.6463375,0,1,2,10.6463375,0.385402493,0.094146321,1,0,1.319307388,0.628884061,1.239213717,0.800328784,2.332685714,0.793350787,2.116089968,1.074168196,5,3,4,4
7.731167356,0,0,7,8,0.011304629,-0.60702654,1,0,-0.215431232,-0.33289189,0.121180663,0.52814553,-0.198793808,-0.299930795,0.12760112,0.642258579,2,2,2,3
7.13690045,0,0,3,8,1.725659126,2.138515628,2,1,-0.696648038,0.869790341,0.881754958,-0.200450976,-0.564524985,1.19685347,1.289018984,-0.187466798,1,4,4,2
10.58092469,0,1,6,10.58092469,0.120355544,-0.585972114,1,0,-1.028524643,-0.99083057,-1.454481099,-0.754770725,-0.778971681,-0.776621558,-1.025587434,-0.617860428,1,2,1,2
11.99677113,1,2,24,11.99677113,0.936895982,1.103657892,1,0,0.206006548,1.896304536,1.883700413,0.962711888,0.22493494,3.721496359,4.254202343,1.369388553,2,5,5,4
11.20770179,1,2,1,11.20770179,1.554441272,1.734666056,1,0,-0.288458555,0.740769316,0.32564993,1.212888531,-0.260063165,0.973128309,0.374302343,1.884521551,2,4,3,4
8.843980822,0,1,18,8.843980822,-0.172604084,0.310471358,2,1,-1.009979907,0.881748106,-0.7184495,0.204716967,-0.767575447,1.218510562,-0.579367714,0.220975935,1,4,1,3
9.337586275,0,1,8,9.337586275,0.043632945,0.102342659,1,0,0.892841402,-0.507256945,0.201892237,0.441881774,1.311525168,-0.437725384,0.220054526,0.52064562,4,2,2,3
8.781933031,0,1,23,8.781933031,0.117145465,1.053915855,2,1,0.516680928,-0.412514438,-0.266881638,-0.40789752,0.644829704,-0.364148691,-0.242227956,-0.360487323,3,2,2,2
6.308987956,0,0,8,8,-1.458662677,-0.706771057,0,0,-1.334093959,-0.634181585,-0.121926465,-0.112268288,-0.958572444,-0.53208488,-0.116218404,-0.107937391,1,2,2,2
13.12761706,1,2,13,13.12761706,0.270446207,0.653222664,2,1,1.317849306,-0.031776711,0.674688319,1.616079637,2.328631257,-0.031407752,0.901588566,2.885912926,5,2,3,5
13.71207751,1,2,3,13.71207751,-1.026349181,-0.255977733,0,0,0.842285739,0.480646085,1.158085417,0.675420672,1.210399318,0.574427259,1.909012829,0.866563657,4,3,4,4
10.46624517,0,1,5,10.46624517,1.383590982,0.30287152,1,0,-0.548137857,-1.218720143,0.229848939,-0.14570025,-0.46003371,-0.920379001,0.253544866,-0.13857852,2,1,2,2
9.210955078,0,1,0,9.210955078,-0.004155699,-0.64716643,1,0,-0.213706482,-1.343801285,-0.365133196,-0.784214585,-0.197314627,-0.995942255,-0.321778398,-0.638289071,2,1,2,2
10.1053755,0,1,0,10.1053755,-0.205730834,-0.60753825,1,0,0.19177646,-0.305617967,0.629287562,0.539884398,0.208125371,-0.277380826,0.824549844,0.659354631,2,2,3,3
9.123654411,0,1,41,9.123654411,0.198889377,0.672019568,2,1,0.741569201,0.142658774,-0.244495123,-0.230119895,1.020104031,0.150473672,-0.223490504,-0.213337501,3,3,2,2
12.29098449,1,2,0,12.29098449,0.451311547,0.573291494,1,0,0.703999193,0.024309802,0.87668076,-0.484023824,0.952779541,0.024532313,1.278780343,-0.419947866,3,3,4,2
9.361892252,0,1,3,9.361892252,-0.165709631,-1.972774384,1,0,-1.558722513,-1.508129754,-1.363374221,-1.123576873,-1.082127626,-1.092072157,-0.975049397,-0.861374662,1,1,1,1
9.410622974,0,1,5,9.410622974,-1.039866511,-1.391342214,0,0,-1.314841746,-1.402786867,-0.268240534,0.157838429,-0.947674099,-1.030840273,-0.243357616,0.167428981,1,1,2,3
10.44843606,0,1,25,10.44843606,0.553697933,0.747711352,1,0,1.863253499,-0.170799824,0.865555766,-0.605871838,4.171003561,-0.161182149,1.256468652,-0.511422596,5,2,4,2
13.38244836,1,2,13,13.38244836,-0.108408696,-0.144763149,1,0,0.844267247,0.676467585,-0.096695219,0.119592368,1.21429085,0.868236051,-0.093033422,0.125063445,4,4,2,3
5.805306276,0,0,1,8,-0.111117872,0.148720259,2,1,0.667167752,0.761917186,0.490237911,0.046048657,0.888639476,1.008571926,0.604882493,0.046849957,3,4,3,3
12.73968738,1,2,6,12.73968738,-0.938993196,-2.404814376,0,0,-0.185832566,0.668961787,-1.010989519,-0.914824765,-0.173190047,0.856270713,-0.768197487,-0.726703034,2,3,1,2
10.02869253,0,1,7,10.02869253,-0.209662008,-0.803066456,1,0,0.110035832,0.376799221,-0.096938698,1.195501018,0.115315819,0.433463148,-0.09325915,1.846228556,2,3,2,4
10.19661519,0,1,2,10.19661519,-0.544725047,-0.352636548,0,0,0.777976383,0.024893992,-2.105697539,-1.022930578,1.087216932,0.02512735,-1.35974575,-0.797390343,3,3,1,2
10.70831857,0,1,4,10.70831857,-1.305049379,1.620422272,2,1,-1.093227357,-0.244603973,0.36920854,0.120382809,-0.818256639,-0.225818061,0.432394286,0.125927174,1,2,3,3
11.62969477,1,2,50,11.62969477,2.197655589,0.936223684,1,0,-0.767021046,0.304397345,-0.603853891,-0.976867597,-0.612017179,0.340940334,-0.499960113,-0.767530462,1,3,2,2
14.25718761,1,2,1,14.25718761,1.140174805,0.25652204,1,0,1.594691376,2.027379777,1.705077943,0.190523633,3.177835713,4.155541193,3.564377279,0.204573242,5,5,5,3
11.55464369,1,2,12,11.55464369,0.566923475,0.923953707,2,1,-0.639150769,0.18973667,0.454057526,0.011793257,-0.52479293,0.203668641,0.551563272,0.011845514,2,3,3,3
9.190038443,0,1,3,9.190038443,0.283141188,0.795614797,2,1,-0.865392796,-1.067856772,-0.879236205,-1.041737512,-0.676478874,-0.826159182,-0.685381658,-0.809475246,1,1,1,1
9.772031059,0,1,11,9.772031059,-1.506149157,-0.311960604,0,0,-0.511489805,-0.091507639,-0.147084465,1.171884513,-0.433257826,-0.088585981,-0.138935499,1.794829438,2,2,2,4
8.999631936,0,1,39,8.999631936,-0.15185793,0.079033128,2,1,-0.17496534,1.231840771,1.281051268,0.364898961,-0.163669617,1.926699318,2.227686636,0.417936607,2,4,4,3
12.38826751,1,2,15,12.38826751,0.012895173,0.390492604,2,1,0.862712935,0.193333658,-0.47514637,0.629447215,1.250797105,0.20780748,-0.406277818,0.794223667,4,3,2,3
10.78278757,0,1,2,10.78278757,-0.46259073,-0.616567583,0,0,-1.467549174,-0.52061531,0.034762987,-0.358241445,-1.032748725,-0.447872652,0.035280771,-0.320629731,1,2,2,2
9.203571327,0,1,3,9.203571327,-1.148899814,0.282840766,2,1,-0.549606723,-0.86739097,-0.777931869,-0.467291031,-0.461098194,-0.694994194,-0.619274283,-0.407040184,2,2,1,2
6.394270872,0,0,4,8,0.03519081,-0.220862218,1,0,-2.352048318,-1.14102235,-0.856739991,-1.508228185,-1.476060874,-0.872297948,-0.670893734,-1.092128741,1,1,1,1
8.720130719,0,1,15,8.720130719,0.140173193,-0.089185047,1,0,0.902387363,-0.153651834,-0.016264073,1.525235804,1.33105451,-0.145775556,-0.016153268,2.640519019,4,2,2,5
12.78618974,1,2,12,12.78618974,0.024547891,-0.025400825,1,0,0.844142036,2.058949929,1.109010756,0.405351079,1.214044774,4.264407372,1.789523105,0.471235289,4,5,4,3
11.03194294,1,2,6,11.03194294,1.404057432,0.921221934,1,0,0.451973977,0.552690542,1.318100682,1.381944108,0.548539161,0.678156887,2.329329953,2.277304299,3,3,5,5
10.24233196,0,1,18,10.24233196,1.720851578,0.758727071,1,0,-0.702825708,-0.745717531,-0.134041149,-1.223892683,-0.568742943,-0.611540197,-0.127206262,-0.923547803,1,2,2,1
10.61571023,0,1,0,10.61571023,0.952759063,1.082637772,1,0,-1.192133524,-0.848272883,-0.341111136,-1.696471398,-0.876952573,-0.682087621,-0.302710704,-1.198328242,1,2,2,1
13.10393231,1,2,15,13.10393231,-0.490912533,-0.031938962,2,1,0.62692036,0.34184174,0.369719807,0.112814972,0.820606919,0.388212633,0.433088335,0.11767805,3,3,3,3
7.17387206,0,0,0,8,-0.056624939,0.362377274,2,1,0.346109496,-0.654898495,0.616790835,-0.085895633,0.401333726,-0.547073917,0.803816396,-0.083310509,3,2,3,2
10.53715247,0,1,1,10.53715247,-0.493257467,-0.519077446,0,0,-0.935537449,-0.388653061,-0.26555886,-1.342351391,-0.721185129,-0.345145499,-0.241127484,-0.995078689,1,2,2,1
11.53485089,1,2,1,11.53485089,-0.374640643,-0.690241821,1,0,1.452666336,-0.139388749,0.584436367,0.480644339,2.721723333,-0.132841555,0.751064871,0.574424805,5,2,3,3
10.03624953,0,1,36,10.03624953,0.036019514,-1.370737267,1,0,-0.340637939,-0.639315333,0.485949161,-0.068061146,-0.302332719,-0.535809456,0.5984819,-0.066415962,2,2,3,2
8.899769907,0,1,1,8.899769907,-0.844636487,-0.811908788,0,0,-0.980108305,-0.512389716,-0.85097205,0.060840167,-0.749086027,-0.44163067,-0.667161862,0.062242367,1,2,1,3
13.77037451,1,2,0,13.77037451,1.733811638,0.126934251,1,0,1.523635059,-0.039145514,0.24153603,0.318160271,2.944037797,-0.038588875,0.267775068,0.358172911,5,2,2,3
8.700546368,0,1,0,8.700546368,-0.89933136,-1.023521855,0,0,-0.43677376,0.515968374,0.802829102,0.16808099,-0.377305433,0.624664167,1.134110802,0.178975096,2,3,3,3
10.99554137,0,1,13,10.99554137,-0.542042361,0.054223297,2,1,-0.806270203,-0.19328871,0.0413828,-0.360651751,-0.637995087,-0.181157939,0.042117696,-0.322585175,1,2,2,2
10.27710705,0,1,14,10.27710705,-0.494375594,-0.973196634,0,0,-1.091700486,-0.680624116,-2.406667693,-1.575948947,-0.817337907,-0.565536619,-1.501224822,-1.130790878,1,2,1,1
7.733001055,0,0,5,8,1.440706177,-1.196564365,1,0,-0.598575147,0.555424172,-1.330814241,-0.830215841,-0.496216216,0.682191067,-0.956719498,-0.669828781,2,3,1,2
7.818446164,0,0,24,8,-0.391517005,-0.501377191,1,0,-1.662412756,0.371264506,-0.668495125,-1.720495895,-1.13710281,0.426226104,-0.545179127,-1.211605331,1,3,2,1
12.80542365,1,2,9,12.80542365,1.264480087,1.191934069,1,0,1.135868495,1.618134158,0.608743801,0.922161821,1.854389862,2.891602355,0.790571761,1.292891923,4,5,3,4
6.500326054,0,0,4,8,-0.377117964,0.696380253,2,1,-0.968739686,-0.476390619,-1.312334195,-0.442205124,-0.74200549,-0.41407057,-0.946250801,-0.387520725,1,2,1,2
8.300428787,0,1,0,8.300428787,-1.556494,1.176139554,2,1,-0.745576507,-1.303739414,-1.897278134,-0.926742835,-0.597672236,-0.971976998,-1.257392596,-0.734601607,1,1,1,2
6.045095456,0,0,2,8,-1.014087884,-0.726703966,0,0,-1.008474141,-1.129592563,-0.454242999,-1.799299285,-0.766647372,-0.865146737,-0.390558812,-1.254742759,1,1,2,1
9.503008316,0,1,5,9.503008316,-0.909147117,-0.420442399,0,0,-0.290716438,-0.530184275,0.677777383,0.339380354,-0.261917109,-0.455108748,0.906929212,0.385067403,2,2,3,3
7.819065447,0,0,18,8,0.759170403,-0.585170997,1,0,1.126520054,-1.352975375,-2.284082371,-1.627045785,1.831667607,-1.001399922,-1.444441064,-1.159617461,4,1,1,1
10.7738363,0,1,26,10.7738363,-0.100365836,1.835976511,2,1,1.134176629,2.098410514,1.625886304,1.570736072,1.850266176,4.402896609,3.284137715,2.761927028,4,5,5,5
13.96858352,1,2,18,13.96858352,1.173025948,0.026537039,1,0,0.213138275,0.569481242,0.448944616,0.737483035,0.233433941,0.703050908,0.544151215,0.96766294,2,3,3,4
9.425195563,0,1,12,9.425195563,-1.024688958,0.539763793,2,1,0.066011547,0.105524174,-0.283375533,0.955904487,0.06789228,0.109773855,-0.255880996,1.356414824,2,3,2,4
6.457807812,0,0,11,8,0.089671364,0.122128776,1,0,0.033096738,0.307563423,0.23179816,0.985905708,0.033565892,0.344889977,0.255908758,1.413994514,2,3,2,4
10.83235161,0,1,2,10.83235161,1.284344082,0.066649503,1,0,0.975941336,1.688048617,0.023024381,-0.29311599,1.486292913,3.0889635,0.023250897,-0.266943914,4,5,2,2
10.41610545,0,1,9,10.41610545,0.12387495,-0.110264037,1,0,2.099444081,1.935307359,0.997456947,1.378167692,5.203756559,3.847668232,1.533329803,2.268115467,5,5,4,5
8.859212874,0,1,25,8.859212874,0.662483421,-0.410585814,1,0,-0.522677143,-0.637175785,-0.441652059,-0.39941214,-0.441476359,-0.53425802,-0.381017327,-0.35373879,2,2,2,2
9.64993468,0,1,6,9.64993468,-0.206732328,-1.094380798,1,0,0.091891724,0.226452134,1.671625974,0.889597845,0.095558389,0.246418407,3.444155852,1.232814271,2,3,5,4
9.984877416,0,1,6,9.984877416,0.254061527,1.286623833,2,1,-1.205778334,-0.426938006,-1.426159512,0.389057117,-0.884927905,-0.375539892,-1.009992874,0.449589267,1,2,1,3
8.926147755,0,1,5,8.926147755,-1.050476274,0.238007259,2,1,-0.345033271,0.2269901,0.224288363,-0.122668949,-0.305840086,0.247053132,0.24682212,-0.117537291,2,3,2,2
12.72011417,1,2,2,12.72011417,0.798366615,1.169933766,2,1,0.710152022,-0.162614411,1.121118,1.424204826,0.963672789,-0.153847221,1.818607642,2.381460805,3,2,4,5
7.231228634,0,0,3,8,-0.26964155,-0.566556863,1,0,-0.117221335,-1.20706477,-0.744269029,0.074665744,-0.111926053,-0.913224269,-0.596794081,0.076782497,2,1,1,3
9.42956965,0,1,5,9.42956965,0.473697118,2.063771078,2,1,1.362775854,1.201062521,0.478979477,1.181780404,2.455500953,1.858435073,0.588126526,1.816281431,5,4,3,4
11.69577107,1,2,4,11.69577107,0.107996504,0.444951647,2,1,0.586796192,0.039614475,-0.734460739,-0.283252501,0.754867527,0.04020686,-0.590193297,-0.258663943,3,3,1,2
12.97474031,1,2,0,12.97474031,-0.521132669,1.659476135,2,1,-0.529368974,1.03870047,-0.90800737,0.705653776,-0.446373381,1.517875217,-0.70375792,0.915313702,2,4,1,4
11.03855774,1,2,3,11.03855774,1.507262341,0.899234534,1,0,-1.192757992,-0.640091867,-1.429463214,-0.804204583,-0.877318201,-0.536372247,-1.011817265,-0.652050229,1,2,1,2
12.68302534,1,2,6,12.68302534,-0.963182466,-1.125671881,0,0,0.313980315,0.005192714,0.066481195,1.026808273,0.35908379,0.005202834,0.068388995,1.49418877,3,3,2,4
10.87294707,0,1,8,10.87294707,-1.209280001,-1.542003838,0,0,-0.44375543,-0.72440698,-1.083706638,-0.103190078,-0.382615167,-0.59658891,-0.812521479,-0.099506846,2,2,1,2
10.54238313,0,1,9,10.54238313,1.743086204,0.067766291,1,0,0.252550464,-0.252865021,0.243271821,0.566795851,0.281311692,-0.232893886,0.269900231,0.699051042,2,2,2,3
6.760043162,0,0,10,8,-0.614805243,-1.82910317,0,0,-0.890826004,-0.872470711,-0.77213433,-1.119741337,-0.692804503,-0.698411133,-0.615421623,-0.858966635,1,2,1,1
12.84851566,1,2,1,12.84851566,0.138323274,0.072087038,1,0,0.75292369,0.041406944,-0.369414241,0.690692492,1.040835096,0.042054343,-0.325152002,0.891071223,3,3,2,4
9.193545531,0,1,0,9.193545531,-0.369702115,-0.830177242,1,0,-0.322013437,1.452806838,0.585314609,0.763555794,-0.287380815,2.453349138,0.752479262,1.011338005,2,5,3,4
8.665145607,0,1,14,8.665145607,-0.798665353,-0.704495119,0,0,-0.519932494,-1.479579847,0.208864364,0.264366128,-0.439463756,-1.075611151,0.228334651,0.291748527,2,1,2,3
8.425502238,0,1,1,8.425502238,0.269929871,0.443866059,1,0,0.844067254,-0.808449231,0.866614919,-0.488945448,1.213897816,-0.654961196,1.258584802,-0.423727683,4,2,4,2
10.17207812,0,1,8,10.17207812,-0.750238068,-1.21488685,0,0,-1.184969165,-1.040880153,-1.847429468,0.553445041,-0.872753483,-0.808925645,-1.232323233,0.67926962,1,1,1,3
10.27779617,0,1,16,10.27779617,-0.808702178,-0.676266459,0,0,-0.057740612,0.016653699,0.19092066,-0.592480069,-0.0563928,0.016757992,0.207120723,-0.501574289,2,3,2,2
6.755294286,0,0,20,8,0.147165857,-0.88234797,1,0,-1.027787295,-0.29801736,-0.714747288,0.020613485,-0.778519746,-0.271043339,-0.576855571,0.020773376,1,2,1,3
11.66317008,1,2,1,11.66317008,-0.428349686,0.660292634,2,1,0.207604778,1.327368258,1.219922222,0.99140338,0.226835237,2.146378092,2.065747698,1.424659229,2,5,4,4
9.441784999,0,1,5,9.441784999,0.260045535,0.390092373,1,0,0.210277916,-0.043833909,0.022711701,-1.151199684,0.230019202,-0.043138535,0.022932091,-0.878648346,2,2,2,1
14.29678603,1,2,7,14.29678603,1.448132196,1.737871068,2,1,-0.116968769,0.357092185,0.393699663,0.760564983,-0.111695246,0.407819671,0.465963964,1.006291466,2,3,3,4
8.103403915,0,0,32,8.103403915,-0.282990604,-0.558515024,1,0,1.826332752,2.788803173,1.588130761,1.51509733,4.023607377,7.29722571,3.155767044,2.613871946,5,5,5,5
9.594323051,0,1,5,9.594323051,0.367678156,-0.374119813,1,0,-0.024819198,0.518886479,-0.681158625,-0.692353474,-0.024563089,0.628867507,-0.553906445,-0.573900503,2,3,1,2
8.253900349,0,0,9,8.253900349,-1.498320032,-1.53776614,0,0,-0.511908218,-1.2721597,-0.608088094,-0.876525256,-0.433565925,-0.952930773,-0.502957448,-0.701134769,2,1,2,2
12.69460233,1,2,27,12.69460233,0.865255512,0.457883021,1,0,1.386599981,1.093145556,1.626661599,1.52021272,2.524430254,1.628478244,3.286808663,2.627298436,5,4,5,5
17.59405603,1,2,20,17.59405603,1.146413141,3.052523334,2,1,3.021525898,1.902586207,4.156267274,2.424618298,11.08444778,3.741648858,24.28764842,5.655019858,5,5,5,5
11.51033623,1,2,19,11.51033623,1.740919131,1.641919537,1,0,1.371603344,2.462325435,1.346529525,1.503663137,2.48090627,5.812638331,2.409156199,2.583995133,5,5,5,5
10.1736724,0,1,3,10.1736724,0.181207116,1.008540869,2,1,0.665713073,-0.994034237,0.187467313,0.932913471,0.886143445,-0.778702502,0.203073951,1.312991436,3,2,2,4
9.867014053,0,1,4,9.867014053,-0.372399525,-0.715199754,1,0,-1.627064663,-0.941530694,0.352455443,-0.243254995,-1.118498014,-0.744364763,0.409809325,-0.224659713,1,2,3,2
17.21648575,1,2,4,17.21648575,0.307605746,0.959568523,2,1,1.666556358,0.115595497,1.976350927,2.473408227,3.426173442,0.120703603,4.645612171,5.859492987,5,3,5,5
10.78308175,0,1,11,10.78308175,0.782658455,-0.651110007,1,0,1.342395162,0.445209207,2.205741229,2.242570904,2.397447095,0.525207231,5.722823735,4.932175213,5,3,5,5
9.097813322,0,1,16,9.097813322,-0.889984416,-0.771923119,0,0,-0.85966652,-0.963384572,0.607745786,-0.508375688,-0.672784499,-0.758718448,0.788934902,-0.438577262,1,2,3,2
9.548040778,0,1,4,9.548040778,-1.072885645,-0.586166429,0,0,0.239592356,-0.130944184,0.543935024,0.766038501,0.265398975,-0.12513144,0.686883541,1.015534424,2,2,3,4
6.175064193,0,0,10,8,-0.116678516,0.959984162,2,1,0.532420586,-0.398243038,-0.36822008,-0.673806793,0.669006297,-0.35280701,-0.324211699,-0.56065994,3,2,2,2
13.02138655,1,2,5,13.02138655,-0.390025499,0.798189127,2,1,0.06733048,1.061336747,0.592923535,0.742926673,0.069287723,1.563427079,0.764774008,0.976722367,2,4,3,4
13.35027564,1,2,0,13.35027564,1.249933782,0.88566445,1,0,1.0292931,1.83558509,0.863552704,1.442366101,1.604315833,3.529994331,1.252471211,2.426975868,4,5,4,5
11.32384726,1,2,3,11.32384726,0.82634264,0.2831006,1,0,-0.764981775,-0.83326021,-0.756320233,-0.772797103,-0.610657719,-0.671900311,-0.604872685,-0.630390224,1,2,1,2
6.015795631,0,0,13,8,-0.45744135,0.624634615,2,1,-0.854578664,-0.56102928,0.125979418,0.35253864,-0.669496181,-0.478252513,0.132926256,0.401943708,1,2,2,3
11.43216872,1,2,2,11.43216872,0.981621958,0.812316388,1,0,0.203749206,0.520756259,-0.346900032,0.476535675,0.222255221,0.631565087,-0.307327296,0.568657875,2,3,2,3
10.82365277,0,1,13,10.82365277,-0.027491832,-0.086361276,1,0,-1.355042397,-1.017043932,-1.133135458,-1.431928752,-0.970372733,-0.793595182,-0.842131392,-1.047916602,1,2,1,1
9.170197852,0,1,4,9.170197852,-1.747477465,-1.147145394,0,0,-0.795265478,-0.710562657,-1.444226087,-1.35474949,-0.63074687,-0.586819348,-1.019952593,-1.002454056,1,2,1,1
6.842364696,0,0,0,8,0.039090014,1.233868997,2,1,0.189423332,-0.335167662,1.610173516,0.154092969,0.205364674,-0.301799129,3.230309966,0.163228092,2,2,5,3
9.935444912,0,1,0,9.935444912,-1.956698068,-1.223985021,0,0,-1.693863481,-2.065506815,-2.14261745,-2.263052688,-1.153541309,-1.396112275,-1.377485209,-1.497095903,1,1,1,1
12.17124154,1,2,6,12.17124154,-0.687630239,-1.166403765,0,0,0.205298689,-0.301121592,0.568626216,-0.269984145,0.224094095,-0.273634546,0.72576835,-0.247460853,2,2,3,2
13.37015398,1,2,0,13.37015398,0.352715364,0.295261867,1,0,0.969777979,0.671006178,1.963081439,1.613292381,1.472956331,0.859524057,4.588078804,2.878204363,4,3,5,5
13.7979895,1,2,4,13.7979895,-0.474911962,1.241884823,2,1,-0.412677335,0.213129946,-0.050254873,-0.36930448,-0.358844244,0.230777228,-0.049227452,-0.329587212,2,3,2,2
11.95784822,1,2,2,11.95784822,-1.447190116,-1.417850663,0,0,-1.53066317,-2.141878637,-0.37176588,-0.214146704,-1.067037721,-1.435524941,-0.327002069,-0.199461197,1,1,2,2
11.46722313,1,2,11,11.46722313,0.71613212,0.179674946,1,0,0.269211305,-0.87132871,-0.12604341,-0.529215898,0.302021087,-0.697643404,-0.119962696,-0.454377685,3,2,2,2
6.936875538,0,0,7,8,3.348798852,2.224228732,1,0,1.910324502,1.657406553,1.59177248,2.202963836,4.364239335,3.00156238,3.168004831,4.783051122,5,5,5,5
14.1587896,1,2,2,14.1587896,0.156900751,-0.222435734,1,0,0.814042031,-0.246406762,-0.817307489,-0.909035719,1.155559507,-0.22736481,-0.645237469,-0.722856613,3,2,1,2
10.55803414,0,1,28,10.55803414,0.279632326,-0.105361638,1,0,0.243576488,1.316634743,1.661611337,0.776332896,0.270273554,2.121097492,3.408692606,1.033004723,2,5,5,4
6.80342326,0,0,1,8,-0.654218337,-1.417406573,0,0,-0.481555374,-0.018533272,-0.959144959,0.118603193,-0.411067449,-0.018406417,-0.736010667,0.123983258,2,2,1,3
12.31314032,1,2,2,12.31314032,0.900440035,-0.04055829,1,0,1.380998529,0.718450109,3.467421053,2.157432176,2.508119637,0.936232494,15.31195902,4.615114051,5,4,5,5
10.73297774,0,1,0,10.73297774,-0.122009552,0.70095878,2,1,2.013343093,-0.145117418,1.072451099,0.648084967,4.80866705,-0.138049652,1.703240981,0.823292175,5,2,4,3
9.380469372,0,1,3,9.380469372,0.777749798,1.233051431,2,1,-1.591398317,1.297322107,0.017121245,0.636659943,-1.099583877,2.075994538,0.017246328,0.805431504,1,5,2,3
13.37113428,1,2,30,13.37113428,0.976238243,1.721849118,2,1,0.623242292,0.880965706,0.962865375,1.957213257,0.814494925,1.217088655,1.458070881,3.919632069,3,4,4,5
11.32660967,1,2,16,11.32660967,0.647725784,0.710612998,1,0,0.629231547,1.765286896,1.033505564,0.353517492,0.824456458,3.315625294,1.613833914,0.403205278,3,5,4,3
13.34944026,1,2,0,13.34944026,0.959435229,0.491731589,1,0,0.682512478,0.742423369,1.638551903,0.997728745,0.91514041,0.975883446,3.327949345,1.436973227,3,4,5,4
9.695509357,0,1,0,9.695509357,-0.766326578,-0.971484081,0,0,-1.419531388,-0.975566785,-2.199299368,-1.4580901,-1.006328398,-0.766681736,-1.404503203,-1.063155952,1,2,1,1
7.761403256,0,0,4,8,-0.367745182,-0.532346009,1,0,0.712235336,-0.607379044,-1.094379164,-1.22700912,0.967372869,-0.512527982,-0.81894943,-0.925455106,3,2,1,1
11.78213909,1,2,13,11.78213909,-0.152045092,-1.06291398,1,0,-0.714296888,0.240657591,-0.064628774,0.912849284,-0.576549719,0.263260343,-0.062949841,1.275588861,1,3,2,4
13.35585671,1,2,9,13.35585671,2.212824685,1.09900798,1,0,0.517404507,-0.362274875,1.597975423,1.612768102,0.645934579,-0.32390077,3.188919985,2.876755678,3,2,5,5
12.15107187,1,2,15,12.15107187,0.393117052,-0.011894221,1,0,0.633946737,1.659328829,-0.891215093,-0.376325955,0.832331593,3.007003762,-0.693053221,-0.335248927,3,5,1,2
10.68684082,0,1,4,10.68684082,-1.213682978,-0.800521262,0,0,0.487574386,-0.108507968,1.551757774,-0.709999961,0.600904851,-0.104451199,3.035204087,-0.586421315,3,2,5,2
8.329744746,0,1,0,8.329744746,1.559933009,0.996647553,1,0,-0.886809876,-1.03307085,-0.66665564,-1.460829232,-0.690235457,-0.803913793,-0.54390792,-1.064746652,1,2,2,1
9.572996242,0,1,8,9.572996242,0.541271895,1.608674072,2,1,-0.378853277,-0.386887711,0.268592409,-0.234890164,-0.332564607,-0.343731578,0.301246745,-0.217458514,2,2,3,2
15.19186613,1,2,20,15.19186613,0.203169764,-0.054714714,1,0,0.644913827,1.018602389,0.741842122,0.578193878,0.850760253,1.477942308,1.020600223,0.716076941,3,4,3,3
10.68494213,0,1,7,10.68494213,-0.088686087,0.882273651,2,1,-1.048371205,-0.665734327,-0.137216577,-1.237351829,-0.791099579,-0.554870591,-0.130071302,-0.93177486,1,2,2,1
5.716710582,0,0,7,8,0.907954214,1.870393494,2,1,-1.501905038,-0.46947646,0.154712309,-1.219636641,-1.05147423,-0.408731058,0.165260208,-0.920940752,1,2,2,1
8.726137975,0,1,18,8.726137975,1.230416032,0.593335247,1,0,0.825158944,-0.189576635,0.368627001,1.659398557,1.177005156,-0.177878207,0.431605188,3.007201245,3,2,3,5
11.47970538,1,2,27,11.47970538,1.148432413,-0.515183525,1,0,1.077315808,0.61568425,0.769629153,0.854542878,1.714589324,0.772982309,1.071664606,1.169468758,4,3,3,4
5.396554948,0,0,4,8,0.308234167,-0.375091501,1,0,-0.796147692,-1.93688199,-2.087734243,-2.465629613,-0.631328946,-1.328610088,-1.351073544,-1.597564724,1,1,1,1
13.34287708,1,2,5,13.34287708,0.178714559,-0.020084889,1,0,1.356681784,0.745792499,0.623125622,1.082589967,2.438054467,0.98150429,0.814301335,1.606755713,5,4,3,4
11.13233186,1,2,19,11.13233186,0.303797336,0.608936501,2,1,1.997926172,1.804607778,1.309150729,1.379506885,4.740232147,3.434570386,2.304530334,2.271371797,5,5,5,5
11.49436513,1,2,17,11.49436513,0.968217624,0.737844032,1,0,2.105903184,-0.255671513,0.74590453,1.341009326,5.234294204,-0.235290803,1.027998263,2.178728092,5,2,3,5
11.45220365,1,2,5,11.45220365,0.451512408,-0.043525446,1,0,0.594435926,1.03594863,0.136595188,0.861475156,0.767226494,1.512379263,0.14478248,1.181887315,3,4,2,4
8.440014811,0,1,6,8.440014811,-2.045161417,0.231491191,2,1,0.319577735,-0.470122904,-0.33791916,0.087698691,0.36636551,-0.409230922,-0.300159175,0.090625225,3,2,2,3
8.527953906,0,1,25,8.527953906,2.579790743,0.800174159,1,0,1.337570027,0.660083616,-0.027976837,0.581426138,2.383824873,0.842191916,-0.027652306,0.720928361,5,3,2,3
9.046049683,0,1,24,9.046049683,-0.185269246,-0.382532686,1,0,0.926311932,-0.325979816,1.139318093,-0.005413405,1.380617193,-0.294243817,1.862813484,-0.005402465,4,2,4,2
15.03076682,1,2,12,15.03076682,0.52477311,-0.045242844,1,0,1.763205154,0.470149441,1.806896341,0.76294323,3.779856598,0.559725612,3.947458364,1.010303623,5,3,5,4
7.397373327,0,0,8,8,-1.015882072,-2.452717835,0,0,0.732572191,-0.331745575,-0.698555449,0.777527602,1.003804627,-0.298988944,-0.565828348,1.035039551,3,2,1,4
9.577796526,0,1,1,9.577796526,-1.19750456,-0.432092186,0,0,0.121304846,-0.870972692,0.395031329,0.783349891,0.127738656,-0.697404013,0.467808267,1.044977968,2,2,3,4
12.64438977,1,2,6,12.64438977,-0.362088622,0.95643764,2,1,0.390824991,0.183303473,0.989885996,0.839523166,0.461989376,0.196292883,1.516692879,1.142744195,3,3,4,4
8.353394678,0,1,16,8.353394678,-0.853724362,0.065394096,2,1,-1.375154915,0.584013812,0.22964351,0.425738088,-0.981645898,0.724819704,0.253295954,0.498659156,1,3,2,3
8.604567044,0,1,18,8.604567044,-0.158743142,-0.481540141,1,0,0.172849667,-0.45396164,-0.769868481,-0.904313524,0.186071856,-0.396693996,-0.613913765,-0.719714266,2,2,1,2
5.792967531,0,0,3,8,0.860107345,-0.610669525,1,0,-1.445883421,-1.521907627,-0.725742046,-0.963013707,-1.020864156,-1.099981394,-0.584306176,-0.758475596,1,1,1,2
11.78729069,1,2,5,11.78729069,1.080720762,1.276884199,1,0,0.921966486,1.028327215,1.041849524,1.063190335,1.371549091,1.497204795,1.632774441,1.567184306,4,4,4,4
10.72031477,0,1,0,10.72031477,0.021348261,-0.347622882,1,0,1.027243643,0.635896327,-0.236602629,-0.559810023,1.599695739,0.804242445,-0.216826111,-0.477342843,4,3,2,2
10.34777641,0,1,9,10.34777641,0.578439606,0.39403143,1,0,1.185294479,1.931684597,0.885471348,1.041009743,1.97711771,3.835843488,1.296542643,1.522494234,4,5,4,4
11.12705794,1,2,9,11.12705794,0.041279202,-0.188728915,1,0,1.234134548,-0.060566569,-0.177584767,-1.294157893,2.102767928,-0.059256217,-0.165970456,-0.966212858,4,2,2,1
14.6376986,1,2,8,14.6376986,0.384191803,1.833281789,2,1,1.476326279,1.908295305,1.405342825,1.365812144,2.794624306,3.760020356,2.57947626,2.238186746,5,5,5,5
7.685470757,0,0,11,8,0.378704108,0.632508653,2,1,-0.327620525,-0.611584014,-0.492802878,-1.368347186,-0.291897703,-0.515608713,-0.419439793,-1.010519683,2,2,2,1
7.784281598,0,0,7,8,1.031723896,0.194519169,1,0,-1.078676749,-0.765638639,-0.168858389,-0.19743529,-0.809485302,-0.625423184,-0.158290345,-0.184813512,1,2,2,2
12.42446867,1,2,1,12.42446867,0.583139577,-1.316834543,1,0,0.857440758,0.848355978,1.142952613,0.725682113,1.240310997,1.158430313,1.871711517,0.948130525,4,4,4,4
10.39278722,0,1,24,10.39278722,-0.516021031,0.512062121,2,1,0.223629115,-0.294602398,1.398317147,0.54377252,0.246027124,-0.268188171,2.558757492,0.665046465,2,2,5,3
7.800671989,0,0,12,8,-0.109991387,-0.112104501,1,0,0.403755824,0.229323859,0.115690789,-0.280613355,0.479940193,0.24980945,0.121535161,-0.256441561,3,3,2,2
9.93160342,0,1,1,9.93160342,-0.675706012,-1.168282061,0,0,-1.948182347,-0.858307812,-2.64360008,-2.457822585,-1.282750909,-0.688871401,-1.607983548,-1.593747036,1,2,1,1
9.508155774,0,1,10,9.508155774,1.11967337,0.492227544,1,0,-1.268406374,-1.088614354,-1.761318624,-1.089719752,-0.921171979,-0.839337192,-1.188443773,-0.840036971,1,1,1,1
10.64214958,0,1,5,10.64214958,-0.532288799,-0.970256004,0,0,-0.854098321,-0.397478543,0.408251878,-0.731294604,-0.669185448,-0.352197444,0.486225429,-0.60143265,1,2,3,2
10.96591116,0,1,8,10.96591116,-0.485663344,0.273605454,2,1,0.776412211,0.075484782,0.407748529,1.853162992,1.08429508,0.077648523,0.485520648,3.584822289,3,3,3,5
7.718711437,0,0,4,8,1.49123343,1.040527128,1,0,0.402640658,1.385294023,-0.067593657,-0.282188721,0.478384753,2.285471569,-0.065761638,-0.257768506,3,5,2,2
10.0465282,0,1,5,10.0465282,-1.110381228,-0.668394708,0,0,-1.168291752,-1.35057195,-0.510909241,0.081676142,-0.862947572,-0.999971205,-0.432830234,0.084211992,1,1,2,3
9.397007148,0,1,6,9.397007148,0.414812122,-1.375871195,1,0,-1.270499846,-1.631168916,-1.017310403,-0.29421456,-0.922373469,-1.161930964,-0.772087677,-0.267863604,1,1,1,2
12.26556229,1,2,4,12.26556229,0.983183714,1.451582639,2,1,-0.570661672,1.143747773,1.338006122,0.407170476,-0.476284895,1.734504816,2.385054135,0.473667259,2,4,5,3
9.931606158,0,1,17,9.931606158,-1.393592076,-0.802435017,0,0,-0.931146285,-1.042754708,-0.306486037,-2.011265633,-0.718415489,-0.810127147,-0.274801531,-1.367822613,1,1,2,1
10.20658101,0,1,3,10.20658101,-0.980508622,1.150467293,2,1,-0.180097749,-0.532008123,-1.503446031,-1.470300934,-0.168174175,-0.45648489,-1.052310737,-1.070240099,2,2,1,1
10.9455107,0,1,0,10.9455107,-0.718777488,-0.175771552,2,1,-0.842809791,-0.939180532,-1.607537749,-1.444263372,-0.661868693,-0.742815895,-1.108160608,-1.055112249,1,2,1,1
10.34292069,0,1,5,10.34292069,0.034163633,-1.170643358,1,0,-0.491151515,-0.909537497,-0.200602827,-0.427332233,-0.418213194,-0.723190265,-0.186025508,-0.375850244,2,2,2,2
8.52216088,0,1,5,8.52216088,-0.745861285,-1.049877498,0,0,-1.373215231,-1.201175587,-1.727470533,-2.039506224,-0.980561072,-0.909601512,-1.170989801,-1.382583022,1,1,1,1
9.397613927,0,1,19,9.397613927,-0.377291337,-1.72663356,1,0,-0.684966104,0.083965677,-1.382028948,-1.123387386,-0.556522313,0.086646708,-0.985486347,-0.861255753,1,3,1,1
11.66552363,1,2,2,11.66552363,-0.026318735,-0.950577108,1,0,0.305305011,-0.481071863,0.221333207,-0.328038127,0.347863217,-0.417677128,0.24326182,-0.295939269,3,2,2,2
10.74092367,0,1,0,10.74092367,0.135541796,1.867730751,2,1,0.003264028,0.818347193,-0.048238811,1.262861568,0.00326856,1.105486188,-0.047290559,1.99673142,2,4,2,4
9.143779941,0,1,18,9.143779941,0.023390502,-0.552552778,1,0,-0.393760225,0.463815212,-0.381184381,1.214316971,-0.344200392,0.550903822,-0.334389864,1.887684528,2,3,2,4
12.71105112,1,2,8,12.71105112,0.077966523,1.269593588,2,1,0.797945175,-0.346499636,0.445409527,0.061822508,1.124825435,-0.311072544,0.539044102,0.063270592,3,2,3,3
9.349275471,0,1,7,9.349275471,1.310872056,-0.336799088,1,0,-0.509491298,-0.375054611,0.869580419,-1.246607715,-0.431785447,-0.334225125,1.264518744,-0.937417408,2,2,4,1
13.49461923,1,2,6,13.49461923,-1.330992104,-0.488693675,0,0,-0.256810652,0.256265636,-0.365036393,-0.621464921,-0.233828501,0.281961355,-0.32170203,-0.522829451,2,3,2,2
12.95405035,1,2,7,12.95405035,-1.863537433,-1.243884055,0,0,0.363717293,-0.728838556,0.748155167,0.036924359,0.424957866,-0.59970669,1.032106792,0.03743879,3,2,3,3
9.040853038,0,1,14,9.040853038,-0.061191522,0.082448815,1,0,0.260119089,0.349431621,-0.681752221,-1.437275675,0.290684502,0.397944935,-0.554314512,-1.051038161,3,3,1,1
7.677229402,0,0,6,8,0.431590762,0.750959076,2,1,-0.531278422,-0.504378513,-0.579075985,-0.302589917,-0.447768116,-0.435531834,-0.482317024,-0.274858829,2,2,2,2
11.70391935,1,2,0,11.70391935,-1.640948667,-1.0153097,0,0,-0.129932982,-0.722175059,-1.736573527,-1.983292532,-0.123490447,-0.595016939,-1.175695513,-1.353133663,2,2,1,1
14.1239718,1,2,23,14.1239718,1.51354844,0.953782411,1,0,1.870219507,1.315694021,1.902279224,0.750444021,4.199221652,2.118889098,4.330783727,0.989284293,5,5,5,4
12.38980934,1,2,26,12.38980934,0.766459796,0.355499799,1,0,0.970668769,0.943980836,-0.206756841,-0.011019985,1.474880099,1.333818883,-0.191338666,-0.010974858,4,4,2,2
9.879347236,0,1,0,9.879347236,0.565872261,0.88847789,2,1,0.240477594,0.302984595,0.424846331,1.395600773,0.266480687,0.339180756,0.509620375,2.310695722,2,3,3,5
7.311876427,0,0,0,8,0.720633037,0.31036982,1,0,-1.130725588,-1.532965407,-1.168561708,-2.388546708,-0.840697175,-1.106313027,-0.863106649,-1.559684046,1,1,1,1
10.27712729,0,1,0,10.27712729,0.908759525,0.352294306,1,0,0.216009432,0.986497395,0.545502823,0.337344342,0.23686967,1.41514061,0.689330238,0.38246977,2,4,3,3
9.892997287,0,1,14,9.892997287,0.369669244,-0.450331843,1,0,0.072696304,0.2450203,0.644562184,1.415604474,0.074980805,0.268466845,0.85016693,2.360065846,2,3,3,5
4.862883387,0,0,0,8,-0.237823075,1.068033005,2,1,0.095875702,0.128311447,-0.877597178,-0.648749056,0.099870923,0.134618472,-0.684329677,-0.542636096,2,3,1,2
10.06654796,0,1,6,10.06654796,-1.370005956,-1.068054641,0,0,-1.25361517,-1.071542365,0.696440561,-0.591219746,-0.912664703,-0.82850419,0.939467744,-0.500644953,1,1,3,2
9.96059439,0,1,2,9.96059439,-0.338658514,0.180478731,2,1,0.232402552,0.921123546,-0.056985285,-1.344300742,0.256642496,1.290957896,-0.055671676,-0.996239671,2,4,2,1
12.09102263,1,2,6,12.09102263,1.279613345,-0.923623333,1,0,-0.184515111,0.146570109,0.974509873,1.386252502,-0.17203937,0.154824756,1.483190003,2.287811195,2,3,4,5
11.32169498,1,2,28,11.32169498,-0.32840276,-1.256402761,1,0,-1.002542523,-1.46454249,-0.017657465,-0.374608336,-0.762987394,-1.066901591,-0.017527021,-0.333865603,1,1,2,2
7.085813143,0,0,11,8,0.717002608,0.561583827,1,0,1.155140559,0.622634915,0.81496078,0.117392347,1.901721863,0.783686049,1.157325032,0.122662061,4,3,3,3
13.08523419,1,2,0,13.08523419,0.444461983,-0.220839565,1,0,-0.029970977,0.000647171,0.996153443,-0.781710781,-0.029599177,0.000647328,1.530458752,-0.636559337,2,3,4,2
8.046368189,0,0,2,8.046368189,0.03415892,-0.444000738,1,0,-0.015899766,-0.058109123,-1.016827983,-0.697311827,-0.015793835,-0.056900649,-0.771791027,-0.577426158,2,2,1,2
10.09341446,0,1,6,10.09341446,0.241482861,1.27952,2,1,1.653202036,0.571748972,1.437585312,0.338376075,3.379100156,0.706434167,2.675879774,0.383785643,5,3,5,3
8.685040522,0,1,4,8.685040522,0.671831952,-0.399104031,1,0,-0.401256149,-1.560455486,-0.87930775,0.283657564,-0.350019182,-1.121992228,-0.685427566,0.315282431,2,1,1,3
6.87327327,0,0,0,8,-2.844764362,-1.697700255,0,0,-0.678104744,-1.416350317,-0.727423824,-2.175540793,-0.551805616,-1.038801418,-0.585443209,-1.452745537,1,1,1,1
7.903329221,0,0,22,8,0.299861633,-0.024872176,1,0,-1.550886837,-0.058110892,-0.187896046,-0.944246338,-1.077923089,-0.056902346,-0.174990385,-0.746153218,1,2,2,2
9.930196152,0,1,11,9.930196152,0.050375235,-1.738901745,1,0,-0.428491222,-0.172799072,0.917282539,-0.986733448,-0.370983703,-0.162968394,1.361807502,-0.773957602,2,2,4,2
11.70794301,1,2,5,11.70794301,-0.352961305,0.179662064,2,1,-1.128343525,-0.542316999,-1.045193538,-0.148721745,-0.839278573,-0.464244955,-0.78916246,-0.141317306,1,2,1,2
10.15206894,0,1,31,10.15206894,0.443848218,0.138538212,1,0,0.628479438,1.936166448,0.657886478,0.656084918,0.823202979,3.850475489,0.872762151,0.835877098,3,5,3,3
10.39977238,0,1,1,10.39977238,-0.372548761,-0.190675583,1,0,-1.031747144,-0.168766813,1.845659275,0.403726118,-0.780945669,-0.159363623,4.100311381,0.469065767,1,2,5,3
6.676220477,0,0,17,8,0.307965329,-0.125778125,1,0,0.245436319,-1.290631202,-0.392076459,-0.757036313,0.272554512,-0.964088046,-0.342890405,-0.619439189,2,1,2,2
13.7862288,1,2,6,13.7862288,-0.556425306,0.119561513,2,1,1.068520036,-0.411095131,0.870770896,-0.033797394,1.69410012,-0.363023919,1.266904605,-0.033380693,4,2,4,2
10.51145118,0,1,12,10.51145118,0.000911136,0.158222914,1,0,-0.342714496,1.462309716,-0.767800985,0.048510524,-0.30399076,2.477485435,-0.612536861,0.049400157,2,5,1,3
8.379805578,0,1,6,8.379805578,-0.476666145,0.173442872,2,1,0.140541635,-0.93549384,-0.076276539,-0.965277255,0.149216878,-0.740384108,-0.073960164,-0.759957432,2,2,2,2
10.10213861,0,1,4,10.10213861,-0.475765452,1.214128816,2,1,0.38223916,1.459282074,0.343139202,1.438922096,0.450172895,2.469781858,0.397381528,2.418309545,3,5,3,5
9.070981552,0,1,29,9.070981552,0.042348021,-0.146061301,1,0,-0.438115785,-0.683123604,0.086730892,-1.447308593,-0.378327426,-0.567321741,0.089993322,-1.056885832,2,2,2,1
9.088317126,0,1,12,9.088317126,1.160108636,0.239665832,1,0,-0.03562063,-0.245416892,-0.606480728,-0.101892609,-0.035097995,-0.226515708,-0.501820214,-0.098297982,2,2,2,2
10.3343555,0,1,9,10.3343555,-0.130942011,0.08236007,1,0,-0.444921465,-0.010303386,-0.441323073,0.704019122,-0.383500277,-0.010263914,-0.380767269,0.912653716,2,2,2,4
8.898497536,0,1,9,8.898497536,-2.137272511,-1.086185844,0,0,-0.568000262,0.027343853,0.800433363,1.316398017,-0.474372594,0.027625516,1.129551702,2.120541654,2,3,3,5
8.803430301,0,1,1,8.803430301,-0.72008716,-1.169285473,0,0,-0.757682577,-1.934718592,-0.878959828,-1.606328128,-0.605783766,-1.327462214,-0.68520431,-1.147964453,1,1,1,1
11.08254041,1,2,9,11.08254041,-0.861991176,-0.339341645,0,0,1.328982546,0.674203252,0.5961429,0.567424696,2.359695696,0.864620297,0.76999799,0.699987068,5,3,3,3
8.262914145,0,0,9,8.262914145,-0.432111891,0.289732268,2,1,0.133364697,0.177479403,-0.364885737,-0.539806387,0.141163395,0.189644781,-0.321583168,-0.462357923,2,3,2,2
13.50059249,1,2,18,13.50059249,-0.207585034,-1.725167518,1,0,1.074639921,1.569224163,2.365285185,2.397051437,1.708342041,2.757844714,6.570986734,5.541531028,4,5,5,5
13.10359366,1,2,3,13.10359366,1.016833926,1.450043855,2,1,1.501604634,2.131742444,1.04447332,0.784552403,2.87384958,4.521990472,1.638754432,1.047035136,5,5,4,4
6.077005256,0,0,2,8,1.611725159,1.099440753,1,0,-1.458893926,-0.861400477,-0.57530663,-1.779183361,-1.028008062,-0.690957978,-0.479617399,-1.243790357,1,2,2,1
7.428367733,0,0,2,8,1.211162767,0.639539118,1,0,-1.621795719,-1.77338793,-0.842673896,0.31913804,-1.115712904,-1.240627506,-0.661780445,0.359403464,1,1,1,3
7.468127564,0,0,11,8,-0.652485654,-0.11955851,2,1,-2.030282866,-1.126362993,-1.041674999,-1.733485208,-1.323153058,-0.863122381,-0.787015462,-1.218759006,1,1,1,1
10.47800735,0,1,19,10.47800735,1.069003947,0.995552405,1,0,0.143645243,0.034811289,-0.320838095,0.468390509,0.152714474,0.035268366,-0.286432289,0.557272153,2,3,2,3
9.153976737,0,1,7,9.153976737,-0.835739266,-0.856689269,0,0,-2.153019271,-1.16591674,0.300031219,-0.603636451,-1.382462844,-0.887803048,0.341080695,-0.509782043,1,1,3,2
6.082264594,0,0,7,8,1.245148629,0.085229583,1,0,1.082335526,0.517948774,1.331749605,-0.823659059,1.726341696,0.627515916,2.367454578,-0.66536068,4,3,5,2
9.596171024,0,1,18,9.596171024,0.004718452,-1.075282406,1,0,-0.09242689,1.297353486,-1.005143745,-1.583486852,-0.089069826,2.076067422,-0.764593217,-1.135061772,2,5,1,1
12.27338023,1,2,16,12.27338023,-0.952779118,0.768869923,2,1,1.14677731,0.002184969,0.498206703,1.156125469,1.88110052,0.00218676,0.616833088,1.760920761,4,3,3,4
12.18969347,1,2,15,12.18969347,1.145153876,0.121488019,1,0,1.325099054,2.346557299,1.880242668,0.357860425,2.348831946,5.337425341,4.240053332,0.408812837,5,5,5,3
8.858350828,0,1,1,8.858350828,0.25532498,-0.852083118,1,0,-1.089449258,-1.766072448,-1.731830118,-0.986385781,-0.815982603,-1.236630302,-1.17324453,-0.77373141,1,1,1,2
9.525209311,0,1,11,9.525209311,-0.148591203,1.078098321,2,1,-0.253949907,-0.080191934,0.684640523,0.670515081,-0.231433691,-0.077929026,0.91884046,0.858742159,2,2,3,3
12.51199962,1,2,19,12.51199962,0.084961586,2.039088791,2,1,1.818860569,1.178851512,1.017974153,1.00769611,3.994215429,1.809919454,1.578886426,1.456472456,5,4,4,4
11.77371493,1,2,0,11.77371493,0.836700282,0.549732849,1,0,0.041628184,-0.055518378,-1.348275849,-0.073398476,0.042371863,-0.054413037,-0.966567707,-0.071492933,2,2,1,2
11.30588835,1,2,1,11.30588835,0.04783391,-1.056485318,1,0,-0.209103779,-0.107155429,-0.88974226,0.263960638,-0.19335963,-0.103195241,-0.692111578,0.291257279,2,2,1,3
7.388780279,0,0,21,8,0.673857419,-0.139370645,1,0,-0.136393474,1.045004861,-0.341910913,0.697843907,-0.129329248,1.530500287,-0.303349346,0.902630108,2,4,2,4
7.878871351,0,0,5,8,-0.294780433,0.440348004,2,1,-0.18173063,0.513792057,-1.05123638,-1.249466018,-0.169604212,0.621534625,-0.792844676,-0.939157389,2,3,1,1
11.33254737,1,2,9,11.33254737,0.659028014,0.405944509,1,0,-0.697649555,0.089902665,-0.410351317,-1.481984777,-0.565209452,0.092979269,-0.357050905,-1.077001532,1,3,2,1
8.297754731,0,0,54,8.297754731,0.647971454,0.370633738,1,0,0.659855864,-0.914234673,-0.284005143,-0.699160696,0.87612163,-0.726311253,-0.256399663,-0.578739292,3,2,2,2
8.181547426,0,0,9,8.181547426,-0.503222178,-0.059636308,2,1,-2.817081208,-1.696653044,-1.009803519,-0.373959985,-1.683852521,-1.198428854,-0.767466752,-0.333343159,1,1,1,2
8.309370886,0,1,4,8.309370886,1.27333234,1.598649619,2,1,1.187032633,1.528644503,2.120808509,0.57371695,1.981514011,2.649511158,5.305252283,0.709374307,4,5,5,3
9.195496939,0,1,20,9.195496939,1.044802434,0.212128071,1,0,-0.244838423,-1.564904806,-0.259995658,-1.246621318,-0.223779685,-1.124521769,-0.236490119,-0.937425691,2,1,2,1
9.000765775,0,1,44,9.000765775,-0.269460202,-0.713858848,1,0,0.158761823,0.085175242,0.469614772,-0.786303493,0.169879686,0.087934626,0.574302513,-0.639731131,2,3,3,2
11.46021475,1,2,8,11.46021475,1.315387928,-0.508497274,1,0,-1.216757479,-1.55285721,-0.64362456,-0.509342834,-0.891324402,-1.117667196,-0.527915905,-0.439313398,1,1,2,2
8.521942922,0,1,3,8.521942922,-0.173303906,0.43376425,2,1,0.179429943,-1.665545707,-1.890240024,-0.603832106,0.193700062,-1.18114815,-1.253867439,-0.509925688,2,1,1,2
9.544527513,0,1,6,9.544527513,-2.07609638,-0.702397361,0,0,0.14627642,0.33577548,0.188156822,-0.959673667,0.155686748,0.380470641,0.203881022,-0.75628732,2,3,2,2
8.688773577,0,1,2,8.688773577,0.428670995,0.72434559,2,1,-1.647536391,-1.988130011,-0.804905275,-1.437339848,-1.129289759,-1.355678781,-0.637097565,-1.051075604,1,1,1,1
7.981864354,0,0,1,8,-1.165706931,-2.241765409,0,0,-0.26314538,-0.44682764,-0.232714315,-0.789731693,-0.239117471,-0.391132952,-0.213531401,-0.642095699,2,2,2,2
7.857082734,0,0,3,8,-0.82212481,-0.58855143,0,0,0.465136683,0.114992173,-0.725607363,0.490163335,0.567728273,0.120046591,-0.584215088,0.587846776,3,3,1,3
9.003363175,0,1,5,9.003363175,-0.210113129,-0.506119262,1,0,1.262176899,0.69508441,0.435213014,0.625949427,2.176928126,0.898163652,0.524393642,0.788807293,4,4,3,3
8.807448948,0,1,2,8.807448948,1.141904668,0.692305832,1,0,0.389107083,-0.561401697,0.301057112,-0.825501727,0.459618532,-0.478530285,0.342397798,-0.666617269,3,2,3,2
8.975517801,0,1,6,8.975517801,-1.084331749,-0.196919487,2,1,-1.155695346,-1.953833699,-0.015638781,0.045012784,-0.855512014,-1.337589823,-0.015536275,0.045778306,1,1,2,3
13.38722389,1,2,4,13.38722389,3.1166487,1.005319031,1,0,0.92326795,1.524205778,-0.837801585,1.143260658,1.374261909,2.637805085,-0.6586138,1.733469131,4,5,1,4
12.73907892,1,2,9,12.73907892,1.563011132,1.840935669,2,1,0.34492834,-0.397420402,1.551718444,0.368357339,0.399760973,-0.352151077,3.035075348,0.422435764,3,2,5,3
10.66043244,0,1,0,10.66043244,-0.626646597,-0.503113944,0,0,-0.071800586,-0.989109879,0.603476901,-0.627600433,-0.069740562,-0.775503127,0.781947789,-0.527300245,2,2,3,2
7.919939644,0,0,3,8,-1.212283477,-2.601252665,0,0,0.573321618,-0.913502025,0.503790912,0.138410023,0.733248435,-0.725824732,0.625252586,0.14576118,3,2,3,3
14.12593512,1,2,22,14.12593512,1.382889098,1.392099978,1,0,2.674085515,1.218704885,0.863235831,0.629819712,8.472996868,1.897416896,1.25183939,0.794801209,5,4,4,3
11.46012175,1,2,2,11.46012175,1.9471944,2.219581021,2,1,-0.247520392,0.925763241,0.438566597,-0.808642486,-0.226036862,1.299609894,0.529198967,-0.655093639,2,4,3,2
5.015120672,0,0,2,8,0.678398418,-0.151281773,1,0,-1.132976119,0.460719308,0.218717391,0.556845518,-0.842036592,0.546605743,0.240117562,0.684291503,1,3,2,3
8.982297018,0,1,5,8.982297018,0.069304797,-0.814976574,1,0,-0.809332967,0.781830686,-0.396379286,0.084334981,-0.640007519,1.042381244,-0.346235896,0.087039813,1,4,2,3
8.634989363,0,1,1,8.634989363,1.54530207,1.549197824,1,0,0.65181324,1.054936818,0.147297043,0.048684622,0.86243429,1.550486102,0.156841434,0.049580679,3,4,2,3
11.75270262,1,2,9,11.75270262,-0.305381218,0.934199315,2,1,0.169574222,0.917353076,0.455849498,0.248824795,0.182290257,1.28394481,0.554168195,0.273020292,2,4,3,3
8.713580127,0,1,7,8.713580127,-0.458497314,0.778157353,2,1,-0.263997953,1.459812502,0.640110382,0.282975529,-0.239827833,2.471130562,0.842669439,0.314444964,2,5,3,3
11.24701778,1,2,0,11.24701778,-0.504348845,-1.103309332,0,0,-0.710283959,-1.520386392,0.169673509,0.07946901,-0.573822442,-1.099109222,0.182404736,0.08186878,1,1,2,3
15.95903765,1,2,7,15.95903765,1.573092394,0.924427866,1,0,0.602518028,1.153753063,0.918265564,0.98899694,0.780381545,1.755842913,1.363849155,1.419986732,3,4,4,4
8.071171779,0,0,3,8.071171779,0.341110791,-0.216131338,1,0,-0.414674805,-0.391809037,-0.847385683,-0.740258584,-0.360382672,-0.347670439,-0.66483789,-0.607720189,2,2,1,2
10.97637093,0,1,1,10.97637093,0.519398408,0.441782783,1,0,-0.328884859,0.659231013,1.612057661,1.453370257,-0.292914357,0.840844104,3.236734044,2.454776647,2,3,5,5
14.9727872,1,2,0,14.9727872,-0.209240413,0.966867397,2,1,0.677046172,-0.46593574,-1.006044207,-0.028936101,0.905663879,-0.405990825,-0.765148813,-0.02862946,3,2,1,2
9.109620403,0,1,7,9.109620403,0.794235702,0.703092518,1,0,-0.858978312,-1.100312754,0.478459093,0.319676689,-0.672340027,-0.846732841,0.587355646,0.360081727,1,1,3,3
11.23907302,1,2,0,11.23907302,-1.59467081,1.044520923,2,1,-1.78098232,-1.854357771,-1.602961869,0.360036619,-1.198529344,-1.284518219,-1.105731935,0.411629034,1,1,1,3
7.123536948,0,0,7,8,-1.029435141,1.108912374,2,1,-0.839505918,0.72439966,-0.054448444,-1.24478835,-0.659722075,0.946016656,-0.053246642,-0.936309265,1,4,2,1
12.46864628,1,2,38,12.46864628,0.055287249,0.434379878,2,1,2.065975738,1.410914772,1.657078963,1.429529371,5.047551427,2.348442212,3.392722073,2.394757699,5,5,5,5
4.63152631,0,0,1,8,-0.393839245,-0.004881996,2,1,-0.983023434,-0.032561014,-0.310187374,-0.194638461,-0.750897689,-0.032173861,-0.277809665,-0.182348793,1,2,2,2
9.152807812,0,1,1,9.152807812,0.601970602,0.222720787,1,0,0.646055069,0.429931684,-0.147565299,0.427019842,0.852686967,0.504347435,-0.139365928,0.500396039,3,3,2,3
6.609575236,0,0,5,8,-0.869562315,-1.445377291,0,0,-0.567150258,-0.580912441,-0.157383278,-0.853720165,-0.473761396,-0.493028296,-0.148124681,-0.685772615,2,2,2,2
8.010836518,0,0,0,8.010836518,-1.460504064,-0.148955507,2,1,-1.2825069,0.148114371,-0.335117534,0.041638561,-0.929252298,0.156546033,-0.297916162,0.042293249,1,3,2,3
6.439772656,0,0,13,8,0.580220665,-0.330248518,1,0,-1.15566622,-1.069704349,-0.853415247,-1.019400031,-0.855494792,-0.827335009,-0.668743483,-0.795114898,1,1,1,2
10.71475465,0,1,41,10.71475465,-0.20876307,0.843622643,2,1,1.56441987,2.144161854,1.928517365,0.795353279,3.076832274,4.566864176,4.4405515,1.065582119,5,5,5,4
13.35638351,1,2,11,13.35638351,-0.633088864,0.659445032,2,1,1.523319063,1.224126462,1.414730463,2.399907812,2.943023457,1.909475877,2.607320425,5.553222404,5,4,5,5
9.325349093,0,1,3,9.325349093,-0.164277794,1.213444523,2,1,-1.558895594,-0.996286911,-0.341871122,-0.213536435,-1.082220417,-0.780164636,-0.303317578,-0.198928654,1,2,2,2
10.49556733,0,1,0,10.49556733,0.57826637,1.119834507,2,1,0.736889015,-0.359719183,0.05832241,0.300726025,1.01161118,-0.321828855,0.05978788,0.336371307,3,2,2,3
13.37006355,1,2,3,13.37006355,-2.628976499,-0.527377794,0,0,-1.445006031,-0.655483003,-1.409148109,-2.126002914,-1.020381619,-0.547495238,-1.000576351,-1.427371615,1,2,1,1
8.665531559,0,1,2,8.665531559,0.143737379,-0.625546913,1,0,-1.492416262,-1.399719394,-0.118819177,-1.372131572,-1.046316978,-1.029036555,-0.113385294,-1.01276012,1,1,2,1
6.792497463,0,0,16,8,-1.280289116,-1.85071989,0,0,1.239455286,-1.732424468,1.003563147,0.562263516,2.116724782,-1.218175468,1.546815999,0.692316156,4,1,4,3
11.0104344,1,2,5,11.0104344,0.029184158,-0.137964706,1,0,-2.146626044,0.521026897,-1.712536316,-0.939517041,-1.37940451,0.631955821,-1.163250853,-0.743037734,1,3,1,2
10.95156154,0,1,1,10.95156154,2.189994972,1.196916818,1,0,-0.919563079,-0.259486072,0.21036612,-0.824745924,-0.711091337,-0.238543091,0.230124381,-0.666101943,1,2,2,2
8.789363934,0,1,29,8.789363934,0.46134735,0.728632124,2,1,0.267953207,0.02464965,-0.271255682,0.389120939,0.300447407,0.024878439,-0.245861018,0.449673584,3,3,2,3
11.80262097,1,2,1,11.80262097,-0.772272476,-1.610746889,0,0,-1.209233668,-1.035637012,0.206615117,-1.429366657,-0.886942985,-0.805561854,0.225658235,-1.046419573,1,2,2,1
8.229999777,0,0,13,8.229999777,0.171991076,0.452726688,2,1,-0.27948208,0.930432757,-1.09267761,-0.531097434,-0.252669547,1.308342222,-0.817925897,-0.455797873,2,4,1,2
9.771204561,0,1,13,9.771204561,0.210621084,-0.454489988,1,0,-0.609423014,-0.089794284,0.230706561,0.22288637,-0.503901367,-0.086977407,0.254584469,0.242217425,2,2,2,3
7.930112902,0,0,11,8,-2.036021336,-0.269155958,0,0,-0.376300585,0.241494456,1.170034529,1.141577241,-0.330563406,0.264257822,1.938756796,1.729892169,2,3,4,4
9.245560939,0,1,7,9.245560939,0.00588632,0.66219447,2,1,0.010643214,-0.304338185,-0.165173332,0.543430285,0.010691477,-0.276315379,-0.155034089,0.664544879,2,2,2,3
8.60761355,0,1,1,8.60761355,-1.524298062,-0.65474543,0,0,0.199219117,-0.253623378,-0.660855394,1.003861063,0.216892526,-0.233541913,-0.539893725,1.448956128,2,2,2,4
9.728068952,0,1,6,9.728068952,0.980050764,-0.081878753,1,0,0.255070642,0.455463411,0.253978148,1.479634899,0.284426176,0.539329389,0.283075262,2.5218149,3,3,3,5
9.46294491,0,1,0,9.46294491,-0.635464738,0.283141284,2,1,-0.824708947,-0.704810704,1.501409588,0.862452797,-0.650078973,-0.582747065,2.873232945,1.183642952,1,2,5,4
10.87512314,0,1,1,10.87512314,-0.444233488,0.244344766,2,1,1.762987922,0.63457076,1.276649803,1.353852427,3.779035501,0.802179744,2.215788648,2.209413087,5,3,4,5
6.626837083,0,0,1,8,1.24257265,2.038377737,2,1,-0.956316179,-1.20645906,-0.716729196,-0.199193403,-0.734239874,-0.912851902,-0.578200821,-0.186360891,1,1,1,2
8.161665207,0,0,2,8.161665207,0.244696339,0.234806431,1,0,-0.62171213,-0.034418305,-0.338536658,-1.214543388,-0.512567437,-0.033986366,-0.300653108,-0.917817372,2,2,2,1
10.87910113,0,1,3,10.87910113,-1.233160241,-0.835850107,0,0,-0.605678732,0.311079069,1.280509142,1.324563879,-0.501252517,0.349285917,2.226219149,2.139758184,2,3,4,5
10.92856781,0,1,39,10.92856781,0.839444239,-0.442843365,1,0,0.35166313,-0.240810388,0.214045427,0.09790815,0.408748743,-0.222558466,0.234518593,0.10156192,3,2,2,3
9.856696442,0,1,38,9.856696442,0.597858798,1.184379294,2,1,1.680849389,1.256264431,-0.57334006,1.54082265,3.477031471,1.981733721,-0.478207272,2.681773207,5,4,2,5
3.503095887,0,0,2,8,-0.903164549,0.283600667,2,1,-0.547517347,-1.350780347,-2.05480433,-1.966601638,-0.459583829,-1.000095117,-1.33510482,-1.344336267,2,1,1,1
10.12780025,0,1,14,10.12780025,1.170010337,0.744318044,1,0,1.097328513,0.933561274,0.465053614,0.339804771,1.761701745,1.314206668,0.567606542,0.385609353,4,4,3,3
10.08784279,0,1,9,10.08784279,0.049171523,-0.544127642,1,0,-2.05692028,-0.663432625,-0.937466464,-0.668280962,-1.336133698,-0.553216909,-0.722400621,-0.55669871,1,2,1,2
10.47374365,0,1,2,10.47374365,-1.680340286,-2.072815391,0,0,-0.756773488,-1.387122588,-2.528335044,-0.196908764,-0.605175852,-1.021616807,-1.556520001,-0.184349803,1,1,1,2
9.073922226,0,1,12,9.073922226,0.11524811,1.371323765,2,1,-0.132219446,0.91385409,0.047432209,0.349696386,-0.125559828,1.277451101,0.048399031,0.398285356,2,4,2,3
10.38500085,0,1,2,10.38500085,-0.825244776,0.455222249,2,1,-0.4167449,-1.557944278,-0.440559424,0.688293399,-0.361975476,-1.120563549,-0.380186679,0.887205375,2,1,2,4
6.719281477,0,0,0,8,0.010504483,0.884017204,2,1,-1.426147187,-1.97421861,-1.905278784,-2.135635747,-1.009986065,-1.348354068,-1.261394182,-1.432321214,1,1,1,1
7.936276672,0,0,8,8,-0.85716023,-1.187807658,0,0,0.055933623,-0.001523094,-0.420764166,-1.137599905,0.057280753,-0.001522225,-0.365063528,-0.870158797,2,2,2,1
11.09342538,1,2,2,11.09342538,0.808325234,-0.063253339,1,0,1.409448919,0.522246075,0.546541725,1.323690476,2.591632559,0.633716881,0.690953203,2.137698598,5,3,3,5
9.447628567,0,1,8,9.447628567,-0.81652728,-0.344173803,0,0,0.744979359,-0.469977535,-0.607231551,-0.204729075,1.026311415,-0.409118527,-0.502351523,-0.191223183,3,2,2,2
12.48542947,1,2,11,12.48542947,1.167865823,-0.484963282,1,0,0.626659338,1.406553581,0.983621232,-0.260667478,0.820172592,2.337659894,1.502996566,-0.239549057,3,5,4,2
9.995711726,0,1,14,9.995711726,-1.474985034,-1.200417863,0,0,0.841965967,1.976597266,-0.24569155,-1.215450402,1.209771855,3.983976685,-0.22449807,-0.918373868,4,5,2,1
10.79976432,0,1,3,10.79976432,0.121320137,0.736306286,2,1,1.152230573,1.664072702,1.531928599,1.604477757,1.894532498,3.020455981,2.970739322,2.853901711,4,5,5,5
10.09601708,0,1,11,10.09601708,-1.460216298,-0.395936404,0,0,-1.141186368,-0.851547539,0.098955462,-1.152643364,-0.846915967,-0.684303596,0.10321455,-0.879547861,1,2,2,1
9.624049617,0,1,3,9.624049617,-0.496263908,0.556960195,2,1,1.487798765,2.102652284,0.720780188,0.765716159,2.830407983,4.417944311,0.982611059,1.014989213,5,5,3,4
12.27553877,1,2,1,12.27553877,1.804480653,2.257214647,2,1,0.600069942,2.648790508,0.361368185,0.881610454,0.776388093,6.633621667,0.421786666,1.218260347,3,5,3,4
11.7819388,1,2,4,11.7819388,-0.210136898,-0.314111329,1,0,1.50071829,0.471662739,0.292447389,0.359827812,2.871048084,0.561838766,0.331378143,0.411358634,5,3,3,3
8.480767313,0,1,3,8.480767313,0.367291124,2.76584939,2,1,-0.125316652,-0.507587221,1.007873891,-0.204559273,-0.119302496,-0.437976916,1.556373444,-0.191074257,2,2,4,2
11.1786929,1,2,1,11.1786929,-0.028828428,0.824209091,2,1,0.99269331,0.176520734,0.833537658,0.757242607,1.522850996,0.188553135,1.193288153,1.0006966,4,3,3,4
8.228972716,0,0,14,8.228972716,-1.201935722,-0.769378561,0,0,-1.83593801,-1.641435812,0.521712517,-1.376518586,-1.226510068,-1.167683705,0.652525791,-1.015354987,1,1,3,1
10.98573471,0,1,9,10.98573471,-0.649532478,-0.512103502,0,0,-1.136697949,0.146804543,-1.42417333,-0.844546444,-0.844249846,0.15508594,-1.008895374,-0.679563257,1,3,1,2
11.77695337,1,2,1,11.77695337,-0.924399648,-0.560297726,0,0,0.129818786,0.242183179,0.122453623,1.098058729,0.137202148,0.26507917,0.129011635,1.63863532,2,3,2,4
8.238853288,0,0,0,8.238853288,0.652122095,-0.383080268,1,0,0.34800341,0.321180448,0.100998763,0.42716206,0.403858676,0.361976594,0.105437679,0.500588848,3,3,2,3
10.11151742,0,1,5,10.11151742,1.317159329,0.549578751,1,0,0.719765874,1.871042571,0.662966902,0.923898163,0.980796983,3.641100281,0.881439033,1.296128999,3,5,3,4
9.800712678,0,1,2,9.800712678,-0.804594783,-0.300890332,0,0,-0.66511176,0.043453591,0.235885106,0.623476675,-0.542840309,0.044166813,0.260877452,0.784985608,2,3,2,3
10.22963116,0,1,2,10.22963116,-1.897102557,0.355266799,2,1,0.621377544,0.318055571,-0.05432854,-0.00428884,0.811402865,0.358041192,-0.053131905,-0.004281967,3,3,2,2
11.20912943,1,2,49,11.20912943,0.659389578,-0.57058395,1,0,0.296700978,1.161515202,1.503249278,1.966668115,0.336812697,1.772482911,2.879052429,3.950938841,3,4,5,5
9.209603693,0,1,1,9.209603693,1.61490126,1.178963091,1,0,-0.154642681,-0.233726817,0.363942728,-0.139326175,-0.145685485,-0.21645447,0.425262509,-0.132784569,2,2,3,2
10.99100461,0,1,1,10.99100461,-1.63932632,-0.653810306,0,0,1.000852772,-0.477786854,0.779531904,0.737808224,1.540822334,-0.415146989,1.090126078,0.96820325,4,2,3,4
11.42823627,1,2,12,11.42823627,-0.086329144,-0.195642049,1,0,-0.52855413,0.425312695,0.249491921,0.338257684,-0.44577784,0.498083046,0.277540513,0.383634599,2,3,2,3
6.415592605,0,0,11,8,0.59355337,-0.205676142,1,0,-1.408861251,-0.315805146,0.998026851,0.384862848,-1.00041724,-0.285838234,1.534585923,0.444056182,1,2,4,3
7.250545381,0,0,11,8,0.089004277,0.150164202,1,0,-0.557116307,-0.764590941,-0.65882869,0.929134704,-0.466530108,-0.624695262,-0.538488999,1.305912278,2,2,2,4
12.41294837,1,2,22,12.41294837,0.310588095,0.472861517,1,0,2.600260001,-0.123183958,1.128206396,-0.007505551,7.984899753,-0.118011041,1.835755012,-0.007484557,5,2,4,2
8.258109908,0,0,2,8.258109908,0.071978354,-0.047207193,1,0,-1.044123861,-0.861358074,-0.791200036,-0.055355241,-0.788509979,-0.690929382,-0.628062248,-0.054256247,1,2,1,2
8.477097499,0,1,10,8.477097499,-1.575354626,-0.86418998,0,0,-1.065196725,1.235120217,-0.034490779,0.281591973,-0.801326958,1.934044329,-0.034000298,0.312747334,1,4,2,3
8.832368431,0,1,11,8.832368431,-0.048041202,0.898914071,2,1,0.408961844,-0.698657444,0.382324237,0.626736303,0.487219993,-0.578381945,0.450289584,0.790024712,3,2,3,3
8.052685189,0,0,7,8.052685189,0.28531543,0.043430441,1,0,-0.362062571,-1.425117682,0.521606051,-1.057845594,-0.31935413,-1.04393509,0.652362629,-0.819778004,2,1,3,1
8.547388635,0,1,0,8.547388635,-1.243275892,1.31417906,2,1,-0.27253925,0.948042395,-0.296928481,-1.899922802,-0.246925435,1.341497416,-0.267005901,-1.308941254,2,4,2,1
8.538457437,0,1,19,8.538457437,0.883669445,1.782802206,2,1,0.234500745,-0.539736008,-0.086059209,0.91517797,0.259192552,-0.462304998,-0.08313386,1.279906437,2,2,2,4
11.53687055,1,2,10,11.53687055,0.421657575,0.666794588,2,1,0.38315438,-0.152021876,0.858859181,0.610794072,0.451428612,-0.144303037,1.24312808,0.765480557,3,2,4,3
10.09853389,0,1,7,10.09853389,-2.863754776,0.004842445,2,1,-1.37101337,-1.866847399,-1.715689659,-0.048886887,-0.979329005,-1.291232125,-1.164886882,-0.048025383,1,1,1,2
7.226400152,0,0,30,8,-0.194146057,1.404883655,2,1,0.381292094,-0.039092548,1.082194587,0.428293002,0.448874455,-0.038537392,1.726011135,0.502122769,3,2,4,3
10.64083081,0,1,5,10.64083081,0.271365554,1.080060025,2,1,-0.270239406,0.490298308,-1.436232483,-0.637706293,-0.245017707,0.588037706,-1.015551049,-0.534642813,2,3,1,2
13.63599364,1,2,3,13.63599364,0.634277877,0.401218312,1,0,-0.421032794,1.436752591,0.836930372,-1.111170937,-0.365269707,2.412858757,1.199910855,-0.853577489,2,5,3,1
9.79183298,0,1,12,9.79183298,0.283891666,-1.096908863,1,0,1.287732047,-0.204917392,0.757228362,0.929595516,2.245817531,-0.19138833,1.048741715,1.306774694,5,2,3,4
14.07612262,1,2,21,14.07612262,0.591142264,-0.615026124,1,0,-0.300263126,0.646034138,0.312445062,0.116204267,-0.269730428,0.820076411,0.357092344,0.121366839,2,3,3,3
9.656135801,0,1,4,9.656135801,-0.156391576,0.907716885,2,1,-1.095030575,-0.38900813,0.962799678,1.687450166,-0.819341143,-0.34542975,1.457929776,3.087242937,1,2,4,5
9.988651037,0,1,16,9.988651037,0.362328837,0.581113907,1,0,-0.845021641,0.580260769,0.286342764,-1.136656724,-0.663304477,0.719178031,0.323611454,-0.869568952,1,3,3,1
9.45890516,0,1,0,9.45890516,-0.510582358,-0.241702565,0,0,-1.304857188,-0.158941182,-0.672413822,-1.004477869,-0.942001554,-0.150544261,-0.547884248,-0.785473532,1,2,2,2
9.994117174,0,1,11,9.994117174,0.511819943,-0.755079574,1,0,-0.693687857,0.764546606,-0.431540366,-0.971161577,-0.562500418,1.013011949,-0.37331387,-0.763805245,1,4,2,2
10.83563788,0,1,10,10.83563788,-0.563986088,-1.363502995,0,0,0.321246627,1.212635914,0.04394953,1.793299642,0.368542989,1.883962455,0.044778913,3.400114741,3,4,2,5
8.859517712,0,1,7,8.859517712,-1.428936714,-2.052382076,0,0,-0.950731425,-1.999884524,-1.171794765,0.45638586,-0.730739343,-1.361854549,-0.865010893,0.540604581,1,1,1,3
6.651580318,0,0,8,8,-0.71447782,0.711242465,2,1,-1.501721,-1.086907724,-1.281932945,-0.718360527,-1.051374308,-0.838256408,-0.928923955,-0.592327622,1,1,1,2
10.50826523,0,1,9,10.50826523,-0.620939463,-0.496622143,0,0,-0.368947487,-0.866979807,-0.339676052,-0.295717685,-0.32478454,-0.694717395,-0.301564085,-0.269121166,2,2,2,2
9.117976804,0,1,0,9.117976804,1.819960117,0.981784777,1,0,0.986912216,0.433149766,-0.210374028,-0.010383907,1.510183544,0.508723476,-0.194452238,-0.010343819,4,3,2,2
9.205596029,0,1,4,9.205596029,-0.473523029,0.123274516,2,1,-1.06043668,-0.152084945,0.209706432,0.535387131,-0.798438584,-0.14436004,0.229337919,0.652789285,1,2,2,3
6.216497425,0,0,2,8,0.315950831,-1.941046094,1,0,-0.203463115,-0.109896916,0.765037543,0.429002652,-0.188497491,-0.105739853,1.06315172,0.503085884,2,2,3,3
9.373085648,0,1,28,9.373085648,-0.37826993,-1.178367916,1,0,-0.165461357,-0.302804354,-0.385024732,-0.871413298,-0.155288879,-0.275037552,-0.337392243,-0.69770028,2,2,2,2
8.237022214,0,0,11,8.237022214,0.083349397,-0.961508933,1,0,-0.534630823,-0.905141934,0.69209447,0.768725966,-0.45021408,-0.720265836,0.931848659,1.020084333,2,2,3,4
11.8250125,1,2,28,11.8250125,0.129651086,1.796137897,2,1,-0.185818922,-0.010897507,-0.093844886,0.554467874,-0.173178136,-0.010853373,-0.090387944,0.680778975,2,2,2,3
10.51676725,0,1,16,10.51676725,-0.175585552,-0.098765241,1,0,0.450147059,-0.559036232,-1.365028269,-0.84259133,0.545891654,-0.476765311,-0.975976696,-0.678237684,3,2,1,2
8.539035565,0,1,8,8.539035565,-0.077723227,-0.763296757,1,0,0.406811637,-0.460799445,-0.509215752,-0.012300974,0.484209585,-0.40200861,-0.431582341,-0.012244805,3,2,2,2
11.12520322,1,2,3,11.12520322,1.891037458,-0.365814393,1,0,-0.980315107,-1.543684777,-1.259068647,-1.055901756,-0.7492146,-1.112437292,-0.915805049,-0.818537046,1,1,1,1
7.218520014,0,0,17,8,-0.063854809,1.561569104,2,1,-0.865137655,-0.565663889,0.06594277,-0.216208751,-0.676314414,-0.481706506,0.067819556,-0.201259301,1,2,2,2
6.283458708,0,0,8,8,0.431290057,-0.691962891,1,0,-0.076883136,0.227865427,-0.573357111,-0.647592318,-0.074530935,0.248086414,-0.478219503,-0.541800252,2,3,2,2
7.624743725,0,0,10,8,-0.780929341,-0.937429692,0,0,0.051285543,0.09095947,-2.358080946,-0.01652318,0.052416853,0.094109383,-1.478850856,-0.016422185,2,3,1,2
8.611613375,0,1,7,8.611613375,0.38371312,0.291305556,1,0,0.900120527,-1.160495235,1.101237698,0.373168422,1.326404315,-0.884434497,1.770985124,0.428712514,4,1,4,3
13.23225964,1,2,8,13.23225964,0.386886306,-1.098961153,1,0,1.396616573,-0.941882981,0.023774624,-0.613955386,2.553757841,-0.744596848,0.024016185,-0.517344007,5,2,2,2
8.388215398,0,1,13,8.388215398,-0.783470885,0.875202645,2,1,1.034200649,0.655820292,0.724536772,0.283220553,1.615407298,0.835459769,0.989341921,0.314745781,4,3,3,3
11.29125024,1,2,5,11.29125024,-0.130326812,-0.570448925,1,0,-1.286438788,0.134995865,0.229167576,-0.01173352,-0.931500346,0.141984878,0.252719444,-0.01168239,1,3,2,2
10.53648259,0,1,3,10.53648259,-1.979986519,0.816356948,2,1,1.243506166,-0.944596222,1.73672091,0.857144139,2.127386411,-0.746383543,3.680630474,1.174122454,4,2,5,4
7.419401487,0,0,0,8,0.437898988,-0.959485816,1,0,-1.457433208,-0.37328289,-1.870949563,-1.467413692,-1.027207066,-0.332797389,-1.244181369,-1.068566701,1,2,1,1
9.476146321,0,1,8,9.476146321,-1.60119713,-0.635912161,0,0,-0.788089425,-1.800461916,-1.131523174,-0.184268616,-0.626005607,-1.25537455,-0.841171958,-0.173176475,1,1,1,2
8.749686675,0,1,3,8.749686675,-0.281009095,-0.640454974,1,0,-0.705104549,0.15824034,-0.196874279,0.469203258,-0.570296447,0.167880438,-0.182796548,0.558405462,1,3,2,3
10.61334803,0,1,8,10.61334803,1.121686705,0.426554105,1,0,-1.062165785,0.712127462,0.192310346,0.658398678,-0.799488253,0.925875253,0.208752475,0.839529048,1,4,2,3
9.555368377,0,1,9,9.555368377,0.476956488,-0.400049447,1,0,-0.867947105,0.461122154,0.215457628,0.720604141,-0.678124586,0.547164513,0.236208731,0.939770574,1,3,2,4
12.60006199,1,2,29,12.60006199,0.055747289,0.789300202,2,1,0.114991957,1.067598355,2.174475869,2.064082021,0.120764991,1.576135965,5.566455548,4.28226642,2,4,5,5
14.65832542,1,2,5,14.65832542,-0.077252293,0.759273235,2,1,1.818428384,1.447063729,0.496978466,1.05081616,3.992519902,2.438823298,0.614986217,1.542179895,5,5,3,4
14.14673702,1,2,0,14.14673702,0.349058791,0.227991097,1,0,0.481224606,0.141205277,1.189742917,1.030952665,0.591456035,0.148859896,1.988380119,1.502424361,3,3,4,4
8.934494614,0,1,0,8.934494614,-0.366482255,0.82782702,2,1,-0.085095648,0.177081704,0.041050788,-0.079135648,-0.082233217,0.189191826,0.041773883,-0.0769302,2,3,2,2
10.77580677,0,1,5,10.77580677,-0.443292685,-0.47025819,1,0,-0.314514695,-0.217855538,-0.738340091,0.688160623,-0.281318931,-0.20269385,-0.592806803,0.886991596,2,2,1,4
9.588679943,0,1,19,9.588679943,0.246742602,0.480226833,2,1,0.641022889,1.111189348,1.088499096,-0.090360211,0.844204128,1.665924923,1.74083123,-0.087508922,3,4,4,2
9.264271279,0,1,2,9.264271279,-0.16061079,0.524150927,2,1,0.085193012,0.400334317,-0.601541671,-0.040275625,0.088339638,0.464545026,-0.498321172,-0.039686911,2,3,2,2
10.79830899,0,1,19,10.79830899,0.725141078,0.353562959,1,0,-0.053123884,-0.472976335,0.830114608,0.937586545,-0.051978571,-0.411435757,1.186623415,1.321768519,2,2,3,4
7.971106153,0,0,7,8,0.071904318,-0.711940867,1,0,-1.541924921,0.055145561,-0.388252356,-1.315661199,-1.073105342,0.056296466,-0.339911169,-0.979131421,1,3,2,1
9.169653687,0,1,5,9.169653687,1.066674028,0.249828745,1,0,-0.300199341,-0.119500923,0.378619513,-0.691625641,-0.26967836,-0.114619745,0.44521564,-0.573382476,2,2,3,2
13.15531486,1,2,14,13.15531486,1.003647049,-0.26414711,1,0,1.053691174,0.226621393,0.318471279,0.945011595,1.659854804,0.246618083,0.364923491,1.335765782,4,3,3,4
8.169092534,0,0,75,8.169092534,0.703278263,-0.637627006,1,0,0.963461201,0.856519485,1.145689912,1.904940721,1.459350914,1.173004255,1.878428486,3.749219074,4,4,4,5
11.86366747,1,2,1,11.86366747,1.165813052,1.325420786,1,0,1.686328598,2.996272315,-0.095063713,0.360168505,3.496659074,8.358944139,-0.09151984,0.411799841,5,5,2,3
11.61409931,1,2,3,11.61409931,1.38432351,0.26701853,1,0,0.724328739,-1.299301262,-1.601900069,-0.343441332,0.98896867,-0.969308627,-1.105168038,-0.308574666,3,1,1,2
11.1391552,1,2,11,11.1391552,0.509023786,0.447346751,1,0,1.671760143,0.532008598,1.272682312,1.374457696,3.444632602,0.647869954,2.205095743,2.259107081,5,3,4,5
5.460587383,0,0,1,8,0.552202486,3.400615099,2,1,-1.170783447,-1.82313137,-1.597592032,-1.390033224,-0.864415413,-1.267667064,-1.102878824,-1.023333037,1,1,1,1
6.558487994,0,0,3,8,-1.044298495,-1.118008136,0,0,-0.586685043,-0.451176551,-0.296126533,0.77775969,-0.487753965,-0.394524963,-0.266349937,1.035435022,2,2,2,4
8.999517865,0,1,6,8.999517865,-0.147661718,-0.93087163,1,0,-0.026239334,-0.726426584,0.27337595,-0.20730693,-0.025953431,-0.598010343,0.30724195,-0.193482384,2,2,3,2
10.20948827,0,1,14,10.20948827,0.089066335,-0.464735482,1,0,0.703577395,1.679906072,0.106994515,0.463995743,0.952034656,3.065600023,0.111983109,0.551154731,3,5,2,3
10.9909726,0,1,2,10.9909726,-0.268143013,0.534182534,2,1,1.112048833,0.582044445,0.323317288,0.412005205,1.796797218,0.721857571,0.371248775,0.480144444,4,3,3,3
12.06924501,1,2,22,12.06924501,-0.633234653,-0.77715642,0,0,-0.068860435,0.910944112,0.188959839,-0.659870688,-0.066961086,1.272061077,0.204821536,-0.550655194,2,4,2,2
10.37224084,0,1,11,10.37224084,-1.547183378,-0.931698953,0,0,-0.568510237,-0.156393177,-0.846450208,0.218312551,-0.474739189,-0.148248916,-0.664231246,0.236844367,2,2,1,3
8.436344535,0,1,7,8.436344535,1.28507152,-0.275720021,1,0,0.854885028,0.29000223,1.103612324,1.35979013,1.235242734,0.323092191,1.776637232,2.223674421,4,3,4,5
10.72077927,0,1,3,10.72077927,-0.50774973,0.31858882,2,1,-1.878456085,0.113136463,-0.695875296,-0.693590817,-1.247954738,0.118027559,-0.563996695,-0.574780875,1,3,1,2
9.439364423,0,1,0,9.439364423,-0.954690841,-1.038284847,0,0,-0.058549116,0.335334676,0.516433461,0.817556875,-0.057164228,0.379909335,0.644451977,1.104105139,2,3,3,4
10.09663296,0,1,7,10.09663296,-1.226956833,-0.082891213,2,1,-0.737293428,-1.795362893,-0.06622709,0.829945982,-0.592102029,-1.252602678,-0.064466415,1.125832925,1,1,2,4
6.925818039,0,0,9,8,0.912236255,-0.349605102,1,0,0.149899228,-1.00431937,-1.428772909,-1.221037464,0.159789864,-0.785370915,-1.011436177,-0.921799123,2,2,1,1
8.913383277,0,1,10,8.913383277,-0.486813842,0.002869996,2,1,-0.607038662,-0.944635721,0.437521948,-0.681342028,-0.502215043,-0.746409543,0.527700718,-0.566049505,2,2,3,2
11.11230313,1,2,71,11.11230313,0.509823737,0.33680306,1,0,0.849420655,-0.058484805,0.623687777,0.615467583,1.224439034,-0.057261011,0.815234275,0.772649428,4,2,3,3
11.60371491,1,2,1,11.60371491,-0.301536125,-0.201405007,1,0,1.221352463,-0.370336587,0.709626267,1.096745491,2.069456113,-0.330420576,0.962739956,1.635917564,4,2,3,4
7.564314928,0,0,15,8,0.235473058,-0.111695724,1,0,1.328419032,-0.112687736,1.300206352,1.783417994,2.358117454,-0.108325751,2.279903212,3.370170309,5,2,5,5
10.80448618,0,1,6,10.80448618,-0.819254605,-1.664724056,0,0,0.268951806,0.35024418,0.056458715,-0.799170208,0.301696363,0.398989882,0.057831425,-0.648592673,3,3,2,2
11.76614944,1,2,1,11.76614944,1.193711757,1.401645773,1,0,0.501599783,0.216213095,1.245956537,0.152035086,0.621944516,0.234383892,2.133850651,0.160924813,3,3,4,3
8.94281411,0,1,1,8.94281411,-0.941401001,-0.627763774,0,0,-2.348162716,-0.423381284,-1.165563972,-0.9285958,-1.474262437,-0.372737512,-0.861339527,-0.735827217,1,2,1,2
13.34977039,1,2,46,13.34977039,0.295511747,1.078084538,2,1,0.338899452,0.899542023,1.302162728,0.930678394,0.391756641,1.251033626,2.285276452,1.308802266,3,4,5,4
11.76860429,1,2,17,11.76860429,0.283117736,-0.619051188,1,0,-0.102679072,-0.495907955,-0.348484759,-0.147651712,-0.098569585,-0.429062087,-0.308588686,-0.140347956,2,2,2,2
4.742426372,0,0,4,8,-0.727696835,0.464481438,2,1,-0.827587779,-0.457423684,-1.612615389,-1.11410572,-0.65195884,-0.399386726,-1.110852813,-0.855424229,1,2,1,1
7.882609589,0,0,13,8,0.865599336,1.314608638,2,1,-1.256598421,-0.84986021,-0.358876836,-1.916466359,-0.91438313,-0.683162046,-0.316834974,-1.317760832,1,2,2,1
10.41821718,0,1,12,10.41821718,-1.08836176,-1.170861775,0,0,-0.711249884,-0.120812202,-1.540187292,-1.004199281,-0.574479273,-0.115828041,-1.072170125,-0.785293162,1,2,1,2
5.399479539,0,0,8,8,1.436283711,1.798088363,2,1,0.154339665,0.081694302,-0.714458018,-0.573380456,0.164835894,0.084231288,-0.576659143,-0.487444004,2,3,1,2
13.93658087,1,2,15,13.93658087,1.725888704,0.002865765,1,0,-1.63420856,-0.315290179,-0.179972311,-0.121041758,-1.122269243,-0.285411709,-0.168064258,-0.116039468,1,2,2,2
10.3430125,0,1,0,10.3430125,0.674005527,1.186374292,2,1,0.380756107,0.054080327,-0.462333181,-0.967373885,0.448140048,0.055187002,-0.396660337,-0.761329161,3,3,2,2
9.550888277,0,1,5,9.550888277,0.741147932,0.092754241,1,0,-0.64802727,-0.373226923,-1.179438986,-0.258933227,-0.530983974,-0.332752269,-0.869506718,-0.238072133,2,2,1,2
10.47482499,0,1,0,10.47482499,-0.968791279,-1.37580738,0,0,-0.278140984,-1.187250715,-1.161687881,-0.695524552,-0.251561745,-0.901014989,-0.859052512,-0.576155992,2,1,1,2
8.918369039,0,1,0,8.918369039,1.502781538,1.95844424,2,1,-0.275140843,0.205738865,-0.871798308,-0.085328458,-0.249080479,0.222163332,-0.680603282,-0.082776273,2,3,1,2
11.76450982,1,2,27,11.76450982,1.459509236,0.935115705,1,0,-0.677807625,0.288183474,0.724343251,-0.421840236,-0.551601093,0.320849907,0.988994707,-0.371521971,1,3,3,2
9.210833614,0,1,32,9.210833614,0.398983459,-0.341341751,1,0,0.922263689,-0.599890973,0.288522121,0.370231187,1.372168359,-0.507030233,0.326379737,0.424878005,4,2,3,3
12.21320798,1,2,7,12.21320798,1.032939693,-0.156655435,1,0,-0.88971997,-0.283679668,-0.03366736,-0.956056582,-0.692097323,-0.259023377,-0.033199687,-0.753915225,1,2,2,2
9.844295567,0,1,4,9.844295567,0.722833424,-0.102370584,1,0,-0.334128283,-1.483414289,-0.434488919,-2.416935874,-0.29712337,-1.077827657,-0.375563972,-1.573683898,2,1,2,1
10.87964549,0,1,4,10.87964549,0.23273942,-0.25966477,1,0,0.302222955,0.472660795,0.737713583,0.38366533,0.343895912,0.563233615,1.013105267,0.442479325,3,3,3,3
10.19796286,0,1,47,10.19796286,-0.863541641,1.028568119,2,1,1.21666403,1.179232573,0.24582568,-0.570419356,2.057313878,1.810746563,0.273032478,-0.485244303,4,4,2,2
9.745394314,0,1,5,9.745394314,-0.847687837,-1.584997818,0,0,-0.62286011,-1.221976599,-0.807651551,-0.237992947,-0.513374818,-0.922374428,-0.638902981,-0.220133387,2,1,1,2
7.119217188,0,0,30,8,-0.715295459,-1.589717277,0,0,1.592494263,-0.149502333,-0.271895119,-0.038201956,3.170433975,-0.142024057,-0.246391376,-0.037671431,5,2,2,2
14.24487534,1,2,21,14.24487534,1.17557563,1.099921498,1,0,-1.529168909,-1.931378323,1.428753493,0.770266396,-1.066231504,-1.325689072,2.649256189,1.022695771,1,1,5,4
7.288721601,0,0,6,8,-0.586098596,0.46919436,2,1,-2.105728938,-0.729295927,-0.042123643,-0.730458611,-1.359760884,-0.600028209,-0.041396812,-0.600845323,1,2,2,2
12.93799097,1,2,8,12.93799097,-0.581290021,-0.25497289,0,0,1.839894738,1.446869099,1.826404419,1.270785231,4.077329351,2.438331831,4.023889988,2.014819504,5,5,5,4
9.725626717,0,1,27,9.725626717,0.918084538,1.013865664,1,0,0.628411824,0.281919934,0.980665602,0.838418673,0.823090328,0.313149594,1.496556863,1.140788765,3,3,4,4
13.40823254,1,2,0,13.40823254,-0.375781971,-0.003566167,2,1,-0.664980707,0.167054088,-0.112181442,0.328962139,-0.542749656,0.177813655,-0.107312628,0.371813855,2,3,2,3
12.28229239,1,2,61,12.28229239,0.02457401,-0.648561601,1,0,0.324001997,0.11702367,-0.479501927,0.046896137,0.372144502,0.122260016,-0.409534355,0.04772732,3,3,2,3
4.898646029,0,0,0,8,-0.048736862,-0.219358255,1,0,0.422489099,-2.137818344,0.997605869,-0.30239719,0.506278186,-1.433441639,1.53365799,-0.274698185,3,1,4,2
7.807029683,0,0,9,8,0.504584507,-0.342923742,1,0,0.589368888,-0.716016138,-1.037453485,-0.300809242,0.759021203,-0.590673092,-0.784436615,-0.273373996,3,2,1,2
13.29944584,1,2,37,13.29944584,0.168947773,-1.825813743,1,0,1.043870569,0.464588808,0.948721304,0.772326666,1.637379659,0.551979211,1.42785056,1.026192432,4,3,4,4
14.17714893,1,2,0,14.17714893,0.769021083,0.922382667,1,0,-0.805783698,-1.804512393,-1.440548333,-1.480716348,-0.637675229,-1.257574604,-1.017928513,-1.076268292,1,1,1,1
11.62862013,1,2,79,11.62862013,2.446147842,2.144095552,1,0,2.338182094,2.089502033,2.232557916,2.046677344,6.420808326,4.371395783,5.859453338,4.22188393,5,5,5,5
10.90842093,0,1,7,10.90842093,1.737239348,1.325748768,1,0,-0.685527575,-0.460846849,0.745562239,-0.199949326,-0.556907746,-0.402045401,1.02737403,-0.187025741,1,2,3,2
11.11087562,1,2,3,11.11087562,-1.386911326,-0.740057077,0,0,-0.239792894,-0.929462904,-2.12700925,-0.908696148,-0.219523686,-0.736400524,-1.369999477,-0.722630792,2,2,1,2
10.30511365,0,1,4,10.30511365,-0.753312182,-0.025154786,2,1,0.142676007,0.610809571,-0.598659574,-2.135700336,0.151621228,0.765504297,-0.496276158,-1.432354376,2,3,2,1
11.86312251,1,2,4,11.86312251,1.055360036,1.759131938,2,1,0.223415674,-0.674243138,1.500495134,1.135386651,0.245769825,-0.560972415,2.870343021,1.716768457,2,2,5,4
10.45967064,0,1,5,10.45967064,0.099148206,0.8783383,2,1,-0.412053807,1.285418593,1.018281236,0.091204394,-0.358363707,2.048439548,1.57957353,0.094371421,2,5,4,3
9.181181356,0,1,15,9.181181356,-1.80752873,-0.66062647,0,0,0.547111935,-1.124495252,-0.425569998,-0.938264702,0.691844545,-0.861950893,-0.368748132,-0.74221204,3,1,2,2
9.834233238,0,1,1,9.834233238,-0.792346683,-1.37893065,0,0,0.572249012,-0.56577461,0.03911496,-0.030288177,0.73153728,-0.481788948,0.039771169,-0.029952575,3,2,2,2
9.483005152,0,1,7,9.483005152,-1.546625582,-0.232884278,0,0,-0.260707643,-1.425609573,-0.647412636,-0.170901237,-0.237084439,-1.044222827,-0.530555975,-0.161272807,2,1,2,2
14.12413384,1,2,2,14.12413384,1.286515551,2.179710124,2,1,1.314674161,1.804406301,1.690849512,1.973688902,2.319816708,3.433954724,3.512908902,3.974282445,5,5,5,5
9.301094465,0,1,36,9.301094465,-0.328278879,-0.168090863,1,0,0.988031817,0.7658964,0.78512397,0.775332458,1.512632568,1.015294059,1.100612882,1.031301947,4,4,3,4
13.23142223,1,2,8,13.23142223,0.442649664,-0.027978217,1,0,0.367229532,0.169815532,0.510422329,1.035441809,0.429710458,0.180938837,0.635299374,1.511368026,3,3,3,4
13.15555805,1,2,14,13.15555805,-0.869664247,0.479288746,2,1,0.05198478,0.924820678,1.830873651,0.359360479,0.053147339,1.297850243,4.041540796,0.410753594,2,4,5,3
14.96072776,1,2,3,14.96072776,1.855107079,-0.929185945,1,0,-0.574980835,-0.178747328,-0.133200469,-0.12892347,-0.479383867,-0.168270789,-0.12644672,-0.123280594,2,2,2,2
12.97934977,1,2,7,12.97934977,-0.388586015,-0.674064206,1,0,-0.709656559,-0.368383004,-0.077358986,-0.745900574,-0.573395683,-0.328842844,-0.074978501,-0.611668167,1,2,2,2
9.907715456,0,1,11,9.907715456,1.289751998,1.067579344,1,0,-0.248754501,0.304177284,0.839159782,-0.167895537,-0.227074317,0.340666134,1.204271993,-0.158583612,2,3,3,2
8.70908777,0,1,10,8.70908777,-0.889678094,-0.261599175,0,0,0.132357009,0.816990248,-1.132836068,-0.863975233,0.140036485,1.103115397,-0.841953264,-0.692693657,2,4,1,2
6.810344542,0,0,1,8,-0.649340079,-0.197425135,2,1,-0.210838831,0.354948219,0.797073552,0.174771418,-0.194851827,0.405050769,1.123171914,0.186563106,2,3,3,3
8.731029863,0,1,9,8.731029863,-0.739083299,-1.117771985,0,0,-0.42638877,-0.145467366,-0.396484718,-0.795104576,-0.369375039,-0.13836722,-0.346317781,-0.645796466,2,2,2,2
10.74788611,0,1,10,10.74788611,-0.665437075,-1.157882801,0,0,-0.165798053,0.6011969,0.876210555,-0.01807568,-0.155586665,0.750827297,1.277833545,-0.017954967,2,3,4,2
10.87823987,0,1,7,10.87823987,1.430932906,0.663134328,1,0,1.718339269,2.668171497,2.155540464,1.231011571,3.612795729,6.723018548,5.473265118,1.924844338,5,5,5,4
8.843747821,0,1,3,8.843747821,-0.949677704,-0.926364052,0,0,-1.721912023,-0.628662603,-0.596783916,-0.824100831,-1.168112111,-0.528073225,-0.494943993,-0.665662008,1,2,2,2
11.31698277,1,2,0,11.31698277,-0.964948536,-0.966241925,0,0,-1.187666679,-0.910769741,-1.741105966,0.726970277,-0.874335456,-0.724009427,-1.178035293,0.950255542,1,2,1,4
10.27782489,0,1,16,10.27782489,1.195509205,0.841297467,1,0,0.229449935,-0.166836654,0.060600124,-0.731469903,0.253061445,-0.157635115,0.062183137,-0.601555787,2,2,2,2
7.227380489,0,0,2,8,2.10836504,0.284151879,1,0,-1.959599193,0.308231897,-1.095151933,-0.02331716,-1.288405478,0.345725004,-0.819414111,-0.023117142,1,3,1,2
6.722565704,0,0,20,8,-1.053912047,-0.347201042,0,0,0.783650499,0.215546484,0.847031668,1.114482426,1.09784535,0.23360342,1.219729694,1.672802061,3,3,4,4
9.061555606,0,1,13,9.061555606,-2.577482124,-1.761341682,0,0,-1.240281941,-0.945381279,-0.431137927,-2.279873537,-0.904968335,-0.746900254,-0.373006517,-1.505552983,1,2,2,1
7.951954009,0,0,4,8,0.991237574,0.621267092,1,0,0.011242968,-0.398152907,-1.136161149,0.338275461,0.011296831,-0.352735155,-0.843930768,0.383657278,2,2,1,3
12.46665397,1,2,1,12.46665397,2.070095389,2.428100475,2,1,2.126187427,0.626400047,0.605067835,0.593672702,5.331027084,0.789504396,0.78454904,0.739403056,5,3,3,3
9.143650623,0,1,4,9.143650623,1.743350617,1.633897174,1,0,0.183726096,1.221959016,0.114283582,0.243129543,0.19870286,1.904650413,0.119984762,0.266208425,2,4,2,3
14.92598166,1,2,5,14.92598166,-0.20958812,-0.264019935,1,0,0.426539936,0.631311332,0.337205707,1.474742429,0.512025533,0.7971153,0.389514932,2.509253983,3,3,3,5
10.35848776,0,1,3,10.35848776,1.294150989,0.207006542,1,0,1.052581167,-0.247410331,1.206858792,0.260212208,1.657306343,-0.228225215,2.032051925,0.286722706,4,2,4,3
10.23633757,0,1,6,10.23633757,0.113920456,0.44164824,2,1,-0.16015661,0.314544937,1.148397589,1.271856921,-0.150588537,0.353630157,1.885085898,2.01727222,2,3,4,4
11.26381748,1,2,1,11.26381748,0.959480909,-0.548580386,1,0,-0.62679031,-0.562229523,-0.431938754,-0.044822858,-0.516136181,-0.479147588,-0.37361807,-0.04409632,2,2,2,2
11.19255557,1,2,2,11.19255557,0.148572997,1.613393008,2,1,0.016303372,0.336077825,1.138649365,0.780908652,0.016416767,0.380855737,1.861178858,1.040806448,2,3,4,4
9.252104707,0,1,2,9.252104707,0.457127961,0.869126523,2,1,1.270463209,0.008368684,1.065606656,1.308391817,2.199128161,0.008394984,1.687342632,2.101786624,4,3,4,5
10.67085903,0,1,17,10.67085903,1.094872606,0.353522578,1,0,0.180166439,0.120218632,0.763884851,-0.412489067,0.194556438,0.125747734,1.061019295,-0.364128591,2,3,3,2
8.733419095,0,1,8,8.733419095,-0.944659502,-1.419205181,0,0,0.007094777,-0.311179119,0.280342776,-0.148858648,0.007116205,-0.282002887,0.316015451,-0.141441283,2,2,3,2
10.00722367,0,1,24,10.00722367,1.025786206,0.510725064,1,0,0.622556641,0.398679168,1.26225993,0.061039646,0.81335748,0.462342765,2.177149925,0.062451104,3,3,4,3
11.02158831,1,2,15,11.02158831,0.2630616,1.145835318,2,1,1.31126647,-0.369928832,-0.491421937,1.06736484,2.310378667,-0.330091385,-0.41841412,1.575661164,5,2,2,4
8.989150081,0,1,8,8.989150081,1.579327758,0.193830921,1,0,0.051149194,-0.437124225,-0.252524507,0.936813527,0.05227446,-0.383542143,-0.230238971,1.320314897,2,2,2,4
11.5819545,1,2,8,11.5819545,-1.170413888,-0.073193804,2,1,-1.072436477,0.286221231,0.343776121,-0.117267095,-0.805712476,0.318433919,0.398228197,-0.112559087,1,3,3,2
12.61209484,1,2,4,12.61209484,-0.615670393,0.483080575,2,1,-0.567267709,0.117980853,0.140327157,-0.45455539,-0.473845863,0.123304055,0.148975507,-0.397156083,2,3,2,2
9.841357323,0,1,14,9.841357323,-0.086527038,1.23254738,2,1,-0.12835624,0.852921766,-0.374203077,0.016614783,-0.122061515,1.166572345,-0.328917133,0.016718589,2,4,2,3
9.555383267,0,1,8,9.555383267,0.260856175,0.235392939,1,0,-0.718848519,-1.431431818,-1.496030137,0.568279129,-0.579638266,-1.047626308,-1.048282459,0.701259499,1,1,1,3
10.6239483,0,1,4,10.6239483,-1.445339279,-0.130716775,2,1,-0.419180743,-0.654618067,-0.824662714,-0.199506591,-0.363847674,-0.54687175,-0.650048768,-0.18663638,2,2,1,2
7.970650244,0,0,5,8,0.256666398,-0.223677901,1,0,-1.155796203,0.143077329,-0.729067607,0.593525778,-0.855571649,0.150938697,-0.586553884,0.739180535,1,3,1,3
13.01760103,1,2,1,13.01760103,-0.694311953,-0.416833643,0,0,-1.091590005,0.591888556,-0.082136164,-0.003868833,-0.817271414,0.73670235,-0.079462985,-0.003863238,1,3,2,2
9.043039348,0,1,2,9.043039348,-1.691510787,0.147025854,2,1,-0.589108222,-0.432389672,0.526415581,-0.771589969,-0.48948187,-0.379827028,0.659747036,-0.629553427,2,2,3,2
6.667675405,0,0,2,8,0.016366432,-0.609526156,1,0,-0.536869578,-0.158426401,-0.438978042,1.006284907,-0.45184556,-0.150080803,-0.378983721,1.453704623,2,2,2,4
9.945584807,0,1,7,9.945584807,-1.618015147,-0.682938287,0,0,0.697729818,0.17408687,0.502880846,0.699946476,0.941732832,0.185785042,0.623877913,0.906038563,3,3,3,4
14.15399643,1,2,1,14.15399643,0.581152072,-0.416253679,1,0,1.079451097,0.916751671,-0.108439617,0.297165783,1.719583277,1.282827685,-0.103876836,0.331951681,4,4,2,3
10.24635876,0,1,0,10.24635876,0.874996442,0.945946173,1,0,0.468100567,0.44101702,0.558529232,2.253126958,0.572076907,0.519461796,0.709776086,4.97240183,3,3,3,5
10.33240051,0,1,20,10.33240051,1.417882956,0.313252856,1,0,1.260512633,0.67695369,-0.120920103,0.051157789,2.172485184,0.869012962,-0.115301511,0.052147604,4,4,2,3
7.904313829,0,0,0,8,0.344932461,-1.880447284,1,0,0.018193367,0.50734838,0.282816663,-1.034162694,0.01833464,0.612295127,0.319142898,-0.804615143,2,3,3,2
8.182814338,0,0,3,8.182814338,0.637494238,-0.277970437,1,0,-0.849932494,-0.957901059,-1.395409509,-2.005105255,-0.666488511,-0.755125139,-0.992943874,-1.364593616,1,2,1,1
11.27304476,1,2,0,11.27304476,-0.28930306,0.173042361,2,1,-1.293352388,-1.299500623,-0.806984596,-0.974644307,-0.935447796,-0.969428547,-0.638464677,-0.766079671,1,1,1,2
11.11055669,1,2,6,11.11055669,0.166631647,-0.336188074,1,0,-0.797875328,-0.092978826,0.407269954,-0.27528571,-0.632468311,-0.089965776,0.48485082,-0.251946229,1,2,3,2
11.25433325,1,2,7,11.25433325,-1.777853485,-1.343836583,0,0,-0.91099011,-1.549285918,0.827246767,0.45152296,-0.705653375,-1.115632082,1.18105294,0.533891022,1,1,3,3
11.46962525,1,2,8,11.46962525,-0.213199239,-0.309482805,1,0,0.380611618,-1.493971058,0.032344745,-0.921843042,0.447942123,-1.083920874,0.032792743,-0.731357593,3,1,2,2
9.561092844,0,1,21,9.561092844,2.46721593,0.935271772,1,0,-0.711578893,0.578153908,-0.254027622,-0.416773615,-0.574702947,0.716017013,-0.231498801,-0.367519834,1,3,2,2
8.775597933,0,1,2,8.775597933,-0.181632937,0.21230326,2,1,-1.923250613,-0.59961395,-0.86491897,-0.549687488,-1.270361061,-0.506826554,-0.676173441,-0.469774274,1,2,1,2
10.42695981,0,1,0,10.42695981,0.241780999,-0.28081956,1,0,0.245249365,0.555288,-0.787045661,-0.027504081,0.272325069,0.681989937,-0.625315006,-0.027226721,2,3,1,2
9.496606647,0,1,12,9.496606647,0.130785879,-0.512171277,1,0,-1.018777838,-0.788258915,-0.668322561,0.444401703,-0.772989772,-0.641080177,-0.545059912,0.524099274,1,2,2,3
7.217600891,0,0,14,8,0.54589237,-0.313631177,1,0,-0.896001604,-0.174718897,1.238528515,1.01667502,-0.696110365,-0.164681743,2.114289933,1.474137935,1,2,4,4
10.04030309,0,1,0,10.04030309,0.393967924,0.804224206,2,1,-0.98197258,-1.161749267,-0.090047586,-0.164353267,-0.750244799,-0.885214068,-0.086855058,-0.155408326,1,1,2,2
8.667886906,0,1,21,8.667886906,-0.273386278,0.490926311,2,1,0.120607346,-0.819427797,-1.644759295,-0.387244086,0.12696634,-0.662472521,-1.127828531,-0.344017099,2,2,1,2
9.974903431,0,1,18,9.974903431,0.597378768,-0.041933379,1,0,2.186452086,1.066655165,1.779549116,1.299575433,5.625983122,1.5742186,3.841978728,2.081231631,5,4,5,5
8.709916928,0,1,3,8.709916928,-1.80930117,-0.824821797,0,0,-0.329990939,-0.997619668,-0.152721548,-0.508779469,-0.2938032,-0.781029258,-0.143972996,-0.438884631,2,2,2,2
9.907328549,0,1,4,9.907328549,0.929329306,0.999891377,1,0,0.902967876,1.108005534,1.094732705,1.538858925,1.332246646,1.659288596,1.755551937,2.676556546,4,4,4,5
9.241741605,0,1,20,9.241741605,0.194402822,-0.290111857,1,0,0.069583825,1.465468964,0.537858868,0.269323461,0.071675369,2.485537539,0.677429565,0.297765649,2,5,3,3
10.22370242,0,1,9,10.22370242,-0.387239505,-1.287559235,1,0,0.302533597,0.152299701,-0.393355472,-0.164297087,0.344295328,0.161220791,-0.34388559,-0.155357914,3,3,2,2
8.12857156,0,0,6,8.12857156,-1.728926854,-1.652872827,0,0,-0.695321126,-0.872997262,0.570047017,0.373815157,-0.563617741,-0.698765029,0.728028879,0.429557853,1,2,3,3
12.74031726,1,2,13,12.74031726,-1.396940109,0.128916712,2,1,-0.932502272,-1.598689908,1.179499245,0.02280832,-0.719271156,-1.143656225,1.962499659,0.023004144,1,1,4,3
10.18060727,0,1,6,10.18060727,-1.805345015,-0.372989789,0,0,-1.989233355,-0.274171503,-0.693594475,-1.85379886,-1.303027661,-0.251004559,-0.562436515,-1.284217426,1,2,1,1
11.25843092,1,2,4,11.25843092,0.083452996,-1.067385458,1,0,-0.079189606,-0.368109298,0.613316883,0.501256011,-0.076698837,-0.328621684,0.798088431,0.603595734,2,2,3,3
7.201592744,0,0,8,8,0.820134866,0.590249707,1,0,-0.298735223,0.254775958,-1.684579905,-0.616342643,-0.268482692,0.280167569,-1.148700141,-0.519089423,2,3,1,2
13.33962805,1,2,0,13.33962805,1.222992957,-0.011968441,1,0,0.716539717,1.647249834,0.374180174,0.828166691,0.975036458,2.972903717,0.439155457,1.122702137,3,5,3,4
14.11673423,1,2,18,14.11673423,1.744405522,1.060175693,1,0,1.933234463,1.015055232,0.981332115,0.721707164,4.4604879,1.470944076,1.498007824,0.941584208,5,4,4,4
12.10796662,1,2,6,12.10796662,-1.373223956,-1.191395575,0,0,0.042242404,-0.171262833,0.618574518,1.562377881,0.043008301,-0.161596011,0.806763413,2.739400591,2,2,3,5
9.136147107,0,1,8,9.136147107,-0.662833913,-0.215308997,2,1,0.597503167,0.148769161,-0.458738514,0.296498315,0.772209209,0.15727646,-0.393952082,0.331124319,3,3,2,3
9.120533597,0,1,1,9.120533597,-0.842223555,-2.224293549,0,0,-1.023221738,-0.278471486,-2.187182453,-1.585859284,-0.775719252,-0.254635759,-1.398749301,-1.136404641,1,2,1,1
7.800242476,0,0,1,8,-0.52832177,-1.585028487,0,0,0.460738572,-0.367212716,0.515703043,-0.375218747,0.561294177,-0.327897035,0.643337518,-0.334357335,3,2,3,2
10.50613972,0,1,32,10.50613972,-0.622269862,1.471483151,2,1,0.92912583,1.512865157,0.799058472,0.843279353,1.386504958,2.608024803,1.126939018,1.149404291,4,5,3,4
15.94933446,1,2,5,15.94933446,2.366188273,0.106907565,1,0,2.599141905,4.258179725,1.058242371,2.101970595,7.977675099,17.16759149,1.670325617,4.415523895,5,5,4,5
9.499911256,0,1,12,9.499911256,-0.202732619,-0.542942749,1,0,-0.847355884,-1.007593143,-0.362168287,-1.376191757,-0.664818568,-0.787489564,-0.319437656,-1.015161758,1,2,2,1
11.64404386,1,2,18,11.64404386,1.417001969,0.675571768,1,0,0.315329783,-0.167380507,-0.051181828,-1.198262451,0.360836297,-0.158122346,-0.050116987,-0.907807577,3,2,2,1
4.75467562,0,0,0,8,-0.107819643,0.352058331,2,1,-1.219031673,-0.861592082,0.068073958,-0.804275811,-0.89264706,-0.691087187,0.070075012,-0.652099108,1,2,2,2
9.101551671,0,1,1,9.101551671,-1.029071474,-0.615340607,0,0,-0.149452553,0.958260094,0.283635434,0.230716037,-0.141054009,1.360898158,0.320179365,0.251455876,2,4,3,3
12.04232159,1,2,7,12.04232159,-0.394074291,-1.251165919,1,0,-0.940816059,-0.973060869,-1.613857442,-0.79317069,-0.724509503,-0.765045867,-1.111510916,-0.644465151,1,2,1,2
12.11270334,1,2,1,12.11270334,0.488505091,0.749315515,2,1,1.067525768,0.21596633,-0.602959616,-0.084009942,1.691792327,0.234094935,-0.499326416,-0.081533568,4,3,2,2
10.4309372,0,1,0,10.4309372,1.042038827,1.389127858,2,1,0.174028847,1.113198748,2.211930148,0.171196585,0.187435768,1.670119697,5.754148811,0.182504134,2,4,5,3
9.888743096,0,1,0,9.888743096,-0.18084089,0.515348923,2,1,-0.049131891,-0.489358475,-0.331114233,-1.339611499,-0.048148945,-0.424044547,-0.294705346,-0.993446025,2,2,2,1
11.51099687,1,2,14,11.51099687,0.744845505,0.733252354,1,0,0.368803458,0.461469865,1.512168669,1.905812461,0.431844586,0.54764693,2.907372581,3.752024183,3,3,5,5
7.583026432,0,0,17,8,0.095017515,0.773099213,2,1,-0.106457036,-1.370313384,-0.801982665,0.641564996,-0.102052715,-1.011683948,-0.635174365,0.813083392,2,1,1,3
10.20924559,0,1,6,10.20924559,-1.118859388,-0.328904534,0,0,-1.754348121,-0.227138417,-0.775587288,-1.208496023,-1.184859084,-0.210756477,-0.61771717,-0.914103934,1,2,1,1
8.63782134,0,1,11,8.63782134,0.184240548,-0.632178516,1,0,-0.507022139,-0.850194245,0.903487846,-0.030302758,-0.429964541,-0.683388081,1.333314892,-0.029966837,2,2,4,2
9.581664837,0,1,14,9.581664837,-1.80592754,-1.339676959,0,0,-0.374564428,-1.048159538,-0.434796191,-0.21425704,-0.329200871,-0.813588047,-0.375798277,-0.199557461,2,1,2,2
8.672369957,0,1,13,8.672369957,-0.744594991,-0.063928639,2,1,-0.06394148,-0.632929472,0.0906043,1.272682474,-0.062297131,-0.531175431,0.094167868,2.019162639,2,2,2,4
6.394138261,0,0,0,8,-0.812578577,-1.2685857,0,0,-1.8465678,-1.746303055,-0.71086999,-1.085245306,-1.231887788,-1.225801329,-0.574220972,-0.837203163,1,1,1,1
11.53438595,1,2,25,11.53438595,1.86463313,1.711171087,1,0,0.164347282,1.241845442,0.411513562,2.121638878,0.176276827,1.949150124,0.490799271,4.485684935,2,4,3,5
11.95091814,1,2,5,11.95091814,-2.152905781,-1.448022161,0,0,0.010618215,-0.830919223,-1.840608632,-0.929774398,0.010666251,-0.670307566,-1.228874343,-0.736606442,2,2,1,2
9.934741692,0,1,8,9.934741692,-1.074685892,0.67172667,2,1,-1.007775144,1.01941499,0.39934698,-0.517892743,-0.766216405,1.479547589,0.473798825,-0.445808873,1,4,3,2
11.01831767,1,2,2,11.01831767,-0.465103887,0.349952793,2,1,0.497024084,0.510635686,-0.642486242,-0.564399633,0.61505478,0.617003801,-0.527121806,-0.480764905,3,3,2,2
10.18586568,0,1,7,10.18586568,0.783086446,-0.387624572,1,0,-1.467019348,-0.416440374,-1.998231357,-1.821935473,-1.032458798,-0.367256298,-1.307451888,-1.267019838,1,2,1,1
10.32124709,0,1,17,10.32124709,1.050054734,-0.742350694,1,0,0.681006271,0.232606103,0.860779706,0.582332361,0.912525221,0.253693719,1.246947171,0.722290388,3,3,4,3
11.89289961,1,2,1,11.89289961,0.845692873,-0.686555668,1,0,-0.729047637,-0.851035393,0.598093512,-0.572827526,-0.586540395,-0.683957169,0.773169589,-0.487033436,1,2,3,2
9.593134813,0,1,7,9.593134813,-1.215346503,-0.119331227,2,1,-0.174994109,-1.833531824,-0.461965324,-0.522100193,-0.163694908,-1.273290015,-0.396383395,-0.448997303,2,1,2,2
10.5231885,0,1,37,10.5231885,0.690869704,0.215375712,1,0,1.194810077,-1.189153595,-0.86411565,-0.289131843,2.001253092,-0.902190081,-0.675655508,-0.263604295,4,1,1,2
10.73208794,0,1,0,10.73208794,0.954078279,0.14515278,1,0,0.100344945,-0.789170478,-0.211807972,-0.225039177,0.104725906,-0.641708781,-0.195684628,-0.208936716,2,2,2,2
12.18405013,1,2,2,12.18405013,0.413285828,2.202974654,2,1,-0.893599294,-0.719313656,-1.090127509,0.246208696,-0.694576596,-0.592999915,-0.81639102,0.269887874,1,2,1,3
10.81921609,0,1,1,10.81921609,-1.171816154,-0.235346308,0,0,-1.603967696,-1.555654377,-2.298638695,-1.285299833,-1.106265987,-1.119260147,-1.45124227,-0.960872648,1,1,1,1
10.16572796,0,1,23,10.16572796,-0.275724783,-0.632714176,1,0,-0.467814557,-1.293861632,0.087456296,-0.90749945,-0.400781485,-0.966034429,0.09077409,-0.721834787,2,1,2,2
10.88216348,0,1,26,10.88216348,1.679451228,1.417589582,1,0,0.831571505,0.839344036,-0.254029498,0.044351522,1.18945791,1.142426967,-0.231500373,0.045094637,3,4,2,3
10.41566264,0,1,1,10.41566264,0.544084708,-0.163480729,1,0,-0.110368463,-0.929527137,-1.197969906,-0.580543155,-0.10564906,-0.736442988,-0.880367432,-0.492754869,2,2,1,2
10.0243261,0,1,4,10.0243261,0.916812629,-0.354426687,1,0,-0.253690659,0.48103352,-1.603058256,-1.264340859,-0.231216472,0.574971884,-1.105783117,-0.948193564,2,3,1,1
8.312520837,0,1,0,8.312520837,-0.977496073,-2.000218386,0,0,0.469382111,0.901138318,1.214447646,1.383720616,0.573960371,1.253968651,2.051588052,2.28163362,3,4,4,5
12.20946758,1,2,4,12.20946758,0.862689819,0.56281198,1,0,0.347639131,2.25022688,-0.336170659,1.081608407,0.403372722,4.961330003,-0.298759692,1.604742609,3,5,2,4
8.640543495,0,1,5,8.640543495,-1.128486929,-1.146310398,0,0,-0.472952318,-0.672723108,-0.970363382,-0.866722526,-0.404634952,-0.559883687,-0.743018247,-0.694544174,2,2,1,2
9.387019397,0,1,4,9.387019397,-1.348595761,-1.503715642,0,0,0.394770479,-0.033435246,-1.221398083,-0.819100186,0.467446845,-0.033027309,-0.894022516,-0.662248744,3,2,1,2
7.025658959,0,0,6,8,1.115518161,1.331375982,1,0,-0.202897828,-0.892825585,-0.995525475,0.138349512,-0.188009292,-0.71205166,-0.758649319,0.145694169,2,2,1,3
8.501849455,0,1,2,8.501849455,-0.524525104,-1.331356693,0,0,-1.02957225,-1.622600556,-0.281323523,-1.195714843,-0.779613612,-1.157121144,-0.254189301,-0.9062377,1,1,2,1
10.14198806,0,1,2,10.14198806,-1.05042806,-0.918154601,0,0,0.000957252,-0.026937588,-2.342840129,-2.190517484,0.000957642,-0.026671414,-1.471797091,-1.460378095,2,2,1,1
10.86573494,0,1,4,10.86573494,-0.175049642,0.542063222,2,1,-0.365352645,-1.177584977,1.066939348,1.007351314,-0.321951509,-0.895037644,1.690431978,1.455795982,2,1,4,4
11.6543783,1,2,2,11.6543783,1.202328342,-0.561926603,1,0,-0.306683531,0.366139841,0.47972919,1.530887871,-0.274962189,0.419549693,0.589237686,2.655438239,2,3,3,5
15.38404487,1,2,18,15.38404487,1.110523273,1.849782999,2,1,2.274424744,1.509150547,3.185120328,1.261012581,6.077479609,2.59831017,12.51165299,1.992522304,5,5,5,4
9.660610397,0,1,0,9.660610397,-0.473743293,-2.16860165,0,0,-0.543113403,0.29973388,0.145214237,-0.505628299,-0.4563875,0.335138572,0.154486085,-0.43648456,2,3,2,2
3.794301572,0,0,0,8,-1.710595527,-1.692645469,0,0,-1.442024763,-0.896084287,-2.326652098,-1.784176547,-1.018741285,-0.714227867,-1.464286148,-1.246512704,1,2,1,1
11.84527145,1,2,1,11.84527145,-2.432340223,-1.039321853,0,0,-1.844071371,0.523836945,-0.622408681,-1.932654889,-1.230625809,0.63601698,-0.513057369,-1.326366842,1,3,2,1
7.841972816,0,0,10,8,-0.413512274,-0.262716166,1,0,-0.194421966,0.43350532,-0.102277759,-0.603603271,-0.180668729,0.509207554,-0.098199039,-0.509757683,2,3,2,2
8.99404406,0,1,7,8.99404406,0.388990963,1.29122545,2,1,-0.358945544,-0.852895196,0.492429761,-1.216903631,-0.316889349,-0.685214926,0.608162044,-0.919265238,2,2,3,1
8.011436456,0,0,0,8.011436456,-0.706171577,0.030398841,2,1,-0.097482292,1.889779512,0.284618183,0.239246114,-0.09376297,3.700631241,0.321424323,0.261579309,2,5,3,3
11.94109715,1,2,9,11.94109715,0.813026484,0.763035081,1,0,0.987453163,1.41107716,0.90190805,1.246664186,1.511366562,2.348844192,1.330070587,1.960009512,4,5,4,4
9.158502754,0,1,3,9.158502754,-0.114037723,-0.304948372,1,0,-1.074561291,-0.245787437,-0.845026942,-0.537120741,-0.806997877,-0.22683361,-0.663307917,-0.460337307,1,2,1,2
12.33334964,1,2,1,12.33334964,0.180454209,0.028988284,1,0,0.793523019,1.464031212,-0.176992953,0.949559966,1.116447637,2.481871351,-0.165450959,1.344371299,3,5,2,4
11.34299989,1,2,0,11.34299989,-0.181253585,-0.655850773,1,0,-0.852403929,0.051004493,-0.5438854,0.729805116,-0.668088953,0.05198836,-0.456948237,0.954938148,1,3,2,4
9.90447902,0,1,22,9.90447902,0.886492008,0.373595201,1,0,0.874598711,0.31393814,-0.426297889,-0.235273829,1.274590494,0.35286882,-0.369305467,-0.217789506,4,3,2,2
10.20306111,0,1,2,10.20306111,-0.436568988,-0.60855721,1,0,-0.527076019,-0.003661976,-0.660341974,-0.296867765,-0.444697006,-0.003656963,-0.539537972,-0.270082728,2,2,2,2
9.114398848,0,1,15,9.114398848,-2.690429377,-1.786346191,0,0,-0.683208216,-0.575209331,-0.240841878,-1.288992971,-0.555315049,-0.488801395,-0.220409562,-0.963100434,1,2,2,1
11.29311418,1,2,18,11.29311418,0.384150863,-0.123106347,1,0,0.579784849,-0.481503367,1.260595098,1.673676386,0.743589851,-0.418009224,2.172705208,3.047792847,3,2,4,5
8.558107098,0,1,1,8.558107098,0.256934686,-1.442587161,1,0,0.703567855,0.732620103,-0.071977344,0.724942844,0.952017813,0.959596303,-0.069907464,0.946911776,3,4,2,4
11.16276069,1,2,29,11.16276069,-0.018910105,-0.069384184,1,0,-0.424687423,1.167314531,0.990974645,0.172129486,-0.368072099,1.784964253,1.519079418,0.183562372,2,4,4,3
12.14186363,1,2,1,12.14186363,-1.081577381,-2.218498015,0,0,-1.564194596,-0.631809188,-1.77682558,-0.968220749,-1.08505961,-0.530361392,-1.19640062,-0.761882999,1,2,1,2
10.26291291,0,1,0,10.26291291,-0.663862196,1.188363757,2,1,-0.243969893,0.569564266,-1.306458283,-0.456350196,-0.223047961,0.703174684,-0.942912134,-0.398552198,2,3,1,2
11.46505365,1,2,3,11.46505365,0.272950569,0.726346917,2,1,1.675220883,1.013484908,0.807038362,0.783868035,3.45694493,1.467850702,1.142141138,1.045864179,5,4,3,4
13.6390132,1,2,4,13.6390132,-0.237185589,0.282180136,2,1,1.058461778,0.064974046,0.482547751,0.472223436,1.670831283,0.066574369,0.593421027,0.562622262,4,3,3,3
7.574401004,0,0,3,8,1.173421169,-0.231541275,1,0,-0.046296855,-0.303869851,0.499029849,-0.475031826,-0.04542198,-0.275925314,0.618071837,-0.413022427,2,2,3,2
8.876508406,0,1,2,8.876508406,-2.118494844,-1.784840495,0,0,-0.148461722,0.901194405,0.903425459,0.744049045,-0.140168011,1.254071826,1.333186699,0.978594126,2,4,4,4
7.884946956,0,0,0,8,0.053132743,1.346061129,2,1,1.529181824,0.137862938,0.355729665,0.377445135,2.961878957,0.145155436,0.414199365,0.43430952,5,3,3,3
9.012191184,0,1,4,9.012191184,-1.137206384,-1.634794402,0,0,0.009357365,-0.992097533,-1.144366852,-0.061161871,0.00939466,-0.777444733,-0.848803196,-0.059826248,2,2,1,2
9.183657947,0,1,0,9.183657947,-1.546479374,-2.779371265,0,0,-0.034930897,0.159706657,-0.060778366,0.899590684,-0.034428008,0.169528623,-0.059288778,1.251123054,2,3,2,4
11.3044537,1,2,15,11.3044537,-2.082475854,-0.454542663,0,0,-2.715015128,-2.033815762,-0.719336344,-1.355744535,-1.639440117,-1.379614335,-0.579968979,-1.003045104,1,1,1,1
11.44616717,1,2,17,11.44616717,0.047317578,2.003602853,2,1,1.492698516,2.828737603,1.103450153,1.180465384,2.845777906,7.494185381,1.776250918,1.813423683,5,5,4,4
7.805914378,0,0,53,8,-0.56012576,-1.233830722,0,0,1.815509012,1.834584178,0.447453898,0.620460483,3.981079589,3.526887217,0.541995834,0.780332318,5,5,3,3
13.24533901,1,2,24,13.24533901,0.233986016,0.222859316,1,0,1.318884142,1.721564786,-0.099981872,1.332745954,2.331508369,3.186193645,-0.096077122,2.15910175,5,5,2,5
11.35663868,1,2,2,11.35663868,1.0706583,1.436886484,2,1,0.259341512,0.371473233,1.334693595,0.346409668,0.289718889,0.426498531,2.375726298,0.394063854,3,3,5,3
10.66855236,0,1,14,10.66855236,-1.214131735,-1.155211696,0,0,-0.098850444,0.558714372,-0.523213107,-0.578427204,-0.095030143,0.687056251,-0.441869093,-0.491187449,2,3,2,2
8.967220379,0,1,27,8.967220379,0.418535519,0.373050038,1,0,-0.800005938,-1.29146767,-0.365654827,0.354692802,-0.633872506,-0.96459217,-0.322189852,0.404721173,1,1,2,3
12.48036865,1,2,7,12.48036865,-0.083769202,0.375767749,2,1,1.053070422,1.247312362,2.362018985,1.604691541,1.658429365,1.961472509,6.552752924,2.854489776,4,4,5,5
6.847483609,0,0,10,8,-0.900476482,-0.902085532,0,0,-0.526743454,-0.475630165,-0.475927577,-0.467600616,-0.444453731,-0.413484045,-0.406862378,-0.407279804,2,2,2,2
11.55336313,1,2,6,11.55336313,-0.531789203,1.249503304,2,1,-0.382089547,-0.0853377,0.046090134,0.023919384,-0.335098038,-0.08278498,0.047002732,0.024134792,2,2,2,3
9.410361802,0,1,2,9.410361802,-0.428701195,0.104836541,2,1,-1.965503861,-0.616619168,-0.796792665,-1.96395197,-1.291325304,-0.519291503,-0.631754381,-1.342937408,1,2,1,1
8.698262243,0,1,14,8.698262243,-0.679784317,-0.018651654,2,1,-2.447748936,-1.818686945,-2.240263596,-1.537889576,-1.520010643,-1.265261018,-1.42386964,-1.109127993,1,1,1,1
10.75736677,0,1,1,10.75736677,-0.390794226,-1.075218037,1,0,-0.117941976,-0.416776756,0.469442429,0.352677775,-0.112584385,-0.367522317,0.574049066,0.402122977,2,2,3,3